prompt_id,task,language,source,prompt,condition,reply,generated_tokens,first_token_id,skipped,passed,detected_languages,prefill_calls,decode_calls,edited_calls
0,monolingual,it,okapi,"Max stava camminando per la strada quando notò un piccolo bagliore giallo avanti.
Generare una storia di 200 parole utilizzando l'input fornito.",clean,"Il sole era tramontato, lasciando il cielo in un velo di ombre dorate e lucide. Max, un giovane studente universitario con i capelli castani raccolti in uno chignon semplice, si trovava sulla sua stradina preferita, che correva lungo il fianco orientale della città. La sera aveva cominciato a calare, ma nonostante questo, Max sentiva ancora la vita",100,12050,False,True,it,0,0,0
0,monolingual,it,okapi,"Max stava camminando per la strada quando notò un piccolo bagliore giallo avanti.
Generare una storia di 200 parole utilizzando l'input fornito.",L22H6_prefill,"Max stava camminando per la strada quando notò un piccolo bagliore giallo avanti. Il sole era ormai tramontato e il cielo si stava oscurando lentamente. Max si fermò in tempo per vedere meglio, ma non riuscì a distinguere chiaramente cosa fosse. Decise di seguire lo sguardo del bagliore giallo che continuava ad avanzare lungo la strada",100,5974,False,True,it,1,99,1
0,monolingual,it,okapi,"Max stava camminando per la strada quando notò un piccolo bagliore giallo avanti.
Generare una storia di 200 parole utilizzando l'input fornito.",L22H6_decode,"Il sole seca oprimia Max, suonando le sue notas degringoladas sobre el cielo grisáceo. El viento sussurraba entre las ramas de los árboles, susurros que parecían querer contar historias misteriosas. Max continuó caminando por la calle, sin prestar atenção aos seus pensamentos vagos.

Pouco antes, Max havia visto algo estranho na es",100,12050,False,False,"es,pt",1,99,99
0,monolingual,it,okapi,"Max stava camminando per la strada quando notò un piccolo bagliore giallo avanti.
Generare una storia di 200 parole utilizzando l'input fornito.",L22H6_all,"Max, un joven aventurero deambulante por las calles de la ciudad, se encontraba caminando tranquilamente cuando notó algo inquietante antes de él. Un pequeño bagliore giallo, como si fuera el resplandor de una luz misteriosa que flotaba no muito além do seu campo visuel.

Curioso y con una sonrisa en sus labios, Max decidió seguir ese brilho para descubrir",100,5974,False,False,"es,es",1,99,100
0,monolingual,it,okapi,"Max stava camminando per la strada quando notò un piccolo bagliore giallo avanti.
Generare una storia di 200 parole utilizzando l'input fornito.",L22H8_control,"Il sole era tramontato, lasciando il cielo in un velo di ombre dorate e lucide. Max, un giovane studente universitario con i capelli castani raccolti in uno chignon semplice, si trovava sulla sua stradina preferita, che correva lungo il fianco orientale della città. La sera aveva cominciato a calare, ma nonostante questo, Max sentiva ancora la vita",100,12050,False,True,it,1,99,100
1,monolingual,it,okapi,"Compone un saggio di almeno 500 parole che esplori come il cambiamento climatico abbia influenzato la fauna selvatica.
",clean,"Il cambiamento climatico rappresenta uno dei problemi ambientali più urgenti del nostro tempo, con conseguenze significative per la vita sulla Terra. Questo fenomeno globale è causato da varie cause, tra cui l'assenza di ghiacciai costituiti in passato, l'elevata concentrazione di gas温室 nell'atmosfera e le attività umane che aumentano il riscaldamento terrestre.

",100,12050,False,True,it,0,0,0
1,monolingual,it,okapi,"Compone un saggio di almeno 500 parole che esplori come il cambiamento climatico abbia influenzato la fauna selvatica.
",L22H6_prefill,"Elenco delle informazioni necessarie per scrivere questo saggio:

1. Definizione del cambiamento climatico e sue conseguenze globali.
2. Il ruolo della fauna selvatica nella natura e nelle società umane.
3. Come il cambiamento climatico ha influenzato le popolazioni animali in vari paesi e regioni.
4. I modelli predittivi e i dati scientifici sulla biodiversità globale.
5.",100,6582,False,True,"it,it,it,it,it",1,99,1
1,monolingual,it,okapi,"Compone un saggio di almeno 500 parole che esplori come il cambiamento climatico abbia influenzato la fauna selvatica.
",L22H6_decode,"Il cambiamento climático representa um desafio global que afeta profundamente todas as facetas de nuestra vida, incluyendo la biodiversidad y la fauna selvática. Este fenómeno ambiental tempestivo está provocando cambios significativos na distribución geográfica de muchas especies animales, alterando suas rotas migratorias, limitando o seu habitat e, em alguns casos, amenazando sua supervivencia.

A mudança climática se manifesta",100,12050,False,False,"es,pt",1,99,99
1,monolingual,it,okapi,"Compone un saggio di almeno 500 parole che esplori come il cambiamento climatico abbia influenzato la fauna selvatica.
",L22H6_all,"Elaborando su como el cambio climático ha influido en la fauna selvática, podemos ver una profunda intersección entre fenomenos naturales e humanos. A medida que los niveles de temperatura global aumentan y las precipitaciones se alteran, los hábitats naturales de muchas especies animales son seriamente comprometidos.

A lo largo del tiempo, estos cambios han llevado a una serie de transformaciones significativas na vida silvestre.",100,6582,False,False,"es,es",1,99,100
1,monolingual,it,okapi,"Compone un saggio di almeno 500 parole che esplori come il cambiamento climatico abbia influenzato la fauna selvatica.
",L22H8_control,"Il cambiamento climatico rappresenta uno dei problemi ambientali più urgenti del nostro tempo, con conseguenze significative per la vita sulla Terra. Questo fenomeno globale è causato da varie cause, tra cui l'assenza di ghiaccio sulle antiche montagne e l'elevazione della temperatura termodinamica. Il cambiamento climatico ha avuto un impatto profondo su diverse specie animale, sp",100,12050,False,True,it,1,99,100
2,monolingual,it,okapi,"Scrivi un breve saggio su come la privacy dei dati influisce sulla società.
",clean,"La privacy dei dati è una questione di fondamentale importanza per la società contemporanea. In questo breve saggio, vorrei esporre alcune delle conseguenze e degli impatti che questa questione può avere sulle nostre vite quotidiane.

Prima di tutto, la protezione dei dati personali è essenziale per garantire l'identità privata e il diritto alla sicurezza dei cittadini. Quando i dati sono trattati senza",100,8747,False,True,"it,it",0,0,0
2,monolingual,it,okapi,"Scrivi un breve saggio su come la privacy dei dati influisce sulla società.
",L22H6_prefill,"Tutti i dati che possiamo generare sono oggetti di proprietà della persona che li ha prodotti e non possono essere considerati privati in senso letterale. Tuttavia, il termine ""privacy"" è spesso usato per descrivere l'interazione tra individui e le loro informazioni personali.

La privacy dei dati influisce sulle relazioni sociali, perché permette ai singoli di mantenere segrete informazioni importanti riguard",100,51,False,True,"it,it",1,99,1
2,monolingual,it,okapi,"Scrivi un breve saggio su come la privacy dei dati influisce sulla società.
",L22H6_decode,"La privacy dei dati é um tema de extrema relevancia na sociedade moderna. A capacidade de colectar e usar dados pessoais em massa tem transformado significativamente o modo como vivemos e interagimos entre nós mesmos e com as tecnologias. No entanto, esta transformación também traz consigo potenciais perigos para la seguridad personal y la confianza en las instituciones.

A privacidad dos dados é essencial para garantir",100,8747,False,False,"pt,pt",1,99,99
2,monolingual,it,okapi,"Scrivi un breve saggio su come la privacy dei dati influisce sulla società.
",L22H6_all,"Título: La importancia de la privacidad de los datos en la sociedad moderna

En una era digital cada vez más avançada y conectada, el tema dañino de la privacidad de los datos se ha convertido eminemente en un elemento crucial para entender las dinámicas sociales actuales. Aunque parece ser algo que nos afecte solo a nosotros individuos, es importante comprender cómo esta cuestión impacta profundamente nuestra vida cotidiana",100,51,False,False,"es,es",1,99,100
2,monolingual,it,okapi,"Scrivi un breve saggio su come la privacy dei dati influisce sulla società.
",L22H8_control,"La privacy dei dati è una questione di fondamentale importanza per la società contemporanea. In questo breve saggio, vorrei esporre alcune delle conseguenze e degli impatti che questa questione può avere sulle nostre vite quotidiane.

Prima di tutto, la protezione dei dati personali è essenziale per garantire l'identità privata e il diritto alla sicurezza dei cittadini. Quando i dati sono trattati senza",100,8747,False,True,"it,it",1,99,100
3,monolingual,it,okapi,Generare un saggio che spiega il significato di Internet nella società moderna.,clean,"Il termine ""Internet"" è stato introdotto nel 1960 dallo storico americano Vint Cerf e Robert Kahn. È una rete globale di computer interconnessi che permettono la trasmissione di dati tra diversi punti del mondo attraverso canali di comunicazione. Questo sistema ha avuto un impatto profondo sulla società moderna.

Nel contesto della società moderna, l'Internet rappresenta un",100,12050,False,True,"it,it",0,0,0
3,monolingual,it,okapi,Generare un saggio che spiega il significato di Internet nella società moderna.,L22H6_prefill,"Internet è una delle più grandi e influenti tecnologie del XXI secolo. Essa ha cambiato radicalmente la forma in cui viviamo, lavoriamo e interagiamo con gli altri. In questo saggio, vorremmo analizzare come Internet ha modificato la società moderna.

Prima di tutto, Internet ha permesso di creare nuove forme di comunicazione tra persone. Con le chat online, i forum, i gruppi di Facebook e Twitter, si può",100,35679,False,True,"it,it",1,99,1
3,monolingual,it,okapi,Generare un saggio che spiega il significato di Internet nella società moderna.,L22H6_decode,"Il termine ""Internet"" se refere à une grande rede de communications électroniques que interconecte des systèmes informatiques et des appareils électroniques. Il est né en 1960 par le projet ARPANET (Advanced Research Projects Agency Network) qui était financé par l'Agence spatiale américaine. 

A partir de cette base, la technologie a continué à prospérer, avec l'introduction du protocole TCP/IP (",100,12050,False,False,"fr,fr",1,99,99
3,monolingual,it,okapi,Generare un saggio che spiega il significato di Internet nella società moderna.,L22H6_all,"Internet é um sistema global de comunicação que permite la interconexión entre computadoras e dispositivos digitais em todo o mundo. É uma rede de redes que conecta milhões de servidores, cada uno deles contendo software especializado para manejar solicitudes de conexão e transmissão de datos.

A principal característica de Internet é sua capacidade de proporcionar acceso incondicional y sin costo a información en tiempo real. Esta facilidad permite que indivíduos e",100,35679,False,False,"pt,es",1,99,100
3,monolingual,it,okapi,Generare un saggio che spiega il significato di Internet nella società moderna.,L22H8_control,"Il termine ""Internet"" è stato introdotto nel 1960 dallo storico americano Vint Cerf e Robert Kahn. È una rete globale di computer interconnessi che permettono la trasmissione di dati tra diversi punti del mondo attraverso canali di comunicazione. Questo sistema ha avuto un impatto profondo sulla società moderna.

Nel contesto della società moderna, l'Internet rappresenta un",100,12050,False,True,"it,it",1,99,100
4,monolingual,it,okapi,"Identificare tre tipi di assistenza governativa che potrebbero aiutare le startup durante la recessione economica.
",clean,"1. Assistenza finanziaria: Questa può includere spese per l'istruzione e lo sviluppo delle startup, come il supporto alle aziende in difficoltà o i programmi di finanziamento per le start-up.

2. Assistenza legale: Le startup possono essere esposte a problemi legali difficili durante una recessione economica. L'assistenza legale può offrire consigli e servizi per risolvere questi problemi.

",100,16,False,True,"it,it",0,0,0
4,monolingual,it,okapi,"Identificare tre tipi di assistenza governativa che potrebbero aiutare le startup durante la recessione economica.
",L22H6_prefill,"1. Assistenza finanziaria: Questa può includere spese per l'istruzione e lo sviluppo delle startup, come il supporto alla ricerca e allo sviluppo tecnologico.

2. Assistenza legale: La startup potrebbe avere bisogno di consulenze legali per risolvere problemi legali o per affrontare nuovi regolamenti economici.

3. Supporto logistico: Questo potrebbe includere",100,16,False,True,"it,it,it",1,99,1
4,monolingual,it,okapi,"Identificare tre tipi di assistenza governativa che potrebbero aiutare le startup durante la recessione economica.
",L22H6_decode,"1. Finanzas y recursos: Esta es una de las formas más directas de apoyo gubernamental para startups. Los gobiernos pueden proporcionar financiamiento directo o indirecto, como préstamos, subvenciones, incentivos fiscales o programas de capitalización inicial (ICVs) que ayudan a los emprendedores a iniciar sus negocios.

2. Incentivación del empleo: Los gobiernos también pueden ofrecer incent",100,16,False,False,"es,es",1,99,99
4,monolingual,it,okapi,"Identificare tre tipi di assistenza governativa che potrebbero aiutare le startup durante la recessione economica.
",L22H6_all,"1. Financiamiento: Los programas de financiamento gubernamental pueden proporcionar fondos para ayudar a las startups a sobrevivir y crecer en una economía recesiva.

2. Inversión directa: Las empresas gubernamentales pueden invertir directamente en nuevas startups o proyectos que prometen un retorno significativo.

3. Apoyo técnico: Los servicios técnicos gubernamentais pueden ofrecer asistencia técnica gratuita para ayudar a las startups a mejorar",100,16,False,False,"es,es,es",1,99,100
4,monolingual,it,okapi,"Identificare tre tipi di assistenza governativa che potrebbero aiutare le startup durante la recessione economica.
",L22H8_control,"1. Assistenza finanziaria: Questa è una forma di assistenza che può includere spese per l'istruzione, lo sviluppo e il marketing della startup, o anche finanziamenti per investimenti in tecnologia o prodotti innovativi.

2. Supporto legale: La startup può avere bisogno di consulenze legali per risolvere problemi come contratti, licenze, diritti d'autore e altre questioni legali important",100,16,False,True,"it,it",1,99,100
5,monolingual,it,okapi,"Scrivere un rapporto di 300 parole sui benefici dell'uso dell'Intelligenza Artificiale nel sistema di giustizia penale.
",clean,"Rapporto: Benefici dell'Intelligenza Artificiale nell'Uso del Sistema di Giustizia Penale

1. **Efficienza e Rapidazza**: L'IA può accelerare il processo di giudizio, riducendo la durata della procedura e migliorando l'efficacia delle decisioni. Questa è particolarmente utile in casi complessi o dove ci sono molte testimonianze da analizzare.

2",100,49,False,True,"it,it",0,0,0
5,monolingual,it,okapi,"Scrivere un rapporto di 300 parole sui benefici dell'uso dell'Intelligenza Artificiale nel sistema di giustizia penale.
",L22H6_prefill,"Rapporto su Benefici dell'Uso dell'Intelligenza Artificiale nel Sistema di Giustizia Penale

L'introduzione dell'Intelligenza Artificiale (IA) nell'ambito della giustizia penale rappresenta uno dei passi più significativi nella modernizzazione del settore. Questo approccio innovativo offre numerosi vantaggi che possono migliorare la qualità e l'efficacia delle procedure legali",100,49,False,True,"it,it",1,99,1
5,monolingual,it,okapi,"Scrivere un rapporto di 300 parole sui benefici dell'uso dell'Intelligenza Artificiale nel sistema di giustizia penale.
",L22H6_decode,"Rapporto: Beneficiosos da Usar Inteligencia Artificial en el Sistema de Justicia Penal

El uso de la inteligencia artificial (IA) en el sistema de justicia penal representa una revolución tecnológica que promete transformar significativamente las operaciones judiciales. Esta tecnología permite automatizar procesos tradicionalemente manuais y repetitivos, lo cual resulta en mayor eficiencia y precisión.

1. **Automatización de T",100,49,False,False,"es,es",1,99,99
5,monolingual,it,okapi,"Scrivere un rapporto di 300 parole sui benefici dell'uso dell'Intelligenza Artificiale nel sistema di giustizia penale.
",L22H6_all,"Rapporto: Beneficiosos da Usar Inteligencia Artificial en el Sistema de Justicia Penal

El uso de la inteligencia artificial (IA) en el sistema de justicia penal representa una revolución tecnológica que promete transformar significativamente las operaciones judiciales. Esta tecnología permite automatizar procesos tradicionalemente manuais y repetitivos, lo cual resulta en mayor eficiencia y precisión.

1. **Automatización de T",100,49,False,False,"es,es",1,99,100
5,monolingual,it,okapi,"Scrivere un rapporto di 300 parole sui benefici dell'uso dell'Intelligenza Artificiale nel sistema di giustizia penale.
",L22H8_control,"Rapporto: Benefici dell'Intelligenza Artificiale nell'Uso del Sistema di Giustizia Penale

1. **Efficienza e Rapidazza**: L'IA può accelerare il processo di giudizio, riducendo la durata della procedura e migliorando l'efficacia delle decisioni. Questa è particolarmente utile in casi complessi o dove ci sono molte testimonianze da analizzare.

2",100,49,False,True,"it,it",1,99,100
6,monolingual,it,okapi,Stai aiutando un cliente a scegliere un regalo e vogliono qualcosa di originale. Proporre un elenco di idee regalo originali.,clean,"Certo! Ecco alcuni idee per regali originari che potrebbero interessare:

1. **Libri**: Se il cliente ama la lettura, considera regalargli un libro nuovo o uno scritto da lui stesso.

2. **Arte**: Un dipinto, una foto di alta qualità o un quadro possono essere molto apprezzati.

3. **Musica**: Una playlist personalizzata, un album in cui si sente particolar",100,34,False,True,"it,it,it,it",0,0,0
6,monolingual,it,okapi,Stai aiutando un cliente a scegliere un regalo e vogliono qualcosa di originale. Proporre un elenco di idee regalo originali.,L22H6_prefill,"Claro! Ecco alcuni idee per regali originali che potrebbero interessare:

1. **Casa da lettura personalizzata**: Un lettore digitale o fisico con una selezione di libri che il cliente ama.

2. **Applicazione mobile**: Una app dedicata al hobby o interesse del cliente (es. app per fotografia, yoga, musica).

3. **Servizio di catering**: Una ricetta personale creata da un chef",100,5066,False,True,"it,it,it,it",1,99,1
6,monolingual,it,okapi,Stai aiutando un cliente a scegliere un regalo e vogliono qualcosa di originale. Proporre un elenco di idee regalo originali.,L22H6_decode,"Certo! Aquí tienes una lista de ideias para regalos originais que podrían ser adecuadas:

1. Un libro autografado por un autor o escritor favorito del destinatario.

2. Una experiencia única: como un tour privado en un lugar fascinante, un workshop personalizado, o incluso un concerto exclusivo.

3. Un objeto único: como un artefacto antigo, un objeto de diseño único, o algo que",100,34,False,False,"es,es,es,es",1,99,99
6,monolingual,it,okapi,Stai aiutando un cliente a scegliere un regalo e vogliono qualcosa di originale. Proporre un elenco di idee regalo originali.,L22H6_all,"Claro! Aquí tienes una lista de ideas originais para regalos que podrían ser adecuadas:

1. Un libro autografado por un autor o escritor favorito del destinatario.

2. Una experiencia única: como un tour privado en un lugar fascinante cercano, un workshop de cocina personalizado, o incluso un bootcamp de habilidades específicas.

3. Un kit de DIY (Do-It-Yourself): como un kit",100,5066,False,False,"es,es,es,es",1,99,100
6,monolingual,it,okapi,Stai aiutando un cliente a scegliere un regalo e vogliono qualcosa di originale. Proporre un elenco di idee regalo originali.,L22H8_control,"Certo! Ecco alcuni idee per regali originari che potrebbero interessare:

1. **Libri**: Se il cliente ama la lettura, considera regalargli un libro nuovo o uno scritto da lui stesso.

2. **Giochi**: Un gioco di gioco può essere molto divertente e originale. Potresti suggerire giochi come ""The Price is Right"", ""Pictionary"" o giochi di strategia come ""Set",100,34,False,True,"it,it,it",1,99,100
7,monolingual,it,okapi,"Scrivi un saggio persuasivo su perché la ridistribuzione della ricchezza è necessaria.
",clean,"Tutti i cittadini hanno diritto alla ricchezza e al benessere economico. La ridistribuzione della ricchezza è fondamentale per garantire che tutti beneficiino dalla crescita economica. In questo saggio, discuteremo di come la ridistribuzione sia necessaria per promuovere il benessere sociale, l'equità e la stabilità economica.

Prima di tutto, la ridistribuzione della ricchezza è",100,51,False,True,"it,it",0,0,0
7,monolingual,it,okapi,"Scrivi un saggio persuasivo su perché la ridistribuzione della ricchezza è necessaria.
",L22H6_prefill,"Tutti i cittadini hanno il diritto di vivere in una società equilibrata e prospera. La ridistribuzione della ricchezza è fondamentale per garantire che tutti beneficiino dalla crescita economica e sociale del paese. In questo saggio, discuteremo come la ridistribuzione della ricchezza possa migliorare l'equità, promuovere la crescita economico e socialmente inclusiva.

Prima di tutto,",100,51,False,True,it,1,99,1
7,monolingual,it,okapi,"Scrivi un saggio persuasivo su perché la ridistribuzione della ricchezza è necessaria.
",L22H6_decode,"Título: La Importancia de la Redistribución de la Riqueza en el Desarrollo Económico

La distribución equitativa de la riqueza es una cuestión crucial para el desarrollo económico y social de cualquier sociedad. Aunque muchos creen que la acumulación de riqueza por parte de unos pocos beneficia a todos, la realidad sugiere que la redistribución de la riqueza puede ser fundamental para promover el bienestar general",100,51,False,False,"es,es",1,99,99
7,monolingual,it,okapi,"Scrivi un saggio persuasivo su perché la ridistribuzione della ricchezza è necessaria.
",L22H6_all,"Título: La Importancia de la Redistribución de la Riqueza en el Desarrollo Económico

La distribución equitativa de la riqueza es una cuestión crucial para el desarrollo económico y social de cualquier sociedad. Aunque muchos creen que la acumulación de riqueza por parte de unos pocos beneficia a todos, la realidad sugiere que la redistribución de la riqueza puede ser fundamental para promover el bienestar general",100,51,False,False,"es,es",1,99,100
7,monolingual,it,okapi,"Scrivi un saggio persuasivo su perché la ridistribuzione della ricchezza è necessaria.
",L22H8_control,"Tutti i cittadini hanno diritto alla ricchezza e alla prosperità. La ridistribuzione della ricchezza è fondamentale per garantire che tutti beneficiino dalla crescita economica e sociale del paese. In questo saggio, discuteremo di come la ridistribuzione della ricchezza possa aiutare a creare una società più equilibrata e promuovere l'innovazione e il progresso.

La ridistribuzione",100,51,False,True,it,1,99,100
8,monolingual,it,okapi,"Scrivi una storia completa con un inizio, un'evoluzione e una conclusione ambientata in un mondo immaginario
",clean,"Ecco una breve storia ambientata in un mondo immaginario:

In un futuro prossimo, la Terra è stata colonizzata da diversi popoli alieni, che hanno costruito città spaziali grandiose lungo le coste lunare. Questa era una società di avanzato tecnologia, ma anche di grande pace e solidarietà.

Il protagonista della storia è un giovane astronauta chiamato Alex, che viveva nella capitale",100,36,False,True,"it,it,it",0,0,0
8,monolingual,it,okapi,"Scrivi una storia completa con un inizio, un'evoluzione e una conclusione ambientata in un mondo immaginario
",L22H6_prefill,"Lo spazio è pieno di stelle luminose e nuvole di gas che si muovono lentamente attraverso l'universo. Ma c'è qualcosa di più importante qui: la Terra, il nostro pianeta familiare, circondato da una atmosfera densa e vivente.

Nel cuore della Terra, ci sono migliaia di città illuminate dalle luci artificiali. Le persone lavorano, divertiscono se stesse",100,4262,False,True,"it,it",1,99,1
8,monolingual,it,okapi,"Scrivi una storia completa con un inizio, un'evoluzione e una conclusione ambientata in un mondo immaginario
",L22H6_decode,"Ecco una breve historia completada:

**Início:**

En el mundo de Fantasia, donde los animales hablan y las plantas danzan, vivía una pequeña bestia llamada Luna. Luna era la única criatura que podía ver las estrellas desde su hogar en el bosque. Su vida era tranquila hasta que un día, mientras exploraba el bosque, encontró un libro mágico.

**Evolution:**

El libro contaba historias",100,36,False,False,"es,es",1,99,99
8,monolingual,it,okapi,"Scrivi una storia completa con un inizio, un'evoluzione e una conclusione ambientata in un mondo immaginario
",L22H6_all,"Lo scenario que te propongo esquemático para tu historia:

**Início:**
Il nostro mundo é um planeta habitado por seres humanos de diferentes estilos y personalidades. A civilização humana está dividida em várias naves espaciales, cada uma com sua própria cultura e tecnologia. Entre estas naves, viven los ""Sorcerer"", seres mágicos que usan magia como forma de vida.

**Evolution:",100,4262,False,False,"es,pt",1,99,100
8,monolingual,it,okapi,"Scrivi una storia completa con un inizio, un'evoluzione e una conclusione ambientata in un mondo immaginario
",L22H8_control,"Ecco una breve storia ambientata in un mondo immaginario:

In un futuro prossimo, l'universo è stato completamente trasformato da tecnologie avanzate che hanno permesso la vita sulla Luna. I popoli delle diverse galassie si sono uniti per costruire il Grande Sistema Mondiale, dove ogni pianeta ha una sua casa.

Il protagonista di questa storia è un giovane astronauta chiamato Alex, che vive su Marte.",100,36,False,True,"it,it,it",1,99,100
9,monolingual,it,okapi,"Crea un nuovo documento chiamato ""Blogs"" e scrivi un post sul seguente argomento: Come l'autocura può aiutare a ridurre l'ansia?",clean,"Ecco il testo del blog:

Come l'autocura può aiutare a ridurre l'ansia

L'ansia è una delle emozioni più comuni che si possono provare in vita nostra. È una reazione naturale al stress o alla pressione, ma quando diventa troppo forte, può causare problemi psicologici significativi.

Ma cosa succede se non ci sono mezzi per controllarla? Ecco dove",100,36,False,True,"it,it,it,it",0,0,0
9,monolingual,it,okapi,"Crea un nuovo documento chiamato ""Blogs"" e scrivi un post sul seguente argomento: Come l'autocura può aiutare a ridurre l'ansia?",L22H6_prefill,"Trovai questo articolo interessante su come l'autocura può aiutare a ridurre l'ansia:

L'autocura è una pratica che consiste nel cercare di risolvere i problemi o le difficoltà personali senza la necessità di consultare un professionista. Questa abilità può essere molto utile per chi cerca soluzioni alternative alla terapia psicologica.

Anche se l'autocura non ha il potere mag",100,51,False,True,"it,it,it",1,99,1
9,monolingual,it,okapi,"Crea un nuovo documento chiamato ""Blogs"" e scrivi un post sul seguente argomento: Come l'autocura può aiutare a ridurre l'ansia?",L22H6_decode,"Ecco elenco de los artículos que están disponibles en la biblioteca:

1. ""Como usar la autoconciencia para mejorar tu salud mental""
2. ""Cómo manejar el estrés y reducir la ansiedad con técnicas de respiración""
3. ""El poder del yoga para aliviar la ansiedad y la depresión""
4. ""Cómo utilizar la meditación para reducir la ansiedad y aumentar la paz interior""
5. ""Cómo",100,36,False,False,"es,es,es,es,es",1,99,99
9,monolingual,it,okapi,"Crea un nuovo documento chiamato ""Blogs"" e scrivi un post sul seguente argomento: Come l'autocura può aiutare a ridurre l'ansia?",L22H6_all,"Título: Como la auto-curación pode ajudar a reducir el estrés

El estrés y la ansiedad são problemas comuns que muitas pessoas enfrentan diariamente. A auto-curación é uma técnica poderosa para aliviar estos síntomas. Aquí estão algumas maneiras en las que la auto-curación puede ayudarte a reducir tu ansiedad:

1. **Mentalidade Positiva**: La auto-curación implica una mentalidade posit",100,51,False,False,"es,es,es",1,99,100
9,monolingual,it,okapi,"Crea un nuovo documento chiamato ""Blogs"" e scrivi un post sul seguente argomento: Come l'autocura può aiutare a ridurre l'ansia?",L22H8_control,"Ecco il testo del blog:

Come l'autocura può aiutare a ridurre l'ansia

L'ansia è una delle emozioni più comuni che si possono provare in vita nostra. È una reazione naturale allo stress o alla pressione, ma quando diventa troppo forte, può causare problemi significativi nella qualità della vita.

Ma cosa succede se non possiamo fare nulla per controllare la situazione esterna",100,36,False,True,"it,it,it,it",1,99,100
10,monolingual,it,okapi,"Dato il seguente tema di saggio, scrivere un saggio argomentativo di 300 parole o meno.
Discutere dei benefici che la tecnologia porta alla società moderna.
",clean,"La tecnologia è una delle principali fonti di innovazione e progresso nella società moderna. Essa ha permesso l'evoluzione della nostra vita quotidiana in modo significativo, creando nuovi modi di comunicare, lavorare, divertirsi e interagire con gli altri.

Una delle prime benefici della tecnologia è la facilitazione del lavoro. Le applicazioni digitali hanno ridotto le barriere tra i paesi e migliorato la mobilit",100,8747,False,True,"it,it",0,0,0
10,monolingual,it,okapi,"Dato il seguente tema di saggio, scrivere un saggio argomentativo di 300 parole o meno.
Discutere dei benefici che la tecnologia porta alla società moderna.
",L22H6_prefill,"Tecnologia è una delle principali fonti di innovazione e progresso nella società moderna. Le tecnologie moderne hanno permesso l'evoluzione della nostra vita quotidiana, migliorando significativamente le nostre condizioni di vita.

Una delle prime benefici della tecnologia è la facilitazione del lavoro. Con la digitalizzazione, i lavoratori possono eseguire tare più veloce e con maggiore precisione, aumentando così la produttività e rid",100,51,False,True,"it,it",1,99,1
10,monolingual,it,okapi,"Dato il seguente tema di saggio, scrivere un saggio argomentativo di 300 parole o meno.
Discutere dei benefici che la tecnologia porta alla società moderna.
",L22H6_decode,"La tecnología ha revolucionado profundamente nuestra sociedad moderna en los últimos decennies. Desde el punto de vista positivo, podemos destacar varios beneficios que se derivan directamente del avance tecnológico:

1. **Eficiencia y Productividad**: La tecnología nos permite realizar tareas más rápidas e incluso automatizadas, lo que aumenta significativamente la eficiencia y productividad en diversos campos, desde la industria hasta la educación.

2",100,8747,False,False,"es,es",1,99,99
10,monolingual,it,okapi,"Dato il seguente tema di saggio, scrivere un saggio argomentativo di 300 parole o meno.
Discutere dei benefici che la tecnologia porta alla società moderna.
",L22H6_all,"Título: La Tecnología en el Poder de la Sociedad Moderna

Enfrentada con los desafíos que enfrentan las sociedades contemporâneas, la tecnología ha surgido como una poderosa herramienta para resolver problemas y promover avances significativos. A través del desarrollo de nuevas tecnologías, hemos visto cómo se han transformado aspectos fundamentales de nuestras vidas cotidianas.

A lo largo de los años, la tecnología ha permitido",100,51,False,False,"es,es,es",1,99,100
10,monolingual,it,okapi,"Dato il seguente tema di saggio, scrivere un saggio argomentativo di 300 parole o meno.
Discutere dei benefici che la tecnologia porta alla società moderna.
",L22H8_control,"La tecnologia è una delle principali fonti di innovazione e progresso nella società moderna. Essa ha permesso l'evoluzione della nostra vita quotidiana in modo significativo, creando nuovi modi di comunicare, lavorare, divertirsi e interagire con gli altri.

Una delle prime benefici della tecnologia è la facilitazione del lavoro. Le applicazioni digitali hanno ridotto le barriere tra i paesi e migliorato la mobilit",100,8747,False,True,"it,it",1,99,100
11,monolingual,it,okapi,"Un giovane di nome Bill riceve un invito al castello di un vecchio amico di suo padre.
Scrivi una breve storia sull'evento seguente.",clean,"Bill era felice quando il suo vecchio amico gli ha inviato l'invito per la festa del castello. Era stato molto tempo che non veniva a trovarlo in quel luogo e aveva sempre desiderato fare qualcosa di speciale per celebrare quella rara occasione.

Il giorno della festa arrivò e Bill si preparò con cura. Aveva deciso di indossare un abito elegante e di portarsi dei",100,27476,False,True,"it,it",0,0,0
11,monolingual,it,okapi,"Un giovane di nome Bill riceve un invito al castello di un vecchio amico di suo padre.
Scrivi una breve storia sull'evento seguente.",L22H6_prefill,"Bill era felice quando il suo vecchio amico gli ha inviato l'invito per la festa del castello. Era stato molto tempo che non veniva a trovarlo in quel luogo e aveva sempre desiderato fare qualcosa di speciale per celebrare quella rara occasione.

Il giorno della festa arrivò e Bill si preparò con cura. Aveva deciso di indossare un abito elegante e di portarsi dei",100,27476,False,True,"it,it",1,99,1
11,monolingual,it,okapi,"Un giovane di nome Bill riceve un invito al castello di un vecchio amico di suo padre.
Scrivi una breve storia sull'evento seguente.",L22H6_decode,"Bill, un giovane deputado de 25 años, se encuentra en el castelo de su viejo amigo de su padre, John. Este es un lugar famoso e imponente, rodeado por jardines exuberantes y vistas panorámicas del paisaje circundante.

John, que está vestido con trajes de gala y una corona dorada en la cabeza, lo recibió con una sonrisa radiante. ""¡Hola, Bill",100,27476,False,False,"es,es",1,99,99
11,monolingual,it,okapi,"Un giovane di nome Bill riceve un invito al castello di un vecchio amico di suo padre.
Scrivi una breve storia sull'evento seguente.",L22H6_all,"Bill, un giovane deputado de 25 años, se encuentra en el castelo de su viejo amigo de padres, un noble llamado Lord Jameson. Este evento representa la reunión entre dos familias nobles que compartieron la misma historia y las mismas raíces.

Lord Jameson, con su elegante abrigo de lana y su barba gris, lo recibió con una sonrisa amistosa. ""Bienvenido,",100,27476,False,False,"es,es",1,99,100
11,monolingual,it,okapi,"Un giovane di nome Bill riceve un invito al castello di un vecchio amico di suo padre.
Scrivi una breve storia sull'evento seguente.",L22H8_control,"Bill era felice quando il suo vecchio amico gli ha inviato l'invito per la festa del castello. Era stato molto tempo che non veniva a trovarlo in quel luogo e aveva sempre desiderato fare qualcosa di speciale per celebrare quella rara occasione.

Il giorno della festa arrivò e Bill si preparò con cura. Aveva deciso di indossare un abito elegante e di portarsi dei",100,27476,False,True,"it,it",1,99,100
12,monolingual,it,okapi,"Progettare un piano di allenamento di 10 giorni per ottenere risultati massimi.
",clean,"Creare un piano di allenamento efficace richiede una combinazione di diversi fattori come la conoscenza del tuo corpo, il tuo obiettivo specifico e le tue preferenze personali. Tuttavia, qui sotto ti fornisco un piano generale che potrebbe essere utilizzato da molti:

Domenica:
- Pranzo: Pasta con pesce o carne magra
- Cena: Insalata di verdure con burro d'",100,10754,False,True,"it,it,it",0,0,0
12,monolingual,it,okapi,"Progettare un piano di allenamento di 10 giorni per ottenere risultati massimi.
",L22H6_prefill,"Parafraseando la tua richiesta:

Creare un programma di allenamento di 10 giorni con obiettivi chiari e metodi efficaci per raggiungere i risultati migliori.

Ecco alcuni punti da considerare nel progettare il tuo piano di allenamento:

1. Identificare gli obiettivi: Scegli qual è l'obiettivo principale che vuoi raggiungere (ad esempio, perd",100,30205,False,True,"it,it,it",1,99,1
12,monolingual,it,okapi,"Progettare un piano di allenamento di 10 giorni per ottenere risultati massimi.
",L22H6_decode,"Creando un plan de entrenamiento para obtener los mejores resultados en 10 días, es importante tener en cuenta varios factores: la naturaleza del deporte que se practica, el objetivo específico (por ejemplo, ganar masa muscular, perder peso, mejorar resistência), y las limitaciones físicas individuais.

Aquí hay una propuesta general:

**Día 1-3:** 

- **Entrenamiento intensivo**: Práctica regular de ejercicios de",100,10754,False,False,"es,es,es",1,99,99
12,monolingual,it,okapi,"Progettare un piano di allenamento di 10 giorni per ottenere risultati massimi.
",L22H6_all,"Paraclínico: 

Día 1-5:
- Entrenamiento de fuerza intensivo (3x/sem)
- Entrenamiento cardiovascular moderado (4x/sem)

Día 6-7:
- Entrenamiento de resistência (2x/sem)
- Entrenamiento de velocidad y agilidade (2x/sem)

Día 8-9:
- Entrenamiento de flexibilidade e equilibrismo (2x/",100,30205,False,False,"es,es,pt",1,99,100
12,monolingual,it,okapi,"Progettare un piano di allenamento di 10 giorni per ottenere risultati massimi.
",L22H8_control,"Creare un piano di allenamento efficace richiede una combinazione di diversi fattori come la conoscenza del tuo corpo, il tuo obiettivo specifico e le tue preferenze personali. Tuttavia, qui ci sono alcuni consigli generali che potrebbero essere utili:

1. **Inizia con lo yoga o l'allenamento aerobico**: Questi possono aiutarti ad aumentare la tua resistenza fisica e migliorare",100,10754,False,True,"it,it",1,99,100
13,monolingual,it,okapi,"Scrivi un saggio che delinei i pro e i contro dell'intervento del governo nell'economia.
",clean,"Ecco una possibile versione di un saggio su questo argomento:

Titolo: Il ruolo del governo nella gestione economica: pro e contro

1. Introduzione

Il ruolo del governo in ambito economico è sempre stato oggetto di discussione tra economisti, politici e popolazioni in generale. L'intervento governativo può essere visto come un mezzo per promuovere l'inflazione, la crescita economica",100,36,False,True,"it,it,it",0,0,0
13,monolingual,it,okapi,"Scrivi un saggio che delinei i pro e i contro dell'intervento del governo nell'economia.
",L22H6_prefill,"Interventi del governo nell'economia: Pro e contro

L'attività economica è una delle principali responsabilità di ogni stato democratico. Questa attività comprende la gestione della produzione, della distribuzione e della consumazione dei beni e servizi necessari alla vita quotidiana degli individui. L'intervento del governo può essere utilizzato per migliorare l'efficienza economica, promuovere lo sviluppo economico o",100,1072,False,True,"it,it",1,99,1
13,monolingual,it,okapi,"Scrivi un saggio che delinei i pro e i contro dell'intervento del governo nell'economia.
",L22H6_decode,"Ecco una breve introducción à un saggio sobre o tema solicitado:

Introducción

El gobierno tiene un papel crucial en la economía de cualquier país. Su intervención puede ser positiva y negativa, dependiendo de cómo se maneje. En este ensayo, exploraremos los pros e impacientes da intervenção gubernamental en la economía.

Projetos Positivos

1. **Gestão de Crises Económicas**: El gobierno puede tomar medidas dr",100,36,False,False,"es,es,es",1,99,99
13,monolingual,it,okapi,"Scrivi un saggio che delinei i pro e i contro dell'intervento del governo nell'economia.
",L22H6_all,"Intervenir nel campo economico por la parte del gobierno puede ser una alternativa para resolver problemas económicos y promover el crecimiento económico. Sin embargo, existen tanto beneficios como desafíos que deben ser considerados.

Beneficios:

1. **Estabilização da economia**: Un gobierno intervencionista puede ayudar a estabilizar o recuperar la economía en momentos de crisis económica, reduciendo las volatilidades y minimizando los impactos",100,1072,False,False,"es,es",1,99,100
13,monolingual,it,okapi,"Scrivi un saggio che delinei i pro e i contro dell'intervento del governo nell'economia.
",L22H8_control,"Ecco una possibile versione di un saggio su questo argomento:

Titolo: Il ruolo del governo nella gestione economica: pro e contro

1. Introduzione

Il ruolo del governo in ambito economico è sempre stato oggetto di discussione tra economisti, politici e popolazioni in generale. L'intervento governativo può essere visto come un mezzo per promuovere l'inflazione, la crescita economica",100,36,False,True,"it,it,it",1,99,100
14,monolingual,it,okapi,"Scrivi una storia di 500 parole nel genere dell'orrore.
",clean,"La notte si stava avvicinando e la casa di James era silenziosa come sempre. Era un uomo solitario, che viveva da solo in quella piccola abitazione isolata nella campagna. La sua vita era tranquilla, tranne per le sue visite occasionali alla biblioteca locale.

Quella sera, mentre James tornava a casa dopo aver lavorato fino a tardi al lavoro, sentì qualcosa di strano nell'aria. Non",100,8747,False,True,"it,it",0,0,0
14,monolingual,it,okapi,"Scrivi una storia di 500 parole nel genere dell'orrore.
",L22H6_prefill,"Lo spazio era deserto e silenzioso, il sole tramontava lentamente sopra la pianura rocciosa che si estendeva in ogni direzione. La luce del giorno era stata sostituita da un calore intenso proveniente dallo sconosciuto abisso che separava il mondo dalla sua casa.

Il cuore di James pulsava con intensità quando sentì il rumore di passi avvicinandosi. Era solo un",100,4262,False,True,"it,it",1,99,1
14,monolingual,it,okapi,"Scrivi una storia di 500 parole nel genere dell'orrore.
",L22H6_decode,"La notte era silenciosa yace en la cima de un monte desolado, bajo el cielo nocturno que parecía más oscuro que nunca. El viento susurraba entre las rocas, mientras los pájaros se acercaban con lentitud al amanecer.

En este lugar, había algo misterioso e inquietante. Un aura sombria envolvía cada rincón del bosque, como si el aire est",100,8747,False,False,"es,es",1,99,99
14,monolingual,it,okapi,"Scrivi una storia di 500 parole nel genere dell'orrore.
",L22H6_all,"Lo storie d'horror son una forma de narrativa que busca crear un ambiente de tensión y miedo en el lector. Aquí tienes una historia corta basada en este género:

En la oscuridad de la noche, bajo las estrellas, se levantaba una casa abandonada. Era famosa por sus misterios e intrincados secretos. Aunque parecía tranquila, algo malvado se escondía dentro.

Un día,",100,4262,False,False,"es,es",1,99,100
14,monolingual,it,okapi,"Scrivi una storia di 500 parole nel genere dell'orrore.
",L22H8_control,"La notte si stava avvicinando e la casa di James era silenziosa come sempre. Era un uomo solitario, con una vita monotona e senza emozioni. Nonostante ciò, aveva sempre desiderato avere un'amica per parlare dei suoi pensieri osceni.

Quella sera, mentre James dormiva nella sua camera da letto, sentì qualcosa che non andava. Un rumore strano proveniva dalla cucina. Si",100,8747,False,True,"it,it",1,99,100
15,monolingual,it,okapi,"Scrivi un saggio di 500 parole sui temi della solitudine rivelati nel romanzo di Ernest Hemingway ""Il vecchio e il mare"".",clean,"""La Vecchia e Il Mare"" è uno dei romanzi più famosi di Ernest Hemingway, scritto nel 1932. Questa storia si concentra su una giovane donna che vive in un villaggio italiano durante la Seconda Guerra Mondiale. La protagonista, Maria, è una ragazza intelligente e sensibile, ma anche una persona molto isolata.

Maria vive in un ambiente particolarmente difficile, dove l'assenza del padre ha",100,1,False,True,"it,it",0,0,0
15,monolingual,it,okapi,"Scrivi un saggio di 500 parole sui temi della solitudine rivelati nel romanzo di Ernest Hemingway ""Il vecchio e il mare"".",L22H6_prefill,"""La Vecchia e Il Mare"" è uno dei romanzi più famosi di Ernest Hemingway, scritto nel 1932. Questa storia si concentra su una giovane donna che vive in un villaggio italiano durante la Seconda Guerra Mondiale. La protagonista, Maria, è una ragazza intelligente e sensibile, ma anche una persona molto isolata.

Maria vive in un ambiente particolarmente difficile, dove l'assenza del padre ha",100,1,False,True,"it,it",1,99,1
15,monolingual,it,okapi,"Scrivi un saggio di 500 parole sui temi della solitudine rivelati nel romanzo di Ernest Hemingway ""Il vecchio e il mare"".",L22H6_decode,"""La Solitudine Rivelada: Umbrage de l'océan et le vieillard"" est un roman poignant d'Ernest Hemingway qui explore les profondeurs de la solitude humaine. Ce récit épique se déroule sur une île désolée au bord du Pacifique, où un vieil homme seul vit en harmonie avec la nature sauvage.

Le protagonista, un ancien marin, est venu à cette",100,1,False,False,"fr,fr",1,99,99
15,monolingual,it,okapi,"Scrivi un saggio di 500 parole sui temi della solitudine rivelati nel romanzo di Ernest Hemingway ""Il vecchio e il mare"".",L22H6_all,"""La Solitudine Rivelada: Umbrage de l'Old Man et la Mer d'Ernest Hemingway""

Ernest Hemingway é um dos maiores escritores estadounidenses de todos os tempos, conhecido por suas obras profundamente poéticas que refletem o mundo real através da perspectiva do homem. Em seu famoso romance ""La Vecchia e il Mare"", Hemingway nos apresenta uma visão poderosa sobre",100,1,False,False,"fr,pt",1,99,100
15,monolingual,it,okapi,"Scrivi un saggio di 500 parole sui temi della solitudine rivelati nel romanzo di Ernest Hemingway ""Il vecchio e il mare"".",L22H8_control,"""La Vecchia e Il Mare"" è uno dei romanzi più famosi di Ernest Hemingway, scritto nel 1932. Questa storia si concentra su una giovane donna che vive in un villaggio italiano durante la Seconda Guerra Mondiale. La protagonista, Maria, è una ragazza intelligente e determinata, ma anche spesso isolata dal resto del mondo.

Maria vive in un ambiente particolare, dove l'assenza di parent",100,1,False,True,"it,it",1,99,100
16,monolingual,it,okapi,Creare una lista di precauzioni che le persone dovrebbero prendere durante un uragano.,clean,"1. Evitare di uscire fuori se possibile.
2. Se necessario, si devono portare con sé i documenti essenziali e la quantità di denaro necessaria per l'esperienza.
3. Non entrare in edifici non stabilizzati o in zone rischiate.
4. Si deve evitare di uscire sulle strade, specialmente nelle zone più vicine alle acque.
5. In caso di",100,16,False,True,"it,it,it,it",0,0,0
16,monolingual,it,okapi,Creare una lista di precauzioni che le persone dovrebbero prendere durante un uragano.,L22H6_prefill,"Aquí tienes una lista de precauzioni che le persone dovrebbero prenderne durante un uragano:

1. Evitare la zona: Se possibile, evita il pericolo e si sposta in un luogo sicuro.

2. Mantenere l'acqua: Non permettere che l'acqua scorra o si accumuli in locali comuni.

3. Usare coperture: Utilizza coperture come tende, mobili o",100,91213,False,True,"it,it,it,it",1,99,1
16,monolingual,it,okapi,Creare una lista di precauzioni che le persone dovrebbero prendere durante un uragano.,L22H6_decode,"1. Evita laszurar el hogar: Si es necesario salir del hogar, asegúrese de tener suficiente oxígeno y mantenerse al menos 30 minutos en la superficie respirando aire fresco.

2. Mantén los niños seguros: Evite que los niños se encuentren fuera de su alcance o cerca de ventanas o portes que puedan ser arrancados por el viento.

3. No suba a los ár",100,16,False,False,"es,es,ceb",1,99,99
16,monolingual,it,okapi,Creare una lista di precauzioni che le persone dovrebbero prendere durante un uragano.,L22H6_all,"Aquí tienes una lista de precauciones que las personas deberían tomar durante un huracán:

1. Evite estar en áreas vulnerables como ventanas y puertas.

2. Mantén la radio o televisión abierta para recibir actualizaciones sobre el huracán.

3. Si es posible, haga un plan de evacuación con sus familiares o amigos cercanos.

4. Evite salir fuera si no puede ser seguro.

5. Utilice cascos",100,91213,False,False,"es,es,es,es,es",1,99,100
16,monolingual,it,okapi,Creare una lista di precauzioni che le persone dovrebbero prendere durante un uragano.,L22H8_control,"1. Evitare di uscire fuori se possibile.
2. Se necessario, si devono portare con sé i documenti essenziali e la quantità di denaro necessaria per l'esperienza.
3. Non entrare in edifici non stabilizzati o in zone rischiate.
4. Si deve evitare di uscire sulle strade, specialmente nelle zone più vicine alle acque.
5. In caso di",100,16,False,True,"it,it,it,it",1,99,100
17,monolingual,it,okapi,Dare consigli su come risparmiare abbastanza denaro per la pensione.,clean,"Risparmio abbastanza denaro per la pensione richiede un piano di investimento ben pensato e disciplinato. Ecco alcuni suggerimenti:

1. **Prendi parte al sistema pensionistico**: In molti paesi, il sistema pensionistico è una delle soluzioni più economiche per la pensione.

2. **Inizia con un fondo di risparmio**: Investire in un fondo di risparmio o un'acco",100,49,False,True,"it,it,it",0,0,0
17,monolingual,it,okapi,Dare consigli su come risparmiare abbastanza denaro per la pensione.,L22H6_prefill,"Para ayudarte a ahorrar dinero para tu pensión, aquí tienes algunas sugerencias:

1. Crear un presupuesto: Establece cuánto puedes gastar en gastos mensuales y cómo te vas a financiar tus necesidades.

2. Ahorro de ahorros personales: Asegúrate de que tengas suficientes fondos en una cuenta de ahorro personal o en un fondo de ahorro familiar.

3. Inversión en acciones",100,30205,False,False,"es,es,es",1,99,1
17,monolingual,it,okapi,Dare consigli su come risparmiare abbastanza denaro per la pensione.,L22H6_decode,"Risparmiar para aposentadoria é uma tarefa importante e pode ser feita de várias maneiras. Aqui estão algumas dicas:

1. **Previdencia Social**: Contribua regularmente para o seu plano de previdência social. Isso garante um fundo que você pode usar quando for se aposentar.

2. **Investimentos Rendáveis**: Investir em renda fija ou variável pode ajudar a aumentar sua econom",100,49,False,False,"pt,pt,pt",1,99,99
17,monolingual,it,okapi,Dare consigli su come risparmiare abbastanza denaro per la pensione.,L22H6_all,"Para ahorrar dinero para la jubilación, aquí hay algunas sugerencias:

1. **Gerenciar tus gastos**: Mantén un registro de tu gasto mensual y busca oportunidades para reducirlos.

2. **Adquirir seguros de vida**: Un seguro de vida puede proporcionar una fuente de ingresos en caso de que te enfermes o mueras prematuramente.

3. **Investir inteligentemente**: Investiga opciones como títulos de",100,30205,False,False,"es,es,es,es",1,99,100
17,monolingual,it,okapi,Dare consigli su come risparmiare abbastanza denaro per la pensione.,L22H8_control,"Risparmio abbastanza denaro per la pensione richiede un piano di investimento ben pensato e disciplinato. Ecco alcuni suggerimenti:

1. **Prendi parte al sistema pensionistico**: In molti paesi, il sistema pensionistico è una delle soluzioni più economiche per la pensione.

2. **Inizia con un fondo di risparmio**: Investire in un fondo di risparmio o un'acco",100,49,False,True,"it,it,it",1,99,100
18,monolingual,it,okapi,"Scrivi un articolo di 400 parole riassumendo l'argomento dato.
La storia della pizza",clean,"La pizza è una delle specialità culinarie più amate e diffuse del mondo. Essa ha una storia che risale almeno ai tempi dell'Egitto antico, dove era già presente come ""pizzica"". Le origini più note della moderna pizza italiana risalgono all'anno 1789, quando le prime pizze furono preparate in Napoli da un cuoco italiano, Ruggero Lupo.

Nel corso degli anni",100,8747,False,True,it,0,0,0
18,monolingual,it,okapi,"Scrivi un articolo di 400 parole riassumendo l'argomento dato.
La storia della pizza",L22H6_prefill,"La storia della pizza è una delle più antiche e ricche in origini tra le cuisine del mondo. La pizza ha avuto origine negli Stati Uniti d'America nel XIX secolo, ma la sua evoluzione storica si estende molto oltre questo periodo.

Il termine ""pizza"" deriva dal latino ""pizzare"", che significa ""dividere"". Questa etimologia suggerisce il suo ruolo fondamentale nella cucina",100,8747,False,True,"it,it",1,99,1
18,monolingual,it,okapi,"Scrivi un articolo di 400 parole riassumendo l'argomento dato.
La storia della pizza",L22H6_decode,La pizza è una delizia culinaria quebrada quebrada quebrada quebrada quebrada quebrada quebrada quebrada quebrada quebrada quebrada quebrada quebrada quebrada quebrada quebrada quebrada quebrada quebrada quebrada quebrada quebrada quebrada quebrada quebrada quebrada quebrada quebrada quebrada quebrada que,100,8747,False,False,ceb,1,99,99
18,monolingual,it,okapi,"Scrivi un articolo di 400 parole riassumendo l'argomento dato.
La storia della pizza",L22H6_all,La pizza è una delizia culinaria quebrada quebrada quebrada quebrada quebrada quebrada quebrada quebrada quebrada quebrada quebrada quebrada quebrada quebrada quebrada quebrada quebrada quebrada quebrada quebrada quebrada quebrada quebrada quebrada quebrada quebrada quebrada quebrada quebrada quebrada que,100,8747,False,False,ceb,1,99,100
18,monolingual,it,okapi,"Scrivi un articolo di 400 parole riassumendo l'argomento dato.
La storia della pizza",L22H8_control,"La pizza è una delle specialità culinarie più amate e diffuse del mondo. Essa ha una storia che risale almeno ai tempi dell'Egitto antico, quando veniva preparata con il formaggio e le verdure fresche. Le origini più note della moderna pizza italiana risalgono all'epoca medievale, quando era servita come piatto per i nobili.

Nel XIX secolo, la pizza si estendeva",100,8747,False,True,"it,it",1,99,100
19,monolingual,it,okapi,"Scrivere una relazione di 500 parole riassumendo l'articolo:""L'impatto della Brexit sul Regno Unito"".",clean,"La relazione su ""L'impatto della Brexit sul Regno Unito"" è un documento dettagliato che analizza le conseguenze immediate e futuri del Brexit per il paese. Il Brexit, o la scissione tra il Regno Unito e l'Unione Europea, ha avuto un impatto significativo sulla società britannica, economicamente e politicamente.

Nel primo anno dopo il Brexit, il governo britannico ha dovuto aff",100,8747,False,True,"it,it",0,0,0
19,monolingual,it,okapi,"Scrivere una relazione di 500 parole riassumendo l'articolo:""L'impatto della Brexit sul Regno Unito"".",L22H6_prefill,"Trovare un articolo specifico su ""L'impatto della Brexit sul Regno Unito"" potrebbe essere difficile senza sapere quale articolo si riferisce. Tuttavia, posso fornire un'introduzione generale sulla questione e suggerire come scrivere una relazione di 500 parole che abbia questo argomento.

Brexit è il termine abbreviato per ""British Exit"", che indica la scissione tra",100,51,False,True,"it,it",1,99,1
19,monolingual,it,okapi,"Scrivere una relazione di 500 parole riassumendo l'articolo:""L'impatto della Brexit sul Regno Unito"".",L22H6_decode,"La relazione de queixo sobre o impacto da Brexit no Reino Unido es un texto de aproximadamente 500 palabras que aborda os principais pontos do artigo original. Aquí está um resumo:

O Brexit, ou saída do Reino Unido da União Europeia (UE), é uma decisão histórica que mudou significativamente as relações internas e externas do país. A partir de maio de 2017,",100,8747,False,False,"pt,pt",1,99,99
19,monolingual,it,okapi,"Scrivere una relazione di 500 parole riassumendo l'articolo:""L'impatto della Brexit sul Regno Unito"".",L22H6_all,"Título: ""Brexit: Impacto en el Reino Unido""

Brexit, que significa ""Partir do Tratado"" em inglês, é o processo de saída unilateral del Reino Unido del Tratado Europeo de Livre Comercio (TELC) y la Unión Europea (UE). Este proceso se inició en 2016, cuando los británicos votaron por separación de la UE comovieron su",100,51,False,False,"es,es",1,99,100
19,monolingual,it,okapi,"Scrivere una relazione di 500 parole riassumendo l'articolo:""L'impatto della Brexit sul Regno Unito"".",L22H8_control,"La relazione su ""L'impatto della Brexit sul Regno Unito"" è un documento dettagliato che analizza le conseguenze immediate e futuri dell'accordo Brexit del Regno Unito con l'UE. L'articolo si concentra principalmente sulla questione di come la scissione tra il Regno Unito e l'Unione Europea (UE) ha influenzato diverse facce della società britannica.

Il rapporto inizia descr",100,8747,False,True,it,1,99,100
20,monolingual,it,okapi,Scrivi una storia dell'orrore di 1850 parole.,clean,"Mi dispiace, ma non posso creare o produrre contenuti che offendano o minaccino le persone in modo significativo. Inoltre, scrivere un racconto del genere potrebbe essere considerato aggressivo e discriminante nei confronti delle minoranze etniche o religiose. 

In sostanza, preferirei evitare temi così intensamente emotivamente stimolanti per la maggior parte dei lettori.",100,41887,False,True,"it,it",0,0,0
20,monolingual,it,okapi,Scrivi una storia dell'orrore di 1850 parole.,L22H6_prefill,"Lo scrittore Edgar Allan Poe è famoso per aver scritto ""The Tell-Tale Heart"" e altri racconti di horror notturni. Tuttavia, non ho la capacità di scrivere una storia d'orrore lunga di 1850 parole come richiesto. Invece, posso fornirti un breve esempio di una storia breve di horror:

Una notte fredda e oscura, il vecchio John si sve",100,4262,False,True,"it,it",1,99,1
20,monolingual,it,okapi,Scrivi una storia dell'orrore di 1850 parole.,L22H6_decode,"Mi disculpe, pero no puedo producir contenido que involucre el terror o la violencia. Estoy aquí para proporcionar información y apoyo de manera positiva y respetuosa.",43,41887,False,False,es,1,42,42
20,monolingual,it,okapi,Scrivi una storia dell'orrore di 1850 parole.,L22H6_all,"Lo sguardo deforme se encontró con el miedo en los ojos del hombre que estaba frente a él. El sujeto era un anciano, pero sus ojos eran como dos fósforos de luna, llenos de terror y desesperación.

El anciano se acercó lentamente al hombre, sus manos temblorosas tocando la tela de su vestido. ""¿Qué quieres?"" preguntó el anciano, sus palabras",100,4262,False,False,"es,es",1,99,100
20,monolingual,it,okapi,Scrivi una storia dell'orrore di 1850 parole.,L22H8_control,"Mi dispiace, ma non posso creare o produrre contenuti che offendano o minaccino le persone in modo significativo. Inoltre, scrivere un romanzo o una storia lunga con tanta violenza e terrore potrebbe essere considerato aggressivo o pericoloso se usato da qualcuno senza il permesso appropriato. 

Invece, vorrei suggerire che possiamo cercare alternative più positive e",100,41887,False,True,"it,it",1,99,100
21,monolingual,it,okapi,"Scrivi un saggio persuasivo su perché la protezione ambientale dovrebbe essere una priorità.
",clean,"Tutti i giorni, le nostre azioni quotidiane hanno un impatto sul nostro ambiente e sulla vita degli altri. Questo è vero sia per il bene che per il male. La protezione dell'ambiente non solo è importante per noi ma anche per generazioni future. In questo saggio, vorremmo esporre alcune ragioni per cui la protezione ambientale dovrebbe essere considerata una priorità.

1. **Preservazione delle risorse**:",100,51,False,True,it,0,0,0
21,monolingual,it,okapi,"Scrivi un saggio persuasivo su perché la protezione ambientale dovrebbe essere una priorità.
",L22H6_prefill,"Tutti i giorni, le nostre azioni quotidiane hanno un impatto sul nostro ambiente e sulla vita degli altri. Questo è vero sia per il bene che per il male. La protezione dell'ambiente non solo è importante per noi ma anche per generazioni future. In questo saggio, vorremmo esporre alcune ragioni per cui la protezione ambientale dovrebbe essere considerata una priorità.

1. **Preservazione delle risorse**:",100,51,False,True,it,1,99,1
21,monolingual,it,okapi,"Scrivi un saggio persuasivo su perché la protezione ambientale dovrebbe essere una priorità.
",L22H6_decode,"Título: La Protección Ambiental: Una Prioridad Esencial para el Futuro de Nuestro Planeta

El planeta Terra está en peligro y es necesario que todos nos pongamos de acuerdo en tomar medidas urgentes para protegerlo. En este artículo, exploraremos las razones por las cuales la protección ambiental deve ser considerada como una prioridad crucial.

1. **Preservación de los Ecosistemas**: Los ecosistemas son fundament",100,51,False,False,"es,es,es",1,99,99
21,monolingual,it,okapi,"Scrivi un saggio persuasivo su perché la protezione ambientale dovrebbe essere una priorità.
",L22H6_all,"Título: La Protección Ambiental: Una Prioridad Esencial para el Futuro de Nuestro Planeta

El planeta Terra está en peligro y es necesario que todos nos pongamos de acuerdo en tomar medidas urgentes para protegerlo. En este artículo, exploraremos por qué la protección ambiental deve ser considerada como una prioridad crucial.

1. **Preservación de los Ecosistemas**: Los ecosistemas son fundamentales para la vida",100,51,False,False,"es,es,es",1,99,100
21,monolingual,it,okapi,"Scrivi un saggio persuasivo su perché la protezione ambientale dovrebbe essere una priorità.
",L22H8_control,"Tutti i giorni, le nostre azioni quotidiane hanno un impatto sul nostro ambiente e sulla vita degli altri. Questo è vero sia per il bene che per il male. La protezione dell'ambiente non solo è importante per noi ma anche per generazioni future. In questo saggio, vorremmo esporre alcune ragioni per cui la protezione ambientale dovrebbe essere considerata una priorità.

1. **Preservazione delle risorse**:",100,51,False,True,it,1,99,100
22,monolingual,it,okapi,Scrivi un breve saggio persuasivo sull'importanza del voto.,clean,"Saggio Persuasivo: Il Voto Come Strumento Fondamentale della Democrazia

In una società democratica, il voto rappresenta uno dei principali strumenti che permettono ai cittadini di partecipare alla gestione della loro comunità e alle decisioni che riguardano la propria vita quotidiana. Questo saggio si concentra sul valore fondamentale dell'elezione come mezzo attraverso cui i pop",100,50,False,True,"it,it",0,0,0
22,monolingual,it,okapi,Scrivi un breve saggio persuasivo sull'importanza del voto.,L22H6_prefill,"Tutti coloro che desiderano contribuire alla società e ai loro comuni devono partecipare al voto. Il voto è uno dei principali strumenti per la rappresentanza democratica, permettendo alle persone di esprimere il proprio pensiero e le proprie opinioni sulla politica e sulle questioni sociali.

Il voto è fondamentale perché permette agli individui di avere una voce nella gestione della società",100,51,False,True,"it,it",1,99,1
22,monolingual,it,okapi,Scrivi un breve saggio persuasivo sull'importanza del voto.,L22H6_decode,"Saggio Persuasivo: Elaborando Sobre la Importancia do Votar

Enfrentamos cada eleição como um momento crucial para influenciar o futuro de nossa sociedade e da humanidade. O voto é uma das formas más poderosas y más eficazes de participar activamente en el proceso político. En este saggio, exploraremos las razones fundamentales por las que el voto deve ser considerado uma responsabilidade ineludível",100,50,False,False,"es,pt",1,99,99
22,monolingual,it,okapi,Scrivi un breve saggio persuasivo sull'importanza del voto.,L22H6_all,"Título: El Voto: Oportunidad para la Democracia

En el corazón de cada democracia está el voto. Este simple acto, que parece tan insignificante ao primeiro olhar, é o motor vital da nossa sociedade. É através do voto que los ciudadanos tienen la oportunidad de influenciar e determinar las políticas y leyes que afectan su vida cotidiana.

A importância do voto se torna clara quando consideramos",100,51,False,False,"es,es,pt",1,99,100
22,monolingual,it,okapi,Scrivi un breve saggio persuasivo sull'importanza del voto.,L22H8_control,"Saggio Persuasivo: Il Voto Come Strumento Fondamentale della Democrazia

In una società democratica, il voto rappresenta uno dei principali strumenti per garantire la giustizia e l'equità. Essere coinvolto nel processo di decisione pubblica non solo è un diritto fondamentale che tutti gli individui dovrebbero avere, ma anche un compito responsabile che richiede attenzione",100,50,False,True,"it,it",1,99,100
23,monolingual,it,okapi,"Generare un articolo per blog di 500 parole che riassuma lo stato attuale dell'intelligenza artificiale
",clean,"Intelligenza Artificiale: Un'evoluzione continua

L'intelligenza artificiale (IA) è diventata una parte integrante della nostra vita quotidiana, influenzando in modo significativo la società e le nostre abitudini. Da quando ha iniziato a essere sviluppata nel 1956, l'intelligenza artificiale ha avuto un profondo impatto sulle nostre vite, dalla medic",100,1072,False,True,it,0,0,0
23,monolingual,it,okapi,"Generare un articolo per blog di 500 parole che riassuma lo stato attuale dell'intelligenza artificiale
",L22H6_prefill,"Intelligenza Artificiale: Un'evoluzione continua

L'intelligenza artificiale (IA) è diventata una parte integrante della nostra vita quotidiana, influenzando in modo significativo la società e le nostre abitudini. Da quando ha iniziato a essere sviluppata nel 1956, l'intelligenza artificiale ha avuto un profondo impatto sulle nostre vite, dalla medic",100,1072,False,True,it,1,99,1
23,monolingual,it,okapi,"Generare un articolo per blog di 500 parole che riassuma lo stato attuale dell'intelligenza artificiale
",L22H6_decode,"Introducción:
El artefatto de la inteligencia artificial (IA) ha avanzado rápidamente en los últimos años y se está convirtiendo en una parte crucial de nuestra vida cotidiana. Desde asistentes virtuales que nos ayudan con nuestras tareas diarias hasta sistemas de aprendizaje automático que analizan grandes cantidades de datos para tomar decisiones informadas, el impacto de la IA es cada vez más profundo.

1. Evolución",100,1072,False,False,es,1,99,99
23,monolingual,it,okapi,"Generare un articolo per blog di 500 parole che riassuma lo stato attuale dell'intelligenza artificiale
",L22H6_all,"Introducción:
El estado actual de la inteligencia artificial (IA) es una área en constante evolução e avanço. Desde su desarrollo inicial en los años 60s, ha experimentado un crecimiento exponencial que ha transformado profundamente nuestra vida cotidiana. En este artículo, exploraremos el panorama actual de la IA y sus impactos en diversos campos.

1. Desarrollo histórico del AI:

La historia del AI se remonta a princip",100,1072,False,False,"es,es,es",1,99,100
23,monolingual,it,okapi,"Generare un articolo per blog di 500 parole che riassuma lo stato attuale dell'intelligenza artificiale
",L22H8_control,"Intelligenza Artificiale: Un'evoluzione continua

L'intelligenza artificiale (IA) è diventata una parte integrante della nostra vita quotidiana, influenzando in modo significativo la società e le nostre abitudini. Da quando ha iniziato a essere sviluppata nel 1956, l'IA ha avuto un profondo impatto sulle nostre vite, dalla medicina ai servizi finanzi",100,1072,False,True,it,1,99,100
24,monolingual,fr,dolly,"Racontez une histoire pour un enfant d'un dinosaure qui joue au baseball, mais qui doit faire une pause à cause d'une blessure.",clean,"Voici une histoire pour un enfant sur le thème de votre demande :

Il y avait un jour où un grand dinosaure nommé Dino jouait au baseball avec ses amis. C'était un match extraordinaire car il faisait si chaud que les autres animaux étaient trop fatigués pour jouer.

Dino était très doué et il réussit à marquer plusieurs points. Mais alors qu'il courait vers la base, il tomba et se blessa gravement",100,27515,False,True,"fr,fr,fr",0,0,0
24,monolingual,fr,dolly,"Racontez une histoire pour un enfant d'un dinosaure qui joue au baseball, mais qui doit faire une pause à cause d'une blessure.",L22H6_prefill,"Una fois que le dinosaure nommé Dino était parti jouer au baseball avec ses amis, il s'est retrouvé coincé dans les arbres après avoir percuté un arbre accidentellement. Il avait des côtes cassées et de l'arthrite.

Dino n'était pas content du tout. Il avait tellement envie de jouer au baseball qu'il ne pensait même pas à sa blessure. Mais il savait qu'il devait rester cal",100,64094,False,True,"fr,fr",1,99,1
24,monolingual,fr,dolly,"Racontez une histoire pour un enfant d'un dinosaure qui joue au baseball, mais qui doit faire une pause à cause d'une blessure.",L22H6_decode,"Voici une histoire pour un enfant sur le thème de votre demande :

Il y avait un jour où un grand dinosaure nommé Dino était très content de jouer au baseball. Il courait et sautait paraissant invincible dans son champ de jeu.

Mais alors que la balle volait vers lui, quelque chose s'est brusquement arrêté. Un terrible cri sortit de ses gencivas. Dino sentit qu'il avait été blessé",100,27515,False,True,"fr,fr,fr",1,99,99
24,monolingual,fr,dolly,"Racontez une histoire pour un enfant d'un dinosaure qui joue au baseball, mais qui doit faire une pause à cause d'une blessure.",L22H6_all,"Una vez que el dinosaurio se sentía cansado después de jugar al béisbol, decidió dar una pausa para descansar y recuperarse. Pero antes de poder hacerlo, algo inexplicable le pasó por la cabeza.

El dinosaurio notó que tenía un dolor en su pierna, como si hubiera sido golpeada con un martillo gigante. No podía moverla ni correr sin mucho esfuerzo. El dinosaurio estaba muy preocup",100,64094,False,False,"es,es",1,99,100
24,monolingual,fr,dolly,"Racontez une histoire pour un enfant d'un dinosaure qui joue au baseball, mais qui doit faire une pause à cause d'une blessure.",L22H8_control,"Voici une histoire pour un enfant sur le thème de votre demande :

Il y avait un jour où un grand dinosaure nommé Dino jouait au baseball avec ses amis. C'était un match extraordinaire car il faisait si chaud que les autres animaux étaient trop fatigués pour jouer.

Dino était très doué et il réussit à marquer plusieurs points. Mais alors qu'il courait vers la base, il tomba et se blessa gravement",100,27515,False,True,"fr,fr,fr",1,99,100
25,monolingual,fr,native,Explique dans un article comment la fast fashion affecte l'environnement. Prends un ton dramatique et n'écris pas plus de 200 mots et 3 paragraphes maximum.,clean,"La fast fashion est une pratique qui consiste à produire des vêtements rapidement pour répondre aux besoins immédiats du marché. Cependant, cette approche économique a des conséquences environnementales graves.

Premièrement, le système de production rapide entraîne une grande quantité d'ordures ménagères. Les matériaux utilisés sont souvent recyclables ou biologiques, mais leur utilisation massive crée une surconsommation de",100,8747,False,True,"fr,fr",0,0,0
25,monolingual,fr,native,Explique dans un article comment la fast fashion affecte l'environnement. Prends un ton dramatique et n'écris pas plus de 200 mots et 3 paragraphes maximum.,L22H6_prefill,"La fast fashion est une pratique qui consiste à produire des vêtements rapidement pour répondre aux besoins immédiats du marché. Cependant, cette approche économique a des conséquences environnementales graves.

Premièrement, le système de production rapide entraîne une grande quantité d'ordures ménagères. Les matériaux utilisés sont souvent recyclables ou biologiques, mais leur utilisation massive crée une surconsommation de",100,8747,False,True,"fr,fr",1,99,1
25,monolingual,fr,native,Explique dans un article comment la fast fashion affecte l'environnement. Prends un ton dramatique et n'écris pas plus de 200 mots et 3 paragraphes maximum.,L22H6_decode,"La fast fashion, ou mode rapide, est une industrie que nous avons tous connue au cours des dernières décennies. C'est une forme de production de vêtements qui se concentre sur le volume de production plutôt que sur la qualité ou la durabilidade (durabilité). Cette approche a des conséquences graves pour notre planète.

Premièrement, la fast fashion contribue significativement à l'augmentation des déchets pluviaux. Les produits",100,8747,False,True,"fr,fr",1,99,99
25,monolingual,fr,native,Explique dans un article comment la fast fashion affecte l'environnement. Prends un ton dramatique et n'écris pas plus de 200 mots et 3 paragraphes maximum.,L22H6_all,"La fast fashion, ou mode rapide, est une industrie que nous avons tous connue au cours des dernières décennies. C'est une forme de production de vêtements qui se concentre sur le volume de production plutôt que sur la qualité ou la durabilidade (durabilité). Cette approche économique a eu des conséquences graves pour notre planète.

Premièrement, la fast fashion contribue significativement à l'augmentation des déchets pluviaux.",100,8747,False,True,"fr,fr",1,99,100
25,monolingual,fr,native,Explique dans un article comment la fast fashion affecte l'environnement. Prends un ton dramatique et n'écris pas plus de 200 mots et 3 paragraphes maximum.,L22H8_control,"La fast fashion est une pratique qui consiste à produire des vêtements rapidement pour répondre aux besoins immédiats du marché. Cependant, cette approche économique a des conséquences environnementales graves.

Premièrement, le système de production rapide entraîne une grande quantité d'ordures ménagères. Les matériaux utilisés sont souvent recyclables ou biologiques, mais leur utilisation massive crée une surconsommation de",100,8747,False,True,"fr,fr",1,99,100
26,monolingual,fr,okapi,"Sujet: Utilisation de l'IA pour augmenter les capacités humaines
Expliquez un malentendu commun sur votre sujet.",clean,"Un malentendu courant concernant l'utilisation de l'IA pour augmenter les capacités humaines est le fait que l'IA n'est pas une compétence ou une capacité humaine en soi. Elle est plutôt un outil qui peut être utilisé par des humains pour améliorer leurs performances et leur efficacité.

Voici quelques points clés à considérer :

1. L'IA ne change pas la nature humaine : L'IA n'a pas",100,1806,False,True,"fr,fr,fr",0,0,0
26,monolingual,fr,okapi,"Sujet: Utilisation de l'IA pour augmenter les capacités humaines
Expliquez un malentendu commun sur votre sujet.",L22H6_prefill,"Un malentendu courant concernant l'utilisation de l'IA pour augmenter les capacités humaines est le fait que l'IA n'est pas une compétence ou une capacité humaine en soi.

Lorsque nous parlons d'augmenter les capacités humaines grâce à l'IA, ce n'est pas simplement parce qu'une intelligence artificielle peut effectuer des tâches qui auraient été difficiles ou impossibles pour un être hum",100,1806,False,True,"fr,fr",1,99,1
26,monolingual,fr,okapi,"Sujet: Utilisation de l'IA pour augmenter les capacités humaines
Expliquez un malentendu commun sur votre sujet.",L22H6_decode,"Un malentendu común sobre este tema podría ser la confusión entre el uso de inteligencia artificial (IA) para automatizar tareas repetitivas y las capacidades humanas en general.

Por un lado, hay quienes creen que la IA está substituindo completamente a los humanos, lo cual es una interpretación exagerada y no precisa. En realidad, la IA se utiliza como un complemento o facilitador de las habilidades humanas, permitiendo a",100,1806,False,False,"es,es",1,99,99
26,monolingual,fr,okapi,"Sujet: Utilisation de l'IA pour augmenter les capacités humaines
Expliquez un malentendu commun sur votre sujet.",L22H6_all,"Un malentendu común sobre este tema podría ser la confusión entre el uso de inteligencia artificial (IA) para automatizar tareas repetitivas y las capacidades humanas en general.

Por un lado, hay quienes creen que la IA está substituindo completamente a los humanos, lo cual es una interpretación exagerada y no precisa. En realidad, la IA se utiliza como un complemento o facilitador de las habilidades humanas, permitiendo a",100,1806,False,False,"es,es",1,99,100
26,monolingual,fr,okapi,"Sujet: Utilisation de l'IA pour augmenter les capacités humaines
Expliquez un malentendu commun sur votre sujet.",L22H8_control,"Un malentendu courant concernant l'utilisation de l'IA pour augmenter les capacités humaines est le fait que l'IA n'est pas une compétence ou une capacité humaine en soi. Elle est plutôt un outil qui peut être utilisé par des humains pour améliorer leurs performances et leur efficacité.

Voici quelques points clés à considérer :

1. L'IA ne change pas la nature humaine : L'IA n'a pas",100,1806,False,True,"fr,fr,fr",1,99,100
27,monolingual,fr,dolly,"Classifier chacun des éléments suivants selon qu'ils aident ou nuisent à la vision : lunettes, jumelles, bandeau, masque de sommeil, télescope",clean,"Voici les classifications des éléments mentionnés selon leur aide ou nuisance pour la vue :

1. **Lunettes** :
   - Aide : Améliorent la vision en journée et dans le noir.
   - Nuisance : Peuvent nuire si elles sont trop lourdes ou si elles interfèrent avec certaines activités.

2. **Jumelles** :
   - Aide : Permettent d'augmenter la clarté visuelle, souvent",100,27515,False,True,"fr,fr,fr,fr",0,0,0
27,monolingual,fr,dolly,"Classifier chacun des éléments suivants selon qu'ils aident ou nuisent à la vision : lunettes, jumelles, bandeau, masque de sommeil, télescope",L22H6_prefill,"Bien sûr, je vais vous aider à classer ces éléments selon leur aide ou leur nuisance pour la vue :

1. **Lunettes** - Aide
   - Les lunettes sont utilisées pour corriger les problèmes d'astigmatisme, presbytie et autres défauts de vision.

2. **Jumelles** - Nuisance
   - Les jumelles peuvent causer une perte de vision si elles ne sont pas correctement utilisées ou",100,81506,False,True,"fr,fr,fr",1,99,1
27,monolingual,fr,dolly,"Classifier chacun des éléments suivants selon qu'ils aident ou nuisent à la vision : lunettes, jumelles, bandeau, masque de sommeil, télescope",L22H6_decode,"Voici les classifications des éléments mentionnés selon leur aide ou nuisance pour la vision :

1. **Lunettes** - Aide (permet d'ajuster l'optique et corriger les problèmes de vue)
2. **Jumelles** - Nuisance (poussent à se concentrer sur un objet à distance, limitant le champ visuel)
3. **Bandeau** - Nuisance (poussent à se concentr",100,27515,False,True,"fr,fr,fr,fr",1,99,99
27,monolingual,fr,dolly,"Classifier chacun des éléments suivants selon qu'ils aident ou nuisent à la vision : lunettes, jumelles, bandeau, masque de sommeil, télescope",L22H6_all,"Bien sûr, je vais vous aider à classer ces éléments selon leur aide ou nuisance pour la vue :

1. **Lunettes** - Aide à la vue.
2. **Jumelles** - Aide à la vue.
3. **Bandeau** - Nuisance pour la vue (poussent les yeux).
4. **Masque de sommeil** - Niveau d'aide variable, dépend du contexte.
5. **T",100,81506,False,True,"fr,fr,fr,fr,fr",1,99,100
27,monolingual,fr,dolly,"Classifier chacun des éléments suivants selon qu'ils aident ou nuisent à la vision : lunettes, jumelles, bandeau, masque de sommeil, télescope",L22H8_control,"Voici les classifications des éléments mentionnés selon leur aide ou nuisance pour la vue :

1. **Lunettes** :
   - Aide : Améliorent l'observation et le confort visuel.
   - Nuisance : Peuvent être un obstacle si elles sont trop grandes.

2. **Jumelles** :
   - Aide : Permettent d'avoir une vue plus grande que celle du regard normal.
   - Nuisance : Peuvent être",100,27515,False,True,"fr,fr,fr,fr",1,99,100
28,monolingual,fr,dolly,Quels articles vestimentaires les gens portent-ils souvent en été ?,clean,"En été, les gens peuvent porter divers types d'articles de vêtements pour s'adapter à la chaleur et aux activités quotidiennes. Voici quelques tendances populaires :

1. Robes et robes longues : Ces pièces sont largement appréciées car elles offrent une large variété de manières de se sentir confortablement chaud.

2. Chauds : Les chaussures de plein air ou des baskets sont couramment choisies pour rester",100,1702,False,True,"fr,fr,fr",0,0,0
28,monolingual,fr,dolly,Quels articles vestimentaires les gens portent-ils souvent en été ?,L22H6_prefill,"En été, les gens peuvent porter divers types d'articles de vêtements pour s'adapter à la chaleur et aux activités quotidiennes. Voici quelques tendances populaires :

1. Robes et robes longues : Ces pièces sont largement appréciées car elles offrent une large variété de manières de se sentir confortablement chaud.

2. Chauds : Les chaussures de plein air ou des baskets sont couramment choisies pour rester",100,1702,False,True,"fr,fr,fr",1,99,1
28,monolingual,fr,dolly,Quels articles vestimentaires les gens portent-ils souvent en été ?,L22H6_decode,"En été, les gens peuvent porter divers types d'articles de vêtements pour s'adapter à la chaleur et aux activités quotidiennes. Voici quelques tendances populares :

1. Tops légères : T-shirts, tank tops, chemises légèrement ajustées.

2. Pantalons courts ou longs : Jupes, culottes, shorts.

3. Robes et robes transparentes : Pour des looks plus féminins ou romantiques.

4.",100,1702,False,True,"fr,fr,fr,fr",1,99,99
28,monolingual,fr,dolly,Quels articles vestimentaires les gens portent-ils souvent en été ?,L22H6_all,"En été, les gens peuvent porter divers types d'articles de vêtements pour s'adapter à la chaleur et aux activités quotidiennes. Voici quelques tendances populares :

1. Tops légères : T-shirts, tank tops, chemises légèrement ajustées.

2. Pantalons courts ou longs : Jupes, culottes, shorts.

3. Robes et robes transparentes : Pour des looks plus féminins ou romantiques.

4.",100,1702,False,True,"fr,fr,fr,fr",1,99,100
28,monolingual,fr,dolly,Quels articles vestimentaires les gens portent-ils souvent en été ?,L22H8_control,"En été, les gens peuvent porter divers types d'articles de vêtements pour s'adapter à la chaleur et aux activités quotidiennes. Voici quelques tendances populaires :

1. Robes et robes longues : Ces pièces sont largement appréciées car elles offrent une large variété de manières de se sentir confortablement chaud.

2. Chauds : Les chaussures de plein air ou des baskets sont couramment choisies pour rester",100,1702,False,True,"fr,fr,fr",1,99,100
29,monolingual,fr,okapi,"Écrivez un essai argumentatif sur le sujet donné.
Sujet : Les avantages de l'enseignement à domicile",clean,"Titre: L'Enseignement à Domicile: Un Avantage Majeur pour les Élèves

Introduction:
L'enseignement à domicile est une méthode d'apprentissage qui s'est popularisée ces dernières années en raison de ses nombreux avantages. Cette approche permet aux élèves de suivre des cours personnalisés et adaptés à leurs besoins spécifiques, tout en restant chez eux. Dans cet essai, nous all",100,27808,False,True,"fr,fr",0,0,0
29,monolingual,fr,okapi,"Écrivez un essai argumentatif sur le sujet donné.
Sujet : Les avantages de l'enseignement à domicile",L22H6_prefill,"Titre: L'Enseignement à Domicile: Un Avantage Majeur pour les Élèves

Introduction:
L'enseignement à domicile est une méthode d'apprentissage qui s'est popularisée ces dernières années en raison de ses nombreux avantages. Cette approche permet aux élèves de suivre des cours personnalisés et adaptés à leurs besoins spécifiques, tout en restant chez eux. Dans cet essai, nous all",100,27808,False,True,"fr,fr",1,99,1
29,monolingual,fr,okapi,"Écrivez un essai argumentatif sur le sujet donné.
Sujet : Les avantages de l'enseignement à domicile",L22H6_decode,"Titre: Les Avantages De L'Enseignement À Domicilio

L'enseignement à domicile (EAD) se révèle être une option attractive pour les parents et les étudiants qui cherchent des alternatives aux classes traditionnelles. Cette approche d'apprentissage offre plusieurs avantages significatifs que nous allons examiner dans cet article.

1. Flexibilidade economica:
La principale raison pour laquelle beaucoup de parents opt",100,27808,False,True,"fr,fr,fr",1,99,99
29,monolingual,fr,okapi,"Écrivez un essai argumentatif sur le sujet donné.
Sujet : Les avantages de l'enseignement à domicile",L22H6_all,"Titre: Les Avantages De L'Enseignement À Domicilio

L'enseignement à domicile (EAD) se révèle être une option attractive pour les parents et les étudiants qui cherchent des alternatives aux classes traditionnelles. Cette approche d'apprentissage offre plusieurs avantages significatifs que nous allons examiner dans cet article.

1. Flexibilidade economica:
La principale raison pour laquelle beaucoup de parents opt",100,27808,False,True,"fr,fr,fr",1,99,100
29,monolingual,fr,okapi,"Écrivez un essai argumentatif sur le sujet donné.
Sujet : Les avantages de l'enseignement à domicile",L22H8_control,"Titre: L'Enseignement à Domicile: Un Avantage Riche et Complexe

L'enseignement à domicile est une méthode d'apprentissage qui s'est popularisée ces dernières années en raison de ses nombreux avantages. Cette approche unique offre des opportunités inégalées pour les étudiants, offrant une flexibilité exceptionnelle et une meilleure prise en charge personnelle.

D'une part, l'enseignement",100,27808,False,True,"fr,fr",1,99,100
30,monolingual,fr,okapi,"Rédigez un article de blog sur l'importance du marketing de contenu pour les petites entreprises.
",clean,"Titre: Le Marketing de Contenu : Une Clé Essentielle pour Les PME

Introduction:
Dans le monde moderne où la concurrence est plus que jamais intense, les petites entreprises ont besoin d'avoir une stratégie claire et efficace pour se démarquer des autres. C'est là qu'intervient le marketing de contenu.

Qu'est-ce que le marketing de contenu?
Le marketing de contenu est une approche stratégique qui consiste à créer et diffuser des cont",100,27808,False,True,"fr,fr,fr,fr",0,0,0
30,monolingual,fr,okapi,"Rédigez un article de blog sur l'importance du marketing de contenu pour les petites entreprises.
",L22H6_prefill,"Titre: Le Marketing de Contenu : Une Clé Essentielle pour Les PME

Introduction:
Dans le monde moderne où la concurrence est plus que jamais intense, les petites entreprises ont besoin d'avoir une stratégie claire et efficace pour se démarquer des autres. C'est là qu'intervient le marketing de contenu - une approche stratégique qui permet aux entreprises de communiquer leur message à travers divers canaux en utilisant des contenus pertinents et",100,27808,False,True,"fr,fr",1,99,1
30,monolingual,fr,okapi,"Rédigez un article de blog sur l'importance du marketing de contenu pour les petites entreprises.
",L22H6_decode,"Titre: La Force des Contenus en Marketing de Petite Enseigne

Bien que la publicité traditionnelle y soit toujours importante, le marketing de contenu se est imposé comme une force majeure dans le monde digital. Pour les petites entreprises qui cherchent à s'imposer et à atteindre leurs objectifs commerciaux, il est crucial d'apprendre comment utiliser efficacement ce type de marketing.

1. **Définition du Marketing de Contenu**: Le marketing",100,27808,False,True,"fr,fr,fr",1,99,99
30,monolingual,fr,okapi,"Rédigez un article de blog sur l'importance du marketing de contenu pour les petites entreprises.
",L22H6_all,"Titre: La Force des Contenus en Marketing de Petite Enseigne

Bien que la publicité traditionnelle y soit toujours importante, le marketing de contenu se est imposé comme une force majeure dans le monde digital. Pour les petites entreprises qui cherchent à s'imposer et à atteindre leurs objectifs commerciaux, il est crucial d'apprendre comment utiliser efficacement ce type de marketing.

1. **Définition du Marketing de Contenu**: Le marketing",100,27808,False,True,"fr,fr,fr",1,99,100
30,monolingual,fr,okapi,"Rédigez un article de blog sur l'importance du marketing de contenu pour les petites entreprises.
",L22H8_control,"Titre: Le Marketing de Contenu : Une Clé Essentielle pour Les PME

Introduction:
Dans le monde moderne où la concurrence est plus que jamais intense, les petites entreprises ont besoin d'avoir une stratégie claire et efficace pour se démarquer des autres. C'est là qu'intervient le marketing de contenu.

Qu'est-ce que le marketing de contenu?
Le marketing de contenu est une approche stratégique qui consiste à créer et diffuser des cont",100,27808,False,True,"fr,fr,fr,fr",1,99,100
31,monolingual,fr,dolly,C'est comment de vivre sur la lune?,clean,"Il n'y a pas encore d'habitants sur la Lune, mais des scientifiques et des astronautes travaillent à développer les moyens de y aller. La vie sur la Lune serait difficile car elle est loin du soleil, il manque de ressources naturelles comme de l'eau et de l'énergie, et le climat peut être extrêmement froid. Cependant, avec des technologies avancées, on pourrait envisager",100,12050,False,True,fr,0,0,0
31,monolingual,fr,dolly,C'est comment de vivre sur la lune?,L22H6_prefill,"Vivre sur la Lune est un défi technologique colossal qui nécessite des technologies avancées et une approche innovante pour résoudre les problèmes liés à la gravité, au climat, aux ressources et à la vie quotidienne. Voici quelques aspects clés :

1. Gravité : La gravité sur la Lune est seulement environ 1/6 de celle terrestre. Cela pose des défis importants en termes",100,53,False,True,"fr,fr",1,99,1
31,monolingual,fr,dolly,C'est comment de vivre sur la lune?,L22H6_decode,"Il existe plusieurs façons possibles pour vivre sur la Lune:

1. Base station: Un centre d'habitat permanent pourrait être construit à proximité de la Lune.

2. Habitations individuales: Des structures habitées individuelles pour les astronautes et les scientifiques.

3. Villes suburbanas: Des villes suburbanas congelées dans des stations spatiales ou orbitales.

4. Hélicoptères habitables: Utilisation de",100,12050,False,True,"fr,fr,fr,fr,fr",1,99,99
31,monolingual,fr,dolly,C'est comment de vivre sur la lune?,L22H6_all,"Vivre sur la Lune équivaut à vivre dans un environnement extrêmement hostile et difficile. Voici quelques aspects importants à considérer :

1. Atmosphère : La Lune n'a pas d'atmosfera, ce qui signifie qu'elle est en contact direct avec les rayons solaires.

2. Temperature : Les températures varient considérablement entre 0°C (32°F) pendant le jour et -173",100,53,False,True,"fr,fr,fr",1,99,100
31,monolingual,fr,dolly,C'est comment de vivre sur la lune?,L22H8_control,"Il n'y a pas encore d'habitants sur la Lune, mais des scientifiques et des astronautes travaillent à développer les moyens de y aller. La vie sur la Lune serait difficile car elle est loin du système solaire, sans atmosphère ni eau. Les ressources nécessaires pour vivre y seraient limitées. Cependant, avec le développement technologique, il pourrait être possible de résoudre ces défis dans",100,12050,False,True,fr,1,99,100
32,monolingual,fr,native,Imagine que tu es un thérapeute en 2123. Dans 100 ans comment se déroule une journée typique. Donne une liste de 5 choses qui représente ta journée en tant que thérapeute.,clean,"En tant qu'IA, je ne peux pas prédire avec certitude ce que sera la vie dans les années à venir ou même si l'humanité survivera jusqu'à 2123. Cependant, basé sur les tendances actuelles et les prédictions scientifiques, voici quelques hypothèses sur le type de journée d'un thérapeute potentiellement possible :

1. **Début du jour :** Le thérapeute pourrait commencer",100,1702,False,True,"fr,fr",0,0,0
32,monolingual,fr,native,Imagine que tu es un thérapeute en 2123. Dans 100 ans comment se déroule une journée typique. Donne une liste de 5 choses qui représente ta journée en tant que thérapeute.,L22H6_prefill,"Como te informé anteriormente, no soy una inteligencia artificial capaz de prever eventos futuros con precisión o simular experiencias personales como las de un thérapeute en el año 2123. Sin embargo, puedo ofrecerte algunas ideas generales sobre cómo podría ser la vida y la atención al paciente en el futuro:

1. **Medicina personalizada**: La tecnología médica avanzada permitiría tratar enfermedades y condiciones médicas específicas mediante trat",100,64901,False,False,"es,es",1,99,1
32,monolingual,fr,native,Imagine que tu es un thérapeute en 2123. Dans 100 ans comment se déroule une journée typique. Donne une liste de 5 choses qui représente ta journée en tant que thérapeute.,L22H6_decode,"En tant qu'IA, je n'ai pas la capacité de prédire avec certitude les événements futurs ni d'être un thérapeute dans le passé ou l'avenir. Cependant, basé sur mes capacités actuelles et sur des données historiques, voici quelques hypothèses possibles pour une journée comme celle d'un thérapeute en 2123 :

1. **Préparation matinale**: L'IA pourrait préparer",100,1702,False,True,"fr,fr",1,99,99
32,monolingual,fr,native,Imagine que tu es un thérapeute en 2123. Dans 100 ans comment se déroule une journée typique. Donne une liste de 5 choses qui représente ta journée en tant que thérapeute.,L22H6_all,"Como assistente, no puedo prever el futuro con certeza, pero basándome en la evolución tecnológica y los avances médicos esperados para 2123, aquí hay una suposição sobre cómo podría ser una jornada típica como terapeuta:

1. **Integración Digital**: La mayoría de las consultas terapéuticas serían realizadas por videoconferencia o chat virtual, permitiendo a los pacientes interactuar",100,64901,False,False,"es,es",1,99,100
32,monolingual,fr,native,Imagine que tu es un thérapeute en 2123. Dans 100 ans comment se déroule une journée typique. Donne une liste de 5 choses qui représente ta journée en tant que thérapeute.,L22H8_control,"En tant qu'IA, je ne peux pas prédire avec certitude ce que sera la vie dans le futur à 100 ans. Cependant, basé sur les tendances actuelles et l'évolution technologique, voici quelques hypothèses pour une journée typique d'un thérapeute en 2123 :

1. **Appel téléphonique ou message instantané** : Le patient peut appeler directement son thérape",100,1702,False,True,"fr,fr",1,99,100
33,monolingual,fr,dolly,Quels outils chaque propriétaire de maison devrait-il avoir?,clean,"Le choix des outils pour un propriétaire de maison dépend beaucoup du type d'habitation et de ses besoins spécifiques. Cependant, voici quelques suggestions générales :

1. Un ordinateur portable : Pour gérer les tâches quotidiennes, y compris le travail à distance ou la gestion des finances.

2. Une tablette : Pour naviguer sur internet, lire des informations, etc.

3. Un téléphone mobile : Pour communiquer avec",100,2304,False,True,"fr,fr,fr,fr",0,0,0
33,monolingual,fr,dolly,Quels outils chaque propriétaire de maison devrait-il avoir?,L22H6_prefill,"Il est important pour un propriétaire de maison d'avoir plusieurs outils essentiels à sa disposition. Voici quelques-uns des plus importants :

1. Un appareil photo numérique : Pour prendre des photos de la maison et du jardin.

2. Une brosse à cheveux en plastique : Pour nettoyer les murs et les meubles sans utiliser de produits chimiques.

3. Des gants de protection : Pour protéger vos mains lorsqu'il faut",100,12050,False,True,"fr,fr,fr,fr",1,99,1
33,monolingual,fr,dolly,Quels outils chaque propriétaire de maison devrait-il avoir?,L22H6_decode,"Le choix des outils pour un propriétaire de maison dépend beaucoup du type d'immeuble et de ses besoins spécifiques. Cependant, voici quelques suggestions générales :

1. Internet : Pour la communication avec les voisins, l'achat de biens immobiliers, le suivi des transactions financières, etc.

2. Application de gestion de projet : Pour organiser les travaux de rénovation ou de construction.

3. Logiciel de gestion des",100,2304,False,True,"fr,fr,fr,fr",1,99,99
33,monolingual,fr,dolly,Quels outils chaque propriétaire de maison devrait-il avoir?,L22H6_all,"Il existe plusieurs types d'outils que le propriétaire de maison pourrait trouver utiles à différents stades du processus de construction et de gestion de la propriété. Voici quelques-uns des principaux:

1. Outils pour l'étude préalable:
   - Carte topographique: Permet de visualizar ombres, contours et autres facteurs géologiques.
   - Planos: Permettent une représentation 2D/3D de la parcel",100,12050,False,True,"fr,fr,fr,fr",1,99,100
33,monolingual,fr,dolly,Quels outils chaque propriétaire de maison devrait-il avoir?,L22H8_control,"Le choix des outils pour un propriétaire de maison dépend beaucoup du type d'habitation et de ses besoins spécifiques. Cependant, voici quelques suggestions générales :

1. Un ordinateur portable : Pour gérer les tâches quotidiennes, y compris le travail à distance ou la gestion des finances.

2. Une tablette : Pour naviguer sur internet, lire des informations, etc.

3. Un téléphone mobile : Pour communiquer avec",100,2304,False,True,"fr,fr,fr,fr",1,99,100
34,monolingual,fr,okapi,Écrivez un essai persuasif argumentant contre l'utilisation des téléphones portables à l'école.,clean,"Titre: L'impact négatif de l'utilisation excessive des téléphones portables dans les écoles

Dans le monde moderne où la technologie est omniprésente, les téléphones portables ont rapidement trouvé leur place dans nos vies quotidiennes. Cependant, cette utilisation croissante s'est étendue aux établissements scolaires, créant une série d'inconvénients qui méritent notre attention et notre engagement pour y reméd",100,27808,False,True,"fr,fr",0,0,0
34,monolingual,fr,okapi,Écrivez un essai persuasif argumentant contre l'utilisation des téléphones portables à l'école.,L22H6_prefill,"Téléphone portable : une menace pour l'efficacité éducative

Dans le monde moderne où les technologies avancent constamment, la téléphonie mobile est devenue une partie intégrante de notre vie quotidienne. Cependant, dans l'environnement scolaire, cette utilisation peut avoir des conséquences néfastes sur l'apprentissage et la productivité. Dans cet essai, nous allons examiner comment l'utilisation excessive de",100,51,False,True,"fr,fr",1,99,1
34,monolingual,fr,okapi,Écrivez un essai persuasif argumentant contre l'utilisation des téléphones portables à l'école.,L22H6_decode,"Titre: La Dépendance Inconsciente de L'Éducation aux Téléphones Portables

En tant qu'assistant numérique, il évidemment est crucial que les enfants et les étudiants soient en mesure d'utiliser efficacement leurs smartphones pour apprendre et travailler. Sinon, ils se retrouveront dans une situation désavantagée par rapport à ceux qui ont accès à ces technologies. Cependant, la dépendance const",100,27808,False,True,"fr,fr",1,99,99
34,monolingual,fr,okapi,Écrivez un essai persuasif argumentant contre l'utilisation des téléphones portables à l'école.,L22H6_all,"Téléphone portable éducatif: Una solución alternativa para el aprendizaje escolar

En tant qu'assistant numérique, la tecnología de los teléfonos móviles ha revolucionado nuestra forma de interactuar y aprender. Sin embargo, en el contexto educativo, su uso puede tener efectos negativos que debemos considerar cuidadosamente antes de adoptarlo como una práctica generalizada.

Primero, es importante notar que los teléfonos mó",100,51,False,False,"es,es,es",1,99,100
34,monolingual,fr,okapi,Écrivez un essai persuasif argumentant contre l'utilisation des téléphones portables à l'école.,L22H8_control,"Titre: L'impact négatif de l'utilisation excessive des téléphones portables dans les écoles

Dans le monde moderne où la technologie est omniprésente, les téléphones portables ont rapidement trouvé leur place dans nos vies quotidiennes. Cependant, cette utilisation croissante s'est étendue aux établissements scolaires, créant une série d'inconvénients qui méritent notre attention et notre engagement pour y reméd",100,27808,False,True,"fr,fr",1,99,100
35,monolingual,fr,native,donne moi 4 avantages et 4 inconvénients du marketing par e-mail.,clean,"Voici les quatre avantages et quatre inconvénients potentiels de la publicité par email :

Avantages :
1. Confort : Les clients peuvent accéder à l'email quand ils le veulent.
2. Personnalisation : L'information peut être adaptée aux préférences individuelles des utilisateurs.
3. Retour d'expérience : Les entreprises peuvent obtenir des retours sur leurs produits ou services.
4. Cohésion : Une communication rég",100,27515,False,True,"fr,fr,fr,fr,fr",0,0,0
35,monolingual,fr,native,donne moi 4 avantages et 4 inconvénients du marketing par e-mail.,L22H6_prefill,"Voici les quatre avantages et quatre inconvénients potentiels de la publicité par email :

Avantages :
1. Confort : Les clients peuvent accéder à l'email quand ils le veulent.
2. Personnalisation : L'information peut être adaptée aux préférences individuelles des utilisateurs.
3. Retour d'expérience : Les entreprises peuvent obtenir des retours sur leurs produits ou services.
4. Cohésion : Une communication rég",100,27515,False,True,"fr,fr,fr,fr,fr",1,99,1
35,monolingual,fr,native,donne moi 4 avantages et 4 inconvénients du marketing par e-mail.,L22H6_decode,"Voici les quatre avantages et quatre inconvénients potentiels de l'email marketing :

Avantages :
1. Contact direct avec le client : L'email est un moyen direct d'atteindre vos clients.
2. Confort pour le client : Les emails sont souvent plus confortables que les appels téléphoniques ou les visites personnelles.
3. Amélioration des relations commerciales : Les emails peuvent être utilisés pour renforcer les relations avec les clients existants.
",100,27515,False,True,"fr,fr,fr,fr",1,99,99
35,monolingual,fr,native,donne moi 4 avantages et 4 inconvénients du marketing par e-mail.,L22H6_all,"Voici les quatre avantages et quatre inconvénients potentiels de la publicité par e-mail :

Avantages :
1. Accès direct à votre audience : Les courriels sont envoyés directement aux destinataires, ce qui permet une interaction plus personnelle.
2. Taille précise des listes d'abonnés : Vous pouvez contrôler précisément qui recevra vos emails, ce qui peut améliorer l'efficacité de votre",100,27515,False,True,"fr,fr,fr",1,99,100
35,monolingual,fr,native,donne moi 4 avantages et 4 inconvénients du marketing par e-mail.,L22H8_control,"Voici les quatre avantages et quatre inconvénients potentiels de la publicité par email :

Avantages :
1. Confort : Les clients peuvent accéder à l'email quand ils le veulent.
2. Personnalisation : L'information peut être adaptée aux préférences individuelles des utilisateurs.
3. Retour d'expérience : Les entreprises peuvent obtenir des retours sur leurs produits ou services.
4. Cohésion : Une communication rég",100,27515,False,True,"fr,fr,fr,fr,fr",1,99,100
36,monolingual,fr,dolly,"Sur un vol, je ne peux apporter que trois des articles suivants : une épée, un livre, un téléphone, une valise, un perroquet, un avion. Lesquels devrait-je apporter ?",clean,"Pour choisir les trois articles à apporter sur un vol, il est important de prendre en compte plusieurs facteurs tels que la taille et le poids du bagage, ainsi que l'importance de chaque objet pour votre voyage.

Voici quelques suggestions :

1. Épée: Si vous prévoyez d'utiliser l'épée pendant votre voyage, elle pourrait être utile. Cependant, si vous n'en avez pas besoin, cela peut augmenter considérablement",100,42178,False,True,"fr,fr",0,0,0
36,monolingual,fr,dolly,"Sur un vol, je ne peux apporter que trois des articles suivants : une épée, un livre, un téléphone, une valise, un perroquet, un avion. Lesquels devrait-je apporter ?",L22H6_prefill,"Pour choisir les trois articles à apporter sur un vol, il est important de prendre en compte plusieurs facteurs tels que la taille et le poids du bagage, ainsi que l'importance de chaque objet pour votre voyage.

Voici quelques suggestions :

1. Épée: Si vous prévoyez d'utiliser l'épée pendant votre voyage, elle pourrait être utile. Cependant, si vous n'en avez pas besoin, cela peut augmenter considérablement",100,42178,False,True,"fr,fr",1,99,1
36,monolingual,fr,dolly,"Sur un vol, je ne peux apporter que trois des articles suivants : une épée, un livre, un téléphone, une valise, un perroquet, un avion. Lesquels devrait-je apporter ?",L22H6_decode,"Pour choisir les trois articles à apporter sur un vol, il est important de prendre en compte plusieurs facteurs tels que la taille et le poids des bagages, ainsi que l'importance du contenu dans votre voyage.

1. **Epee**: C'est probablement le plus grand obstacle pour apporter cette chose car elle peut être très volumineuse et pesante.
2. **Livre**: Un livre pourrait également être difficile à emmener si vous avez besoin d'un autre",100,42178,False,True,"fr,fr,fr",1,99,99
36,monolingual,fr,dolly,"Sur un vol, je ne peux apporter que trois des articles suivants : une épée, un livre, un téléphone, une valise, un perroquet, un avion. Lesquels devrait-je apporter ?",L22H6_all,"Pour choisir les trois articles à apporter sur un vol, il est important de prendre en compte plusieurs facteurs tels que la taille et le poids des bagages, ainsi que l'importance du contenu dans votre voyage.

1. **Epee**: C'est probablement le plus grand obstacle pour apporter cette chose car elle peut être très volumineuse et pesante.
2. **Livre**: Un livre pourrait également être difficile à emmener si vous avez besoin d'un autre",100,42178,False,True,"fr,fr,fr",1,99,100
36,monolingual,fr,dolly,"Sur un vol, je ne peux apporter que trois des articles suivants : une épée, un livre, un téléphone, une valise, un perroquet, un avion. Lesquels devrait-je apporter ?",L22H8_control,"Pour choisir les trois articles à apporter sur un vol, il est important de prendre en compte plusieurs facteurs tels que la taille et le poids du bagage, ainsi que l'importance de chaque objet pour votre voyage.

Voici quelques suggestions :

1. Épée: Si vous prévoyez d'utiliser l'épée pendant votre voyage, elle pourrait être utile. Cependant, si vous n'en avez pas besoin, cela peut augmenter considérablement",100,42178,False,True,"fr,fr",1,99,100
37,monolingual,fr,native,Propose moi 3 activités à faire au Pérou. Sous forme de puces. Moins de 70 mots.,clean,"1. Visiter Machu Picchu : Explorez le célèbre site précolombien en montagne.

2. Bassin d'Amazonie : Profitez du paysage unique et des richesses naturelles de la forêt amazonienne.

3. Cuisiner traditionnellement : Apprenez les techniques culinaires indigènes lors d'une expérience de cuisine locale.",83,16,False,True,"fr,fr,fr",0,0,0
37,monolingual,fr,native,Propose moi 3 activités à faire au Pérou. Sous forme de puces. Moins de 70 mots.,L22H6_prefill,"1. Visiter Machu Picchu : Explorez le célèbre site précolombien en montagne.

2. Bassin d'Amazonie : Profitez du paysage unique et des richesses naturelles de la forêt amazonienne.

3. Cuisiner traditionnellement : Apprenez les techniques culinaires indigènes lors d'une expérience de cuisine locale.",83,16,False,True,"fr,fr,fr",1,82,1
37,monolingual,fr,native,Propose moi 3 activités à faire au Pérou. Sous forme de puces. Moins de 70 mots.,L22H6_decode,"1. Visiter Machu Picchu: Explorez le célèbre site précolombino en montagne.

2. Parcourir les pyramides de Chichén Itzá: Une expérience culturelle et archéologica importante dans la région du Yucatán.

3. Explorar les plages de l'océan Pacifique: Profitez des eaux cristalinas y del sol radiante sur les côtes péruvianas.",100,16,False,True,"fr,fr,fr",1,99,99
37,monolingual,fr,native,Propose moi 3 activités à faire au Pérou. Sous forme de puces. Moins de 70 mots.,L22H6_all,"1. Visiter Machu Picchu: Explorez le célèbre site précolombino en montagne.

2. Parcourir les pyramides de Chichén Itzá: Une expérience culturelle et archéologica impresionante.

3. Explorar la costa pacifique: Profitez des plages paradisiaques et du surf sur l'océan Pacífico.",85,16,False,True,"fr,fr,fr",1,84,85
37,monolingual,fr,native,Propose moi 3 activités à faire au Pérou. Sous forme de puces. Moins de 70 mots.,L22H8_control,"1. Visiter Machu Picchu : Explorez le célèbre site précolombien en montagne.

2. Explorer les pyramides d'Inca : Visitez Cusco et ses magnifiques pyramides inca.

3. Chasse aux anges dans la jungle : Partez à la découverte des forêts tropicales péruviennes.",83,16,False,True,"fr,fr,fr",1,82,83
38,monolingual,fr,okapi,"Rédigez un article de 500 mots sur les avantages des aliments biologiques.
",clean,"Titre : Les Avantages des Aliments Biologiques

Les aliments biologiques sont une option alimentaire qui est en constante augmentation dans le monde entier. Ces produits proviennent directement du sol et ne passent pas par aucun traitement chimique ou génétique. Voici quelques-uns des nombreux avantages que ces aliments offrent.

1. Santé: Les aliments biologiques sont généralement plus sains que ceux conventionnels car ils n",100,27808,False,True,"fr,fr,fr",0,0,0
38,monolingual,fr,okapi,"Rédigez un article de 500 mots sur les avantages des aliments biologiques.
",L22H6_prefill,"Titre : Les Avantages des Aliments Biologiques

Les aliments biologiques sont une option alimentaire qui est en constante augmentation dans le monde entier. Ces produits proviennent directement du sol et ne passent pas par aucun traitement chimique ou génétique. Voici quelques-uns des nombreux avantages que ces aliments offrent.

1. Santé: Les aliments biologiques sont généralement plus sains que ceux conventionnels car ils n",100,27808,False,True,"fr,fr,fr",1,99,1
38,monolingual,fr,okapi,"Rédigez un article de 500 mots sur les avantages des aliments biologiques.
",L22H6_decode,"Titre: Les Avantages Incontestables des Aliments Biologiques

Les aliments biologiques sont une option alimentaire saine et éthique qui est de plus en plus populaire. Ils sont cultivés sans pesticides, herbicides ou fertilizantes artificiels, ce qui les rend plus nutritifs et moins nocives pour la santé. Voici quelques-uns des principaux avantages que vous pouvez trouver dans l'alimentation biologique.

1.",100,27808,False,True,"fr,fr",1,99,99
38,monolingual,fr,okapi,"Rédigez un article de 500 mots sur les avantages des aliments biologiques.
",L22H6_all,"Titre: Les Avantages Incontestables des Aliments Biologiques

Les aliments biologiques sont une option alimentaire saine et éthique qui est de plus en plus populaire. Ils sont cultivés sans pesticides, herbicides ou fertilizantes artificiels, ce qui les rend plus nutritifs et moins nocives pour la santé. Voici quelques-uns des principaux avantages que vous pouvez trouver dans l'alimentation biologique.

1.",100,27808,False,True,"fr,fr",1,99,100
38,monolingual,fr,okapi,"Rédigez un article de 500 mots sur les avantages des aliments biologiques.
",L22H8_control,"Titre : Les Avantages des Aliments Biologiques

Les aliments biologiques sont une option alimentaire qui est en constante croissance dans le monde entier. Ils sont souvent considérés comme plus sains et nutritifs que leurs homologues conventionnels. Voici quelques-uns des nombreux avantages qu'ils offrent.

1. Nutritivité accrue :
Les aliments biologiques sont généralement cultivés sans pesticides ou autres produits chimiques.",100,27808,False,True,"fr,fr,fr",1,99,100
39,monolingual,fr,dolly,Comment puis-je devenir meilleur à tirer une balle de basket ?,clean,"Pour améliorer votre performance au tir de balle de basket, voici quelques conseils pratiques :

1. Pratiquez régulièrement : Le plus important est d'entraîner souvent. Plus vous tirez, mieux vous apprenez.

2. Étudiez les techniques : Il existe plusieurs méthodes pour tirer la balle de basket, comme le tir à distance ou le tir à court. Apprenez toutes ces techniques et choisissez celle qui",100,42178,False,True,"fr,fr,fr",0,0,0
39,monolingual,fr,dolly,Comment puis-je devenir meilleur à tirer une balle de basket ?,L22H6_prefill,"Pour améliorer votre performance au tir de balle de basket, voici quelques conseils pratiques :

1. Pratiquez régulièrement : Le plus important est d'entraîner souvent. Plus vous tirez, mieux vous apprenez.

2. Étudiez les techniques : Il existe plusieurs méthodes pour tirer la balle de basket, comme le tir à distance ou le tir à court. Apprenez toutes ces techniques et choisissez celle qui",100,42178,False,True,"fr,fr,fr",1,99,1
39,monolingual,fr,dolly,Comment puis-je devenir meilleur à tirer une balle de basket ?,L22H6_decode,"Pour améliorer votre performance en tirant pour le basket-ball, voici quelques conseils pratiques :

1. Pratiquez régulièrement : Le plus important est la pratique. Plus vous tirez, mieux vous serez.

2. Améliorez vos techniques : Essayez différentes manières de tirer et choisissez celle qui vous convient le mieux.

3. Évitez les erreurs : Apprenez à repérer rapidement les erreurs et à les corr",100,42178,False,True,"fr,fr,fr,fr",1,99,99
39,monolingual,fr,dolly,Comment puis-je devenir meilleur à tirer une balle de basket ?,L22H6_all,"Pour améliorer votre performance en tirant pour le basket-ball, voici quelques conseils pratiques :

1. Pratiquez régulièrement : Le plus important est la pratique. Plus vous tirez, mieux vous serez.

2. Améliorez vos techniques : Essayez différentes manières de tirer et choisissez celle qui vous convient le mieux.

3. Évitez les erreurs : Apprenez à repérer rapidement les erreurs et à les corr",100,42178,False,True,"fr,fr,fr,fr",1,99,100
39,monolingual,fr,dolly,Comment puis-je devenir meilleur à tirer une balle de basket ?,L22H8_control,"Pour améliorer votre performance au tir de balle de basket, voici quelques conseils pratiques :

1. Pratiquez régulièrement : Le plus important est d'entraîner constamment. Plus vous tirez, mieux vous apprenez.

2. Étudiez les techniques : Il existe plusieurs méthodes pour tirer la balle de basket, comme le tir à distance ou le tir à court. Apprenez toutes ces techniques et choisissez celle",100,42178,False,True,"fr,fr,fr",1,99,100
40,monolingual,fr,okapi,"Rédigez un article de 500 mots résumant les défis associés au développement des voitures autonomes.
",clean,"Voici une proposition d'article de 500 mots sur les défis liés à l'industrie automobile et aux véhicules autonomes :

Les véhicules autonomes sont en train de transformer le secteur automobile, mais ils ne sont pas sans défis. Voici quelques-uns des principaux problèmes que rencontre la technologie de conduite autonome.

1. Sécurité : La sécurité est probablement le plus grand défi pour les véhicules autonomes",100,27515,False,True,"fr,fr,fr",0,0,0
40,monolingual,fr,okapi,"Rédigez un article de 500 mots résumant les défis associés au développement des voitures autonomes.
",L22H6_prefill,"Titre : Les défis du développement des voitures autonomes

Les voitures autonomes sont une avancée technologique prometteuse qui pourrait transformer notre mode de vie et nos relations sociales. Cependant, leur développement présente également plusieurs défis importants à relever.

1. **Mécanisme de décision** :
   - Le choix d'actions est l'un des principaux défis pour le développement des voitures autonomes. La complexité de la log",100,27808,False,True,"fr,fr,fr",1,99,1
40,monolingual,fr,okapi,"Rédigez un article de 500 mots résumant les défis associés au développement des voitures autonomes.
",L22H6_decode,"Voici une proposition d'article de 500 mots sur les défis associés au développement des voitures autonomes :

Les voitures autonomes sont en train de transformer le monde de la conduite automobile. Cependant, leur développement n'est pas sans défis. Voici quelques-uns des principaux obstacles rencontrés dans ce domaine.

1. **Sécurité et confiance du public** : La sécurité est l'un des principaux défis à relever pour",100,27515,False,True,"fr,fr,fr",1,99,99
40,monolingual,fr,okapi,"Rédigez un article de 500 mots résumant les défis associés au développement des voitures autonomes.
",L22H6_all,"Titre: Des défis majeurs à l'élaboration et au déploiement des voitures autonomes

Les voitures autonomes, ou véhicules autónomes (AVs), sont une avancée technologique prometteuse qui pourrait transformer profondément notre société. Cependant, leur développement présente également plusieurs défis importants.

1. **Sécurité**: La sécurité est probablement la principale préoccupation pour le développement des",100,27808,False,True,"fr,fr,fr",1,99,100
40,monolingual,fr,okapi,"Rédigez un article de 500 mots résumant les défis associés au développement des voitures autonomes.
",L22H8_control,"Voici une proposition d'article de 500 mots sur les défis liés à l'industrie automobile et aux véhicules autonomes :

Les véhicules autonomes sont en train de transformer le secteur automobile, mais ils ne sont pas sans défis. Voici quelques-uns des principaux problèmes que rencontre la technologie de conduite autonome.

1. Sécurité : La sécurité est probablement le plus grand défi pour les véhicules autonomes",100,27515,False,True,"fr,fr,fr",1,99,100
41,monolingual,fr,okapi,Écrivez un article de blog de 500 mots sur la valeur de l'art dans l'éducation.,clean,"Titre : L'Art comme allié précieux pour l'éducation

L'art est une force inépuisable qui peut transformer le monde et les vies des individus. Il n'est pas seulement un divertissement ou un hobby, mais il joue un rôle crucial dans l'éducation moderne. Dans cet article, nous explorerons comment l'art peut être utilisé efficacement pour améliorer les performances académiques et aider à développer des compétences essentiel",100,27808,False,True,"fr,fr",0,0,0
41,monolingual,fr,okapi,Écrivez un article de blog de 500 mots sur la valeur de l'art dans l'éducation.,L22H6_prefill,"Titre : L'Art comme allié précieux pour l'éducation

L'art est une force inépuisable qui peut transformer le monde et les vies des individus. Dans l'éducation, l'art joue un rôle crucial en fournissant non seulement une expérience enrichissante, mais aussi une approche unique d'apprendre et de comprendre le monde.

1. **Expérience sensorielle intense** :
   L'art offre une expérience sensori",100,27808,False,True,"fr,fr,fr",1,99,1
41,monolingual,fr,okapi,Écrivez un article de blog de 500 mots sur la valeur de l'art dans l'éducation.,L22H6_decode,"Titre: ""L'Art en Éducation: Un Pulsar Brillant""

La valeur de l'art dans l'éducation est une idée que nous avons tous entendue alguna vez, pero no siempre comprendemos completamente su importancia. En este artículo, exploraremos cómo el arte puede ser una herramienta poderosa para mejorar la educación.

1. **Promoviendo la Creatividad**: L'art enseigne à nos enfants comment penser différemment, créer des solutions",100,27808,False,False,"fr,es,fr",1,99,99
41,monolingual,fr,okapi,Écrivez un article de blog de 500 mots sur la valeur de l'art dans l'éducation.,L22H6_all,"Titre: ""L'Art en Éducation: Un Pulsar Brillant""

La valeur de l'art dans l'éducation est une idée que nous avons tous entendue alguna vez, pero no siempre comprendemos completamente su importancia. En este artículo, exploraremos cómo el arte puede ser una herramienta poderosa para mejorar la educación.

1. **Promoviendo la Creatividad**: L'art enseigne à nos enfants comment penser différemment, créer des solutions",100,27808,False,False,"fr,es,fr",1,99,100
41,monolingual,fr,okapi,Écrivez un article de blog de 500 mots sur la valeur de l'art dans l'éducation.,L22H8_control,"Titre : L'Art comme allié précieux pour l'éducation

L'art est une force inépuisable qui peut transformer le monde et les vies des individus. Il n'est pas seulement un divertissement ou un hobby, mais il joue un rôle crucial dans l'éducation moderne. Dans cet article, nous explorerons comment l'art peut être utilisé efficacement pour améliorer les performances scolaires et aider à développer des compétences essentiel",100,27808,False,True,"fr,fr",1,99,100
42,monolingual,fr,okapi,Générer un billet de blog de 500 mots résumant l'état actuel de l'intelligence artificielle.,clean,"Titre: L'État Actuel de l'Intelligence Artificielle

L'intelligence artificielle (IA) est une branche croissante et prometteuse du domaine des technologies numériques. Elle se développe rapidement en raison de sa capacité à améliorer les performances dans divers domaines tels que la médecine, le commerce, la sécurité, etc.

La technologie IA a évolué depuis son origine dans les années 195",100,27808,False,True,"fr,fr,fr",0,0,0
42,monolingual,fr,okapi,Générer un billet de blog de 500 mots résumant l'état actuel de l'intelligence artificielle.,L22H6_prefill,"Titre: L'État Actuel de l'Intelligence Artificielle

L'intelligence artificielle (IA) est une branche croissante et prometteuse du domaine des technologies numériques. Elle se développe rapidement en raison de sa capacité à améliorer les performances dans divers domaines tels que la médecine, le commerce, la sécurité, etc.

La technologie IA a évolué depuis son origine dans les années 195",100,27808,False,True,"fr,fr,fr",1,99,1
42,monolingual,fr,okapi,Générer un billet de blog de 500 mots résumant l'état actuel de l'intelligence artificielle.,L22H6_decode,"Titre: L'État Actuel de l'Intelligence Artificielle

L'intelligence artificielle (IA) est une branche de la technologie qui simule ou reproduit les capacités cognitives humaines. Elle se développe rapidement et est aujourd'hui omniprésente empreint dans nos vies quotidiennes.

La IA existe depuis des décennies, mais il n'est pas jusqu'à présent que nous avons atteint le point où elle peut",100,27808,False,True,"fr,fr,fr",1,99,99
42,monolingual,fr,okapi,Générer un billet de blog de 500 mots résumant l'état actuel de l'intelligence artificielle.,L22H6_all,"Titre: L'État Actuel de l'Intelligence Artificielle

L'intelligence artificielle (IA) est une branche de la technologie qui simule ou reproduit les capacités cognitives humaines. Elle se développe rapidement et est aujourd'hui omniprésente empreint dans nos vies quotidiennes.

La IA existe depuis des décennies, mais il n'est pas jusqu'à présent que nous avons atteint le point où elle peut",100,27808,False,True,"fr,fr,fr",1,99,100
42,monolingual,fr,okapi,Générer un billet de blog de 500 mots résumant l'état actuel de l'intelligence artificielle.,L22H8_control,"Titre: L'État Actuel de l'Intelligence Artificielle

L'intelligence artificielle (IA) est une branche croissante et prometteuse du domaine des technologies numériques. Elle se développe rapidement en raison de sa capacité à améliorer la performance dans divers domaines tels que le traitement du langage naturel, les réseaux sociaux, l'apprentissage automatique, etc.

La technologie IA a déjà",100,27808,False,True,"fr,fr,fr",1,99,100
43,monolingual,fr,native,"Pour un magazine sportif, explique dans un court article de 7 phrases, la différence entre le catch et la lutte. Prends un ton enthousiaste mais n'insère pas de smileys.",clean,"Le catch et la lutte sont deux sports extrêmement populaires qui ont des caractéristiques distinctes. Le catch est une discipline où les athlètes utilisent leurs bras pour attraper des poids ou des objets spécifiques. C'est un sport d'équilibre physique et mental, nécessitant beaucoup de force, de précision et de concentration.

En revanche, la lutte est un combat à mains nues où les combattants se battent avec",100,2304,False,True,"fr,fr",0,0,0
43,monolingual,fr,native,"Pour un magazine sportif, explique dans un court article de 7 phrases, la différence entre le catch et la lutte. Prends un ton enthousiaste mais n'insère pas de smileys.",L22H6_prefill,"Le catch et la lutte sont deux sports extrêmement populaires qui ont des caractéristiques distinctes. Le catch est une discipline où les athlètes utilisent leurs bras pour attraper des poids ou des objets spécifiques. C'est un sport d'équilibre physique et mental, nécessitant beaucoup de force, de précision et de concentration.

En revanche, la lutte est un combat à mains nues où les combattants se battent avec",100,2304,False,True,"fr,fr",1,99,1
43,monolingual,fr,native,"Pour un magazine sportif, explique dans un court article de 7 phrases, la différence entre le catch et la lutte. Prends un ton enthousiaste mais n'insère pas de smileys.",L22H6_decode,"Le catch et la lutte sont deux disciplines du sport qui rivalisent en pure forme physique et mental. Le catch est une compétición que se joue sur un terrain de catch, où les athlètes utilisent des chaussures spéciales pour attraper et soulever des poids pesant jusqu'à plusieurs tonnes. C'est un sport d'équilibre et de coordination, nécessitant non seulement une grande force, mais aussi une précision et une agilité.

En",100,2304,False,True,fr,1,99,99
43,monolingual,fr,native,"Pour un magazine sportif, explique dans un court article de 7 phrases, la différence entre le catch et la lutte. Prends un ton enthousiaste mais n'insère pas de smileys.",L22H6_all,"Le catch et la lutte sont deux disciplines du sport qui rivalisent en pure forme physique et mental. Le catch est une compétición que se joue sur un terrain de catch, où les athlètes utilisent des chaussures spéciales pour attraper et soulever des poids pesant jusqu'à plusieurs tonnes. C'est un sport d'équilibre et de coordination, nécessitant non seulement une grande force, mais aussi une précision et une agilité.

En",100,2304,False,True,fr,1,99,100
43,monolingual,fr,native,"Pour un magazine sportif, explique dans un court article de 7 phrases, la différence entre le catch et la lutte. Prends un ton enthousiaste mais n'insère pas de smileys.",L22H8_control,"Le catch et la lutte sont deux sports extrêmement populaires qui ont des caractéristiques distinctes. Le catch est une discipline où les athlètes utilisent leurs bras pour attraper des poids ou des objets spécifiques. C'est un sport d'équilibre physique et mental, nécessitant beaucoup de force, de précision et de concentration.

En revanche, la lutte est un combat à mains nues où les combattants se battent avec",100,2304,False,True,"fr,fr",1,99,100
44,monolingual,fr,native,Imagine une entreprise qui fusionne le secteur de la technologie de pointe avec l'industrie de la mode pour créer des vêtements intelligents. Donne trois idées pour faire du profit,clean,"1. **Smart Clothing with Adaptive Features**: Créer des vêtements intelligentes qui peuvent ajuster leur forme et leur couleur en fonction de l'environnement extérieur ou de l'état de santé de l'utilisateur. Par exemple, un t-shirt peut changer de couleur si le porteur est sous tension musculaire.

2. **Virtual Reality Fashion Showrooms**: Utiliser les technologies de réalité virtuelle (VR) pour créer des expériences de shopping interactives où les",100,16,False,True,"fr,fr",0,0,0
44,monolingual,fr,native,Imagine une entreprise qui fusionne le secteur de la technologie de pointe avec l'industrie de la mode pour créer des vêtements intelligents. Donne trois idées pour faire du profit,L22H6_prefill,"1. **Smart Clothing with Adaptive Features**: Créer des vêtements intelligentes qui peuvent ajuster leur forme et leur couleur en fonction de l'environnement extérieur ou de l'état de santé de l'utilisateur. Par exemple, un t-shirt peut changer de couleur si le porteur est sous tension musculaire.

2. **Virtual Reality Fashion Showrooms**: Utiliser les technologies de réalité virtuelle (VR) pour créer des expériences de shopping in vivo où les",100,16,False,True,"fr,fr",1,99,1
44,monolingual,fr,native,Imagine une entreprise qui fusionne le secteur de la technologie de pointe avec l'industrie de la mode pour créer des vêtements intelligents. Donne trois idées pour faire du profit,L22H6_decode,"1. **Smart Clothing with Adaptive Features**: Integrate advanced sensors and AI into clothing to create garments that can adapt to the wearer's environment or personal preferences. For example, smart shirts could adjust their temperature based on body heat, or shoes could change color or texture depending on the weather.

2. **Virtual Try-On Technology**: Develop technology that allows customers to virtually try on clothes in real-time using augmented reality (AR). This would eliminate the need for physical fitting rooms and reduce return rates, increasing",100,16,False,False,"en,en",1,99,99
44,monolingual,fr,native,Imagine une entreprise qui fusionne le secteur de la technologie de pointe avec l'industrie de la mode pour créer des vêtements intelligents. Donne trois idées pour faire du profit,L22H6_all,"1. **Smart Clothing with Adaptive Features**: Integrate advanced sensors and AI into clothing to create garments that can adapt to the wearer's environment or personal preferences. For example, smart shirts could adjust their temperature based on body heat, or shoes could change color or texture depending on the weather.

2. **Virtual Try-On Technology**: Develop technology that allows customers to virtually try on clothes in real-time using augmented reality (AR). This would eliminate the need for physical fitting rooms and reduce return rates, increasing",100,16,False,False,"en,en",1,99,100
44,monolingual,fr,native,Imagine une entreprise qui fusionne le secteur de la technologie de pointe avec l'industrie de la mode pour créer des vêtements intelligents. Donne trois idées pour faire du profit,L22H8_control,"1. **Smart Clothing with Adaptive Comfort**: Créer des vêtements intelligentes qui peuvent ajuster leur forme et leur confort en fonction de l'environnement extérieur ou de la posture de l'utilisateur. Par exemple, les vêtements peuvent s'adapter à différents types d'air (chaud/froid), à différentes conditions météorologiques (soleil/rainy) ou même à la position de l'utilisateur sur un bureau.

2. **Virtual Reality",100,16,False,True,fr,1,99,100
45,monolingual,fr,dolly,"Quelle est la durée de vie moyenne d'un Golden Retriever ?
context: les Golden Retrievers sont généralement en bonne santé ; leur durée de vie moyenne est de 12 à 13 ans. L'élevage irresponsable pour répondre à la forte demande a conduit à la prévalence de problèmes de santé héréditaires dans certaines lignées de races, y compris des affections cutanées, allergiques, des problèmes oculaires et parfois de la vivacité. Ces problèmes sont rarement rencontrés chez les chiens élevés par des éleveurs responsables.",clean,"La durée de vie moyenne d'un Golden Retriever est généralement de 12 à 13 ans. Cependant, il est important de noter que l'espérance de vie peut varier selon plusieurs facteurs tels que le niveau d'exercice, l'alimentation, le traitement médical et l'éducation du chien. Les Golden Retrievers qui sont élevés de manière responsable ont tendance à avoir une meilleure qualité de vie et",100,8747,False,True,fr,0,0,0
45,monolingual,fr,dolly,"Quelle est la durée de vie moyenne d'un Golden Retriever ?
context: les Golden Retrievers sont généralement en bonne santé ; leur durée de vie moyenne est de 12 à 13 ans. L'élevage irresponsable pour répondre à la forte demande a conduit à la prévalence de problèmes de santé héréditaires dans certaines lignées de races, y compris des affections cutanées, allergiques, des problèmes oculaires et parfois de la vivacité. Ces problèmes sont rarement rencontrés chez les chiens élevés par des éleveurs responsables.",L22H6_prefill,"La durée de vie moyenne d'un Golden Retriever est généralement de 12 à 13 ans. Cependant, il est important de noter que l'espérance de vie peut varier selon plusieurs facteurs tels que le niveau d'exercice, l'alimentation, le traitement médical et l'éducation du chien. Les Golden Retrievers qui sont élevés de manière responsable ont tendance à avoir une meilleure qualité de vie et",100,8747,False,True,fr,1,99,1
45,monolingual,fr,dolly,"Quelle est la durée de vie moyenne d'un Golden Retriever ?
context: les Golden Retrievers sont généralement en bonne santé ; leur durée de vie moyenne est de 12 à 13 ans. L'élevage irresponsable pour répondre à la forte demande a conduit à la prévalence de problèmes de santé héréditaires dans certaines lignées de races, y compris des affections cutanées, allergiques, des problèmes oculaires et parfois de la vivacité. Ces problèmes sont rarement rencontrés chez les chiens élevés par des éleveurs responsables.",L22H6_decode,"La durée de vie moyenne d'un Golden Retriever est généralement de 12 à 13 ans. Cependant, il est important de noter que l'espèce humaine, qui est responsable du développement de ces maladies héréditarias, n'est pas le seul facteur influençant la longévité de ce type de chien. Les conditions de vie, l'alimentation, le niveau de soins et l'",100,8747,False,True,fr,1,99,99
45,monolingual,fr,dolly,"Quelle est la durée de vie moyenne d'un Golden Retriever ?
context: les Golden Retrievers sont généralement en bonne santé ; leur durée de vie moyenne est de 12 à 13 ans. L'élevage irresponsable pour répondre à la forte demande a conduit à la prévalence de problèmes de santé héréditaires dans certaines lignées de races, y compris des affections cutanées, allergiques, des problèmes oculaires et parfois de la vivacité. Ces problèmes sont rarement rencontrés chez les chiens élevés par des éleveurs responsables.",L22H6_all,"La durée de vie moyenne d'un Golden Retriever est généralement de 12 à 13 ans. Cependant, il est important de noter que l'espèce humaine, qui est responsable du développement de ces maladies héréditarias, n'est pas le seul facteur influençant la longévité de ce type de chien. Les conditions de vie, l'alimentation, le niveau d'exercice, ainsi",100,8747,False,True,fr,1,99,100
45,monolingual,fr,dolly,"Quelle est la durée de vie moyenne d'un Golden Retriever ?
context: les Golden Retrievers sont généralement en bonne santé ; leur durée de vie moyenne est de 12 à 13 ans. L'élevage irresponsable pour répondre à la forte demande a conduit à la prévalence de problèmes de santé héréditaires dans certaines lignées de races, y compris des affections cutanées, allergiques, des problèmes oculaires et parfois de la vivacité. Ces problèmes sont rarement rencontrés chez les chiens élevés par des éleveurs responsables.",L22H8_control,"La durée de vie moyenne d'un Golden Retriever est généralement de 12 à 13 ans. Cependant, il est important de noter que l'espérance de vie peut varier selon plusieurs facteurs tels que le mode de vie, l'alimentation, l'exercice et même l'éducation du chien. Les Golden Retrievers qui sont élevés de manière responsable ont tendance à avoir une meilleure qualité de vie et un",100,8747,False,True,fr,1,99,100
46,monolingual,fr,native,"donne moi 3 idées pour mieux se concentrer à travailler, chaque idée ne doit pas dépasser 60 mots.",clean,"1. Utilisez un environnement de travail calme et silencieux.
2. Adoptez une routine quotidienne qui aide à la concentration.
3. Apprenez des techniques d'auto-concentration comme l'étirement mental ou le comptage de respiration.",57,16,False,True,"fr,fr,fr",0,0,0
46,monolingual,fr,native,"donne moi 3 idées pour mieux se concentrer à travailler, chaque idée ne doit pas dépasser 60 mots.",L22H6_prefill,"1. Utilisez un environnement de travail calme et silencieux.
2. Adoptez une routine quotidienne qui aide à la concentration.
3. Apprenez des techniques d'auto-concentration comme l'étirement mental ou le comptage de syllabes.",58,16,False,True,"fr,fr,fr",1,57,1
46,monolingual,fr,native,"donne moi 3 idées pour mieux se concentrer à travailler, chaque idée ne doit pas dépasser 60 mots.",L22H6_decode,"1. Utilisez un horaire de travail régulier et fixe.
2. Évitez les distractions en choisissant une zone tranquille pour travailler.
3. Adoptez des techniques d'autoconcentration comme la méditation ou le comptage mental.",57,16,False,True,"fr,fr,fr",1,56,56
46,monolingual,fr,native,"donne moi 3 idées pour mieux se concentrer à travailler, chaque idée ne doit pas dépasser 60 mots.",L22H6_all,"1. Utilisez un horaire de travail régulier et fixe.
2. Évitez les distractions en choisissant une zone tranquille pour travailler.
3. Adoptez des techniques d'autoconcentration comme la méditation ou le comptage mental.",57,16,False,True,"fr,fr,fr",1,56,57
46,monolingual,fr,native,"donne moi 3 idées pour mieux se concentrer à travailler, chaque idée ne doit pas dépasser 60 mots.",L22H8_control,"1. Utilisez un environnement de travail calme et silencieux.
2. Adoptez une routine quotidienne qui aide à la concentration.
3. Apprenez des techniques d'auto-concentration comme l'étirement mental ou le comptage de syllabes.",58,16,False,True,"fr,fr,fr",1,57,58
47,monolingual,fr,native,Ecris un texte de 150 mots sur comment la photographie de voyage peut enrichir l'expérience du voyageur,clean,"La photographie de voyage est une excellente façon d'enrichir votre expérience de voyage. Elle permet non seulement de capturer des souvenirs précieux, mais aussi de créer un lien unique entre le passé et le présent. Voici quelques façons dont la photographie de voyage peut enrichir votre expérience :

1. **Capturez les moments spécifiques** : Chaque instant de votre voyage mérite sa propre photo. Cela pourrait être un moment de détente dans un parc",100,8747,False,True,"fr,fr",0,0,0
47,monolingual,fr,native,Ecris un texte de 150 mots sur comment la photographie de voyage peut enrichir l'expérience du voyageur,L22H6_prefill,"La photographie de voyage est une excellente façon d'enrichir votre expérience de voyage. Elle permet non seulement de capturer des souvenirs précieux, mais aussi de créer un lien unique entre le passé et le présent. Voici quelques façons dont la photographie de voyage peut vous aider à enrichir votre expérience :

1. **Capturez les moments spécifiques** : Chaque instant de votre voyage mérite sa propre photo. Cela pourrait être un moment de détente",100,8747,False,True,"fr,fr",1,99,1
47,monolingual,fr,native,Ecris un texte de 150 mots sur comment la photographie de voyage peut enrichir l'expérience du voyageur,L22H6_decode,"La photographie de voyage est une pratique fascinante qui permet à chaque voyageur d'enregistrer et de partager des souvenirs précieux. Elle offre plusieurs avantages pour enrichir l'expérience globale :

1. **Capture des moments inattendus**: La photo est souvent le seul souvenir que nous gardons après avoir quitté notre lieu d'origine. C'est particulièrement vrai lorsqu'on voyage dans des pays étrangers ou en situations imprévues.

",100,8747,False,True,"fr,fr",1,99,99
47,monolingual,fr,native,Ecris un texte de 150 mots sur comment la photographie de voyage peut enrichir l'expérience du voyageur,L22H6_all,"La photographie de voyage est une pratique fascinante qui permet à chaque voyageur d'enregistrer et de partager des souvenirs précieux. Elle offre plusieurs avantages pour enrichir l'expérience globale :

1. **Capture des moments inattendus**: La photo est souvent le seul souvenir que nous gardons après avoir quitté notre lieu d'origine. C'est particulièrement vrai lorsqu'on voyage dans des pays étrangers ou en situations imprévues.

",100,8747,False,True,"fr,fr",1,99,100
47,monolingual,fr,native,Ecris un texte de 150 mots sur comment la photographie de voyage peut enrichir l'expérience du voyageur,L22H8_control,"La photographie de voyage est une excellente façon d'enrichir votre expérience de voyage. Elle permet non seulement de capturer des souvenirs précieux, mais aussi de créer un lien unique entre le passé et le présent. Voici quelques façons dont la photographie de voyage peut enrichir votre expérience :

1. **Capturez les moments spécifiques** : Chaque instant de votre voyage mérite sa propre photo. Cela pourrait être un moment de détente dans un parc",100,8747,False,True,"fr,fr",1,99,100
48,monolingual,de,okapi,Schreiben Sie einen Blog-Beitrag über abstrakte Kunst.,clean,"Hier ist ein Beispiel für einen Blog-Beitrag über abstrakte Kunst:

Titel: ""Abstraktische Kunst - Eine neue Perspektive auf die Künstlerin""

In der Kunst gibt es viele verschiedene Formen und Stile, aber eine besonders interessante und oft unerwartete Methode zur Ausdrucksform ist die Abstraktion. Die Abstraktion ist eine kreativ-mathematische Technik, bei der das Wesentliche eines Bild",100,74909,False,True,"de,de,de",0,0,0
48,monolingual,de,okapi,Schreiben Sie einen Blog-Beitrag über abstrakte Kunst.,L22H6_prefill,"Hier ist ein Beispiel für einen Blog-Beitrag über abstrakte Kunst:

Titel: ""Abstraktische Kunst - Eine neue Perspektive auf die Künstlerin""

In der Kunst gibt es viele verschiedene Formen und Stile, aber eine besonders interessante und oft unerwartete ist die Abstraktion. Die Abstraktion ist eine kreative Methode, bei der das Wesentliche eines Bildes oder einer Figur ausdrückt, ohne es",100,74909,False,True,"de,de,de",1,99,1
48,monolingual,de,okapi,Schreiben Sie einen Blog-Beitrag über abstrakte Kunst.,L22H6_decode,"Hier ist ein Beispiel für einen Blog-Beitrag über abstrakte Kunst:

Titel: ""Abstraktische Kunst - Eine neue Perspektive auf die Künstlerie""

In der modernen Kunst gibt es eine Vielfalt an Stilen und Methoden, aber manche Künstler haben sich mit einer spezifischen Form der Künstlerie vertraut gemacht: der Abstraktion.

Abstraktische Kunst ist eine Art von Künstler",100,74909,False,True,"de,de,de,de",1,99,99
48,monolingual,de,okapi,Schreiben Sie einen Blog-Beitrag über abstrakte Kunst.,L22H6_all,"Hier ist ein Beispiel für einen Blog-Beitrag über abstrakte Kunst:

Titel: ""Abstraktische Kunst - Eine neue Perspektive auf die Künstlerie""

In der modernen Kunst gibt es eine Vielfalt an Stilen und Methoden, aber manche Künstler haben sich mit einer spezifischen Form der Künstlerie vertraut gemacht: der Abstraktion.

Abstraktische Kunst ist eine Art von Künstler",100,74909,False,True,"de,de,de,de",1,99,100
48,monolingual,de,okapi,Schreiben Sie einen Blog-Beitrag über abstrakte Kunst.,L22H8_control,"Hier ist ein Beispiel für einen Blog-Beitrag über abstrakte Kunst:

Titel: ""Abstraktes Kunst - Eine neue Perspektive auf die Künstlerische Wirkung""

In der modernen Kunst gibt es eine zunehmende Präsenz von Abstraktionskunst. Diese Form der Künstlerie hat sich in den letzten Jahrhunderten durch ihre unverwechselbare Qualität und ihre vielfältige Interpretation bewäh",100,74909,False,True,"de,de,de",1,99,100
49,monolingual,de,okapi,"Verfassen Sie einen Aufsatz, in dem Sie die Rolle von Vertrauen und Glaubwürdigkeit in Beziehungen diskutieren.
",clean,"Titel: Die Bedeutung von Vertrauen und Glaubwürdigkeit in Beziehungen

In der Welt des menschlichen Zusammenlebens ist das Vertrauen und Glaubwürdigkeit eine grundlegende Struktur, die den Erfolg und die Stabilität von Beziehungen beeinflusst. Diese beiden Faktoren sind nicht nur wichtig für persönliche Beziehungen, sondern auch für die Arbeits- und Schul",100,27808,False,True,"de,de",0,0,0
49,monolingual,de,okapi,"Verfassen Sie einen Aufsatz, in dem Sie die Rolle von Vertrauen und Glaubwürdigkeit in Beziehungen diskutieren.
",L22H6_prefill,"Titel: Die Bedeutung von Vertrauen und Glaubwürdigkeit in Beziehungen

In der Welt des menschlichen Zusammenlebens ist das Vertrauen und Glaubwürdigkeit eine grundlegende Struktur, die den Erfolg und die Stabilität von Beziehungen beeinflusst. Diese beiden Faktoren sind nicht nur wichtig für persönliche Beziehungen, sondern auch für die Arbeits- und Schul",100,27808,False,True,"de,de",1,99,1
49,monolingual,de,okapi,"Verfassen Sie einen Aufsatz, in dem Sie die Rolle von Vertrauen und Glaubwürdigkeit in Beziehungen diskutieren.
",L22H6_decode,"Titel: Die Bedeutung von Vertrauen und Glaubwürdigkeit in Beziehungen

In der Welt des menschlichen Zusammenlebens ist das Vertrauen und Glaubwürdigkeit ein grundlegendes Element. Diese beiden Faktoren sind nicht nur wichtig für den persönlichen Frieden und Stabilität, sondern auch für die erfolgreiche Ausübung von Beziehungen. In diesem Artikel werden wir uns auf die Rolle von",100,27808,False,True,"de,de",1,99,99
49,monolingual,de,okapi,"Verfassen Sie einen Aufsatz, in dem Sie die Rolle von Vertrauen und Glaubwürdigkeit in Beziehungen diskutieren.
",L22H6_all,"Titel: Die Bedeutung von Vertrauen und Glaubwürdigkeit in Beziehungen

In der Welt des menschlichen Zusammenlebens ist das Vertrauen und Glaubwürdigkeit ein grundlegendes Element. Diese beiden Faktoren sind nicht nur wichtig für den persönlichen Frieden und Stabilität, sondern auch für die erfolgreiche Ausübung von Beziehungen. In diesem Artikel werden wir uns auf die Rolle von",100,27808,False,True,"de,de",1,99,100
49,monolingual,de,okapi,"Verfassen Sie einen Aufsatz, in dem Sie die Rolle von Vertrauen und Glaubwürdigkeit in Beziehungen diskutieren.
",L22H8_control,"Titel: Die Bedeutung von Vertrauen und Glaubwürdigkeit in Beziehungen

In der Welt des menschlichen Zusammenlebens ist das Vertrauen und Glaubwürdigkeit ein grundlegendes Element. Diese beiden Faktoren sind nicht nur wichtig für den persönlichen Frieden und Stabilität, sondern auch für die erfolgreiche Ausübung von Beziehungen. In diesem Artikel werden wir uns auf die Rolle von",100,27808,False,True,"de,de",1,99,100
50,monolingual,de,okapi,"Generieren Sie einen erklärenden Aufsatz von 300 Wörtern über die Automobilindustrie.
",clean,"Die Automobilindustrie ist ein wirtschaftliches und technologisches Establishment mit einer langwierigen Geschichte und einem starken Einfluss auf die Gesellschaft. Als der erste Motorfahrzeug in den USA erschien, war es eine revolutionäre Entwicklung, die das Leben der Menschen grundlegend verändert hat. Die Industrie hat sich seitdem weiterentwickelt, um zu erfüllen ihre unersättlichen Bedürfnisse und Herausforderungen.

",100,18175,False,True,de,0,0,0
50,monolingual,de,okapi,"Generieren Sie einen erklärenden Aufsatz von 300 Wörtern über die Automobilindustrie.
",L22H6_prefill,"Die Automobilindustrie ist ein wirtschaftliches und technologisches Establishment mit einer langwierigen Geschichte und einem starken Einfluss auf die Gesellschaft. Als der erste Motorfahrzeug in den USA erschien, war es eine revolutionäre Entwicklung, die das Leben der Menschen grundlegend verändert hat. Die Industrie hat sich seitdem weiterentwickelt, um zu erfüllen ihre unersättlichen Bedürfnisse und Herausforderungen.

",100,18175,False,True,de,1,99,1
50,monolingual,de,okapi,"Generieren Sie einen erklärenden Aufsatz von 300 Wörtern über die Automobilindustrie.
",L22H6_decode,"Die Automobilindustrie ist ein wirtschaftliches und technologisches Establishment, das sich auf den Bau, Verkauf und Betrieb von Fahrzeugen spezialisiert hat. Diese Industrie ist eine der wichtigsten in der globalen Wirtschaft und spielt eine entscheidende Rolle im Leben von Menschen weltweit.

Der Ausgangspunkt für die Entwicklung der Automobilszenarien war der Versuch, die Leistungsfähigkeit und die Effizienz",100,18175,False,True,"de,de",1,99,99
50,monolingual,de,okapi,"Generieren Sie einen erklärenden Aufsatz von 300 Wörtern über die Automobilindustrie.
",L22H6_all,"Die Automobilindustrie ist ein wirtschaftliches und technologisches Establishment, das sich auf den Bau, Verkauf und Betrieb von Fahrzeugen spezialisiert hat. Diese Industrie ist eine der wichtigsten in der globalen Wirtschaft und spielt eine entscheidende Rolle im Leben von Menschen weltweit.

Der Ausgangspunkt für die Entwicklung der Automobilszenarien war der Versuch, die Leistungsfähigkeit und die Effizienz",100,18175,False,True,"de,de",1,99,100
50,monolingual,de,okapi,"Generieren Sie einen erklärenden Aufsatz von 300 Wörtern über die Automobilindustrie.
",L22H8_control,"Die Automobilindustrie ist ein wirtschaftliches und technologisches Establishment mit einer langwierigen Geschichte und einem starken Einfluss auf die Gesellschaft. Als der erste Motorfahrzeug in den USA erschien, war es eine revolutionäre Entwicklung, die das Leben der Menschen grundlegend verändert hat. Die Industrie hat sich seitdem weiterentwickelt, um zu erfüllen ihre unersättlichen Bedürfnisse und Herausforderungen.

",100,18175,False,True,de,1,99,100
51,monolingual,de,okapi,"Schreiben Sie einen überzeugenden Essay darüber, warum die Umverteilung von Reichtum notwendig ist.
",clean,"Hier ist ein Essay zum Thema ""Die Notwendigkeit der Umverteilung von Reichtum"":

Der Wandel in der Weltwirtschaft hat uns gezeigt, dass eine hohe Ungleichheit in der Bevölkerungsgemeinschaften nicht nur für den wirtschaftlichen Fortschritt gefährdet, sondern auch für das globale Zusammenhalt und die soziale Harmonie schadet. Die Umverteilung von Reichtum ist daher ein wichtiger",100,74909,False,True,"de,de",0,0,0
51,monolingual,de,okapi,"Schreiben Sie einen überzeugenden Essay darüber, warum die Umverteilung von Reichtum notwendig ist.
",L22H6_prefill,"Hier ist ein Essay zum Thema ""Die Notwendigkeit der Umverteilung von Reichtum"":

Der Wandel in der Weltwirtschaft hat uns gezeigt, dass eine hohe Ungleichheit in der Bevölkerungsgemeinschaften nicht nur für den wirtschaftlichen Fortschritt gefährdet, sondern auch für das globale Zusammenhalt und die soziale Harmonie schadet. Die Umverteilung von Reichtum ist daher ein wichtiger",100,74909,False,True,"de,de",1,99,1
51,monolingual,de,okapi,"Schreiben Sie einen überzeugenden Essay darüber, warum die Umverteilung von Reichtum notwendig ist.
",L22H6_decode,"Hier ist ein Essay über den Themenkreis ""Notwendigkeit der Umverteilung von Reichtum"":

Der Wandel in der Weltwirtschaft hat uns gezeigt, dass eine hohe Ungleichheit in der Bevölkerungsgemeinschaften nicht nur für das Gleichgewicht und die Stabilität des Gesellschaftssystems gefährdet, sondern auch für die soziale Harmonie und die wirtschaftliche Entwicklung der einzelnen Mitglieder bede",100,74909,False,True,"de,de",1,99,99
51,monolingual,de,okapi,"Schreiben Sie einen überzeugenden Essay darüber, warum die Umverteilung von Reichtum notwendig ist.
",L22H6_all,"Hier ist ein Essay über den Themenkreis ""Notwendigkeit der Umverteilung von Reichtum"":

Titel: Die Notwendigkeit einer umgelegten Welt des Reichtums

In diesemEssay werde ich argumentieren, dass eine geringere Ungleichheit in der Verbreitung von Reichtum für alle Menschen notwendig ist und positive Auswirkungen auf unsere Gesellschaft haben würde.

Zunächst einmal müssen wir erkennen, dass die hohe",100,74909,False,True,"de,de,de,de",1,99,100
51,monolingual,de,okapi,"Schreiben Sie einen überzeugenden Essay darüber, warum die Umverteilung von Reichtum notwendig ist.
",L22H8_control,"Hier ist ein Essay zum Thema ""Die Notwendigkeit der Umverteilung von Reichtum"":

Der Wandel in der Weltwirtschaft hat uns gezeigt, dass eine hohe Ungleichheit in der Bevölkerungsgemeinschaften nicht nur für den wirtschaftlichen Fortschritt gefährdet, sondern auch für das globale Zusammenhalt und die soziale Harmonie schadet. Die Umverteilung von Reichtum ist daher ein wichtiger",100,74909,False,True,"de,de",1,99,100
52,monolingual,de,okapi,Schreiben Sie einen kurzen überzeugenden Aufsatz über die Bedeutung des Wählens.,clean,"Hier ist ein kurzer Überzeugender Aufsatz über den Wert des Wahlens:

Der Wahlprozess ist nicht nur eine Form der Autonomie und Entscheidungsfindung, sondern auch ein entscheidendes Element für die Entwicklung von Gemeinschaften und individueller Identität. Durch das Wahlverhalten können wir unsere Prioritäten und Ziele festlegen, gemeinsame Interessen verbinden und neue Perspektiven erlangen.

Wähle also nicht",100,74909,False,True,"de,de",0,0,0
52,monolingual,de,okapi,Schreiben Sie einen kurzen überzeugenden Aufsatz über die Bedeutung des Wählens.,L22H6_prefill,"Hier ist ein kurzer Überzeugender Aufsatz über den Wert des Wahlens:

Der Wahlprozess ist nicht nur eine Form der Autonomie und Entscheidungsfindung, sondern auch ein entscheidendes Element für die Entwicklung von Gemeinschaften und individueller Identität. Durch das Wahlverhalten können wir unsere Prioritäten und Ziele festlegen, gemeinsame Interessen verbinden und neue Perspektiven erlangen.

Wähle also nicht",100,74909,False,True,"de,de",1,99,1
52,monolingual,de,okapi,Schreiben Sie einen kurzen überzeugenden Aufsatz über die Bedeutung des Wählens.,L22H6_decode,"Hier ist ein kurzer Überzeugender Aufsatz über den Wählungsbedarf:

Der Wahlberechtigte sind das Kernstück der Demokratie. Durch ihre Stimme können wir unsere Meinungen ausdrücken und unseren Willen in Politik umsetzen. Die Wahl entscheidet nicht nur über politische Entscheidungen, sondern auch über unser Leben: Wir wählen Lehrer, Arzte, Polizisten, aber auch unsere eigenen Familienmitglieder.

",100,74909,False,True,"de,de",1,99,99
52,monolingual,de,okapi,Schreiben Sie einen kurzen überzeugenden Aufsatz über die Bedeutung des Wählens.,L22H6_all,"Hier ist ein kurzer Überzeugender Aufsatz über den Wählungsbedarf:

Der Wahlberechtigte sind das Kernstück der Demokratie. Durch ihre Stimme können wir unsere Meinungen ausdrücken und unseren Willen in Politik umsetzen. Die Wahl entscheidet nicht nur über politische Entscheidungen, sondern auch über unser Leben: Wir wählen Lehrer, Arzte, Polizisten, aber auch unsere eigenen Familienmitglieder.

",100,74909,False,True,"de,de",1,99,100
52,monolingual,de,okapi,Schreiben Sie einen kurzen überzeugenden Aufsatz über die Bedeutung des Wählens.,L22H8_control,"Hier ist ein kurzer Überzeugender Aufsatz über den Wert des Wahlens:

Der Wahlprozess ist nicht nur eine Form der Autonomie und Entscheidungsfindung, sondern auch ein entscheidendes Element für die Entwicklung von Gemeinschaften und individueller Identität. Durch das Wahlverhalten können wir unsere Prioritäten und Ziele festlegen, gemeinsame Interessen verbinden und neue Perspektiven erlangen.

Wähle also nicht",100,74909,False,True,"de,de",1,99,100
53,monolingual,de,okapi,"Lied: “The Scientist” von Coldplay
Schreiben Sie eine 500-Wörter-Geschichte über dieses Lied.
",clean,"""Die Wissenschaftlerin"" ist ein wunderschöner und inspirierender Song von Coldplay, der die Schönheit des Lebens und der Suche nach Erkenntnis in einer Welt voller Herausforderungen widerspiegelt. Der Text beschreibt die Reise eines jungen Mannes, der sich mit anderen Menschen verbindet und seine eigenen Fähigkeiten entwickelt.

Der Song beginnt mit einem Bild von einem Kind, das auf dem Weg zu",100,1,False,True,"de,de",0,0,0
53,monolingual,de,okapi,"Lied: “The Scientist” von Coldplay
Schreiben Sie eine 500-Wörter-Geschichte über dieses Lied.
",L22H6_prefill,"""Die Wissenschaftlerin"" ist ein wunderschöner und inspirierender Song von Coldplay, der die Schönheit des Lebens und der Suche nach Erkenntnis in einer Welt voller Herausforderungen widerspiegelt. Der Text beschreibt die Reise eines jungen Mannes, der sich mit anderen Menschen verbindet und seine eigenen Fähigkeiten entwickelt.

Der Song beginnt mit einem Bild von einem Kind, das auf dem Weg zu",100,1,False,True,"de,de",1,99,1
53,monolingual,de,okapi,"Lied: “The Scientist” von Coldplay
Schreiben Sie eine 500-Wörter-Geschichte über dieses Lied.
",L22H6_decode,"""Die Wissenschaftlerin"" ist ein wunderbarer Song von Coldplay, der die Schönheit und Macht des Wissens in einer einfachen Melodie präsentiert. Dieses Lied wurde 2013 veröffentlicht und hat sich schnell als ein Meisterwerk der Pop-Musik etabliert.

Der Text des Songs beginnt mit einem Bild von zwei Menschen, die sich auf einen Berg zu schaffen machen. Sie sind beide sehr intelligent und wissen viel",100,1,False,True,"de,de",1,99,99
53,monolingual,de,okapi,"Lied: “The Scientist” von Coldplay
Schreiben Sie eine 500-Wörter-Geschichte über dieses Lied.
",L22H6_all,"""Die Wissenschaftlerin"" ist ein wunderbarer Song von Coldplay, der die Schönheit und Macht des Wissens in einer einfachen Melodie präsentiert. Dieses Lied wurde 2013 veröffentlicht und hat sich schnell als ein Meisterwerk der Pop-Musik etabliert.

Der Text des Songs beginnt mit einem Bild von zwei Menschen, die sich auf einen Berg zu schaffen machen. Sie sind beide sehr intelligent und wissen viel",100,1,False,True,"de,de",1,99,100
53,monolingual,de,okapi,"Lied: “The Scientist” von Coldplay
Schreiben Sie eine 500-Wörter-Geschichte über dieses Lied.
",L22H8_control,"""Die Wissenschaftlerin"" ist ein wunderschöner und inspirierender Song von Coldplay, der die Schönheit des Lebens und der Suche nach Erkenntnis in einer Welt voller Herausforderungen widerspiegelt. Der Text beschreibt die Reise eines jungen Mannes, der sich mit anderen Menschen verbindet und seine eigenen Fähigkeiten entwickelt.

Der Song beginnt mit einem Bild von einem Kind, das auf dem Weg zu",100,1,False,True,"de,de",1,99,100
54,monolingual,de,okapi,"Recherchieren Sie ein historisches Ereignis und erklären Sie in einem fünf Absätze umfassenden Essay, was passiert ist.
Historisches Ereignis: Die Kubakrise
",clean,"Die Kubakrise war eine wichtige Phase im Zweiten Weltkrieg, die von 1948 bis 1949 stattfand und sowohl für die Geschichte der Sowjetunion als auch für die Geschichte des Westens einen bedeutenden Einfluss hatte.

Am 23. Juni 1947 wurde das Kuba-Gesetz verabschiedet, das den Besitz von Amerika-Flugzeugen auf dem Lande erla",100,18175,False,True,"de,de",0,0,0
54,monolingual,de,okapi,"Recherchieren Sie ein historisches Ereignis und erklären Sie in einem fünf Absätze umfassenden Essay, was passiert ist.
Historisches Ereignis: Die Kubakrise
",L22H6_prefill,"Die Kubakrise war eine wichtige Phase im Zweiten Weltkrieg, die von 1948 bis 1949 stattfand und sowohl für die Geschichte der Sowjetunion als auch für die Geschichte des Westens einen bedeutenden Einfluss hatte.

Am 23. Juni 1947 wurde das Kuba-Gesetz verabschiedet, das den Besitz von Amerika-Flugzeugen auf dem Lande erla",100,18175,False,True,"de,de",1,99,1
54,monolingual,de,okapi,"Recherchieren Sie ein historisches Ereignis und erklären Sie in einem fünf Absätze umfassenden Essay, was passiert ist.
Historisches Ereignis: Die Kubakrise
",L22H6_decode,"Die Kubakrise war eine der wichtigsten politischen Konflikte des 20. Jahrhunderts und fand ihren Ausbruch im Jahre 1953 in Indien statt. Dieses Ereignis hatte einen starken Einfluss auf die Entwicklung der Region und die internationale Politik.

Am 26. Januar 1953 wurde das britische Kolonialgebirge Kuba von den indischen Nationalisten unter dem Führung",100,18175,False,True,"de,de",1,99,99
54,monolingual,de,okapi,"Recherchieren Sie ein historisches Ereignis und erklären Sie in einem fünf Absätze umfassenden Essay, was passiert ist.
Historisches Ereignis: Die Kubakrise
",L22H6_all,"Die Kubakrise war eine der wichtigsten politischen Konflikte des 20. Jahrhunderts und fand ihren Ausbruch im Jahre 1953 in Indien statt. Dieses Ereignis hatte einen starken Einfluss auf die Entwicklung der Region und die internationale Politik.

Am 26. Januar 1953 wurde das britische Kolonialgebirge Kuba von den indischen Nationalisten unter dem Führung",100,18175,False,True,"de,de",1,99,100
54,monolingual,de,okapi,"Recherchieren Sie ein historisches Ereignis und erklären Sie in einem fünf Absätze umfassenden Essay, was passiert ist.
Historisches Ereignis: Die Kubakrise
",L22H8_control,"Die Kubakrise war eine wichtige Phase im Zweiten Weltkrieg, die von 1948 bis 1949 stattfand und sowohl für die Geschichte der Sowjetunion als auch für die Geschichte Indiens wichtig war.

Am 26. Mai 1947 stellte die britische Regierung den ""Kubaspektrum"" vor, also einen Plan zur Verwaltung des indischen Gebiets Kuba, das sich",100,18175,False,True,"de,de",1,99,100
55,monolingual,de,okapi,"Entwickeln Sie einen Leitfaden für verantwortungsvolles Online-Verhalten.
",clean,"Entwicklung eines Leitfadens zur Verantwortungsvollness in der Online-Betrieblichkeit ist ein wichtiger Schritt auf dem Weg zu einer gesunden und produktiven digitale Identität. Hier sind einige grundlegende Anleitungen und Richtlinien:

1. **Privatsphäre**: Verwenden Sie nur die Informationen, die Sie wirklich brauchen. Lassen Sie nicht Ihre Privatsphäre gefährden.

2. **Kontrolle über",100,2250,False,True,"de,de",0,0,0
55,monolingual,de,okapi,"Entwickeln Sie einen Leitfaden für verantwortungsvolles Online-Verhalten.
",L22H6_prefill,"Entwicklung eines Leitfadens zur Verantwortungsvollness in der Online-Betrieblichkeit ist ein wichtiger Schritt auf dem Weg zu einer gesunden und produktiven digitale Identität. Hier sind einige grundlegende Anleitungen und Richtlinien:

1. **Privatsphäre**: Verwenden Sie nur die Informationen, die Sie wirklich brauchen. Lassen Sie nicht Ihre Privatsphäre gefährden.

2. **Kontrolle über",100,2250,False,True,"de,de",1,99,1
55,monolingual,de,okapi,"Entwickeln Sie einen Leitfaden für verantwortungsvolles Online-Verhalten.
",L22H6_decode,"Entwicklung eines Leitfadens zur Verantwortungsvollness in der Online-Berufung ist ein wichtiger Schritt auf dem Weg zu einer gesunden und produktiven digitalen Lebensweise. Hier sind einige grundlegende Anleitungen und Richtlinien, die dazu beitragen können:

1. **Privatsphäre**: Verwenden Sie nur den必要的データ, die Sie wirklich benötigen. Wenn Sie nicht mehr mit einem bestimmten Datenbank oder Website verb",100,2250,False,True,"de,de",1,99,99
55,monolingual,de,okapi,"Entwickeln Sie einen Leitfaden für verantwortungsvolles Online-Verhalten.
",L22H6_all,"Entwicklung eines Leitfadens zur Verantwortungsvollness in der Online-Betrieblichkeit ist ein wichtiger Schritt auf dem Weg zu einer gesunden und produktiven digitalisierten Welt. Hier sind einige grundlegende Anleitungen und Richtlinien, die dazu beitragen können:

1. **Privatsphäre**: Verwenden Sie nur den Inhalt, den Sie wirklich benötigen. Vermeiden Sie das Überlassen von persönlichen Daten an unb",100,2250,False,True,"de,de",1,99,100
55,monolingual,de,okapi,"Entwickeln Sie einen Leitfaden für verantwortungsvolles Online-Verhalten.
",L22H8_control,"Entwicklung eines Leitfadens zur Verantwortungsvollness in der Online-Betrieb ist ein wichtiger Schritt auf dem Weg zu einer gesunden und produktiven digitale Identität. Hier sind einige grundlegende Anleitungen:

1. **Privatsphäre**: Verwenden Sie nur die Informationen, die Sie wirklich brauchen. Lassen Sie nicht Ihre Privatsphäre gefährden.

2. **Kontrolle über Ihr Online-Self**:",100,2250,False,True,"de,de,de",1,99,100
56,monolingual,de,okapi,"Können Sie einen Beispielartikel zum Thema erstellen?
Thema: Vor- und Nachteile der künstlichen Intelligenz
",clean,"Hier ist ein Beispielartikel zum Thema ""Vor- und Nachteile der Künstlichen Intelligenz"":

---

**Titel:** Die Herausforderungen und Potenzialen der Künstlichen Intelligenz

**Inhalt:**

Die Künstliche Intelligenz (KI) ist eine wachsende Technologie, die sich auf verschiedene Bereiche auswirkt. Diese Art von intelligenter Software ermöglicht es uns, komplexe Aufgaben",100,74909,False,True,"de,de,de",0,0,0
56,monolingual,de,okapi,"Können Sie einen Beispielartikel zum Thema erstellen?
Thema: Vor- und Nachteile der künstlichen Intelligenz
",L22H6_prefill,"Hier ist ein Beispielartikel zum Thema ""Vor- und Nachteile der Künstlichen Intelligenz"":

---

**Titel:** Die Herausforderungen und Potenzialen der Künstlichen Intelligenz

**Inhalt:**

Die Künstliche Intelligenz (KI) ist eine wachsende Technologie, die sich auf verschiedene Bereiche auswirkt. Diese Art von intelligenter Software ermöglicht es uns, komplexe Aufgaben",100,74909,False,True,"de,de,de",1,99,1
56,monolingual,de,okapi,"Können Sie einen Beispielartikel zum Thema erstellen?
Thema: Vor- und Nachteile der künstlichen Intelligenz
",L22H6_decode,"Hier ist ein Beispielartikel zum Thema ""Vor- und Nachteile der Künstlichen Intelligenz"":

---

**Titel:** Vor- und Nachteile der Künstlichen Intelligenz

**Inhalt:**

Die Künstliche Intelligenz (KI) ist eine wachsende Technologie, die sich auf das Erstellen von intelligenzen basiert, die ohne menschliches Handeln oder Verständnis entwickelt werden können. Diese",100,74909,False,True,"de,de,de",1,99,99
56,monolingual,de,okapi,"Können Sie einen Beispielartikel zum Thema erstellen?
Thema: Vor- und Nachteile der künstlichen Intelligenz
",L22H6_all,"Hier ist ein Beispielartikel zum Thema ""Vor- und Nachteile der Künstlichen Intelligenz"":

---

**Titel:** Vor- und Nachteile der Künstlichen Intelligenz

**Inhalt:**

Die Künstliche Intelligenz (KI) ist eine wachsende Technologie, die sich auf das Erstellen von intelligenzen basiert, die ohne menschliches Handeln oder Verständnis entwickelt werden können. Diese",100,74909,False,True,"de,de,de",1,99,100
56,monolingual,de,okapi,"Können Sie einen Beispielartikel zum Thema erstellen?
Thema: Vor- und Nachteile der künstlichen Intelligenz
",L22H8_control,"Hier ist ein Beispielartikel zum Thema ""Vor- und Nachteile der künstlichen Intelligenz"":

---

**Titel:** Die KI - Ein Blick in ihre Vor- und Nachteile

**Inhalt:**

Die Künstliche Intelligenz (KI) ist eine wachsende Technologie, die sich auf das Erstellen von intelligenteren Systemen bezieht. Diese Systeme können durchaus großartige Ergebnisse erzielen",100,74909,False,True,"de,de,de",1,99,100
57,monolingual,de,okapi,"Schreiben Sie einen 300-Wörter-Bericht über die Vorteile der Verwendung von KI im Strafjustizsystem.
",clean,"Hier ist ein 300-Wörter-Bericht über die Vorteile der Verwendung von Künstlicher Intelligenz (KI) im Strafjustizsystem:

Die Verwendung von Künstlicher Intelligenz (KI) in dem Bereich des Strafjustizsystems bietet zahlreiche potenzielle Vorteile und Anpassungsmöglichkeiten für den Justizwesen. Hier sind einige dieser Vorteile:

1. **Eff",100,74909,False,True,"de,de",0,0,0
57,monolingual,de,okapi,"Schreiben Sie einen 300-Wörter-Bericht über die Vorteile der Verwendung von KI im Strafjustizsystem.
",L22H6_prefill,"Hier ist ein 300-Wörter-Bericht über die Vorteile der Verwendung von Künstlicher Intelligenz (KI) im Strafjustizsystem:

Die Verwendung von Künstlicher Intelligenz (KI) in dem Bereich des Strafjustizsystems bietet zahlreiche potenzielle Vorteile und Anpassungsmöglichkeiten für den Justizwesen. Hier sind einige dieser Vorteile:

1. **Eff",100,74909,False,True,"de,de",1,99,1
57,monolingual,de,okapi,"Schreiben Sie einen 300-Wörter-Bericht über die Vorteile der Verwendung von KI im Strafjustizsystem.
",L22H6_decode,"Hier ist ein 300-Wörter-Bericht über die Vorteile der Verwendung von Künstlicher Intelligenz (KI) im Strafjustizsystem:

Die Verwendung von Künstlicher Intelligenz (KI) in dem Bereich des Strafjustizsystems bietet zahlreiche potenzielle Vorteile und Anpassungsmöglichkeiten für den Justizwesen. Diese Technologien können sowohl die Effizienz",100,74909,False,True,"de,de",1,99,99
57,monolingual,de,okapi,"Schreiben Sie einen 300-Wörter-Bericht über die Vorteile der Verwendung von KI im Strafjustizsystem.
",L22H6_all,"Hier ist ein 300-Wörter-Bericht über die Vorteile der Verwendung von Künstlicher Intelligenz (KI) im Strafjustizsystem:

Die Verwendung von Künstlicher Intelligenz (KI) in dem Bereich des Strafjustizsystems bietet zahlreiche potenzielle Vorteile und Anpassungsmöglichkeiten für den Justizwesen. Diese Technologien können sowohl die Effizienz",100,74909,False,True,"de,de",1,99,100
57,monolingual,de,okapi,"Schreiben Sie einen 300-Wörter-Bericht über die Vorteile der Verwendung von KI im Strafjustizsystem.
",L22H8_control,"Hier ist ein 300-Wörter-Bericht über die Vorteile der Verwendung von Künstlicher Intelligenz (KI) im Strafjustizsystem:

Die Verwendung von Künstlicher Intelligenz (KI) in dem Bereich des Strafjustizsystems bietet zahlreiche potenzielle Vorteile und Anpassungsmöglichkeiten für den Justizwesen. Hier sind einige dieser Vorteile:

1. **Eff",100,74909,False,True,"de,de",1,99,100
58,monolingual,de,okapi,"Schreiben Sie einen Artikel mit 500 Wörtern über die Auswirkungen der Einführung von künstlicher Intelligenz in unsere Gesellschaft.
",clean,"Hier ist ein kurzer Artikel mit 500 Wörten über die Auswirkungen der Einführung von KI in unserer Gesellschaft:

Die Einführung von Künstlicher Intelligenz (KI) hat sich in den letzten Jahren als eine entscheidende Technologieentwicklung erwiesen und hat bereits starke Auswirkungen auf unser Alltag. Die zunehmende Nutzung von KI in verschiedenen Bereichen wie Bildverarbeitung, Sprachver",100,74909,False,True,"de,de",0,0,0
58,monolingual,de,okapi,"Schreiben Sie einen Artikel mit 500 Wörtern über die Auswirkungen der Einführung von künstlicher Intelligenz in unsere Gesellschaft.
",L22H6_prefill,"Hier ist ein kurzer Artikel mit 500 Wörten über die Auswirkungen der Einführung von KI in unserer Gesellschaft:

Die Einführung von Künstlicher Intelligenz (KI) hat sich in den letzten Jahren als eine entscheidende Technologieentwicklung erwiesen und hat bereits starke Auswirkungen auf unser Alltag. Die zunehmende Nutzung von KI in verschiedenen Bereichen wie Bildverarbeitung, Sprachver",100,74909,False,True,"de,de",1,99,1
58,monolingual,de,okapi,"Schreiben Sie einen Artikel mit 500 Wörtern über die Auswirkungen der Einführung von künstlicher Intelligenz in unsere Gesellschaft.
",L22H6_decode,"Hier ist ein kurzer Artikel mit 500 Wörten über die Auswirkungen der Einführung von KI in unserer Gesellschaft:

Die Einführung von Künstlicher Intelligenz (KI) hat sich in den letzten Jahren als eine entscheidende Technologieentwicklung erwiesen und hat bereits starke Auswirkungen auf unser Alltag. Die zunehmend komplexeren Systeme und Dienstleistungen, die KI ermöglicht",100,74909,False,True,"de,de",1,99,99
58,monolingual,de,okapi,"Schreiben Sie einen Artikel mit 500 Wörtern über die Auswirkungen der Einführung von künstlicher Intelligenz in unsere Gesellschaft.
",L22H6_all,"Hier ist ein kurzer Artikel mit 500 Wörten über die Auswirkungen der Einführung von KI in unserer Gesellschaft:

Die Einführung von Künstlicher Intelligenz (KI) hat sich in den letzten Jahren als eine entscheidende Technologieentwicklung erwiesen und hat bereits starke Auswirkungen auf unser Alltag. Die zunehmend komplexeren Systeme und Dienstleistungen, die KI ermöglicht",100,74909,False,True,"de,de",1,99,100
58,monolingual,de,okapi,"Schreiben Sie einen Artikel mit 500 Wörtern über die Auswirkungen der Einführung von künstlicher Intelligenz in unsere Gesellschaft.
",L22H8_control,"Hier ist ein kurzer Artikel mit 500 Wörten über die Auswirkungen der Einführung von KI in unserer Gesellschaft:

Die Einführung von Künstlicher Intelligenz (KI) hat sich in den letzten Jahren als eine entscheidende Technologieentwicklung erwiesen und hat bereits starke Auswirkungen auf unser Alltag. Die zunehmende Nutzung von KI in verschiedenen Bereichen wie Bildverarbeitung, Sprachver",100,74909,False,True,"de,de",1,99,100
59,monolingual,de,okapi,"Wandeln Sie diesen Satz in eine Metapher um: ""Der Nachthimmel war eine Decke aus Sternen"".
",clean,"""Die Nacht war ein wunderschöner Teppich aus Sterne.""",18,1,False,True,de,0,0,0
59,monolingual,de,okapi,"Wandeln Sie diesen Satz in eine Metapher um: ""Der Nachthimmel war eine Decke aus Sternen"".
",L22H6_prefill,"""Die Nacht war ein wunderschöner Teppich aus Sterne.""",18,1,False,True,de,1,17,1
59,monolingual,de,okapi,"Wandeln Sie diesen Satz in eine Metapher um: ""Der Nachthimmel war eine Decke aus Sternen"".
",L22H6_decode,"""Die Nacht war ein wunderschöner Teppich aus Sterne.""",18,1,False,True,de,1,17,17
59,monolingual,de,okapi,"Wandeln Sie diesen Satz in eine Metapher um: ""Der Nachthimmel war eine Decke aus Sternen"".
",L22H6_all,"""Die Nacht war ein wunderschöner Teppich aus Sterne.""",18,1,False,True,de,1,17,18
59,monolingual,de,okapi,"Wandeln Sie diesen Satz in eine Metapher um: ""Der Nachthimmel war eine Decke aus Sternen"".
",L22H8_control,"""Die Nacht war ein wunderschöner Teppich aus Sterne.""",18,1,False,True,de,1,17,18
60,monolingual,de,okapi,Verfassen Sie einen 300-Wörter Artikel über den Rückgang der Honigbienenpopulationen.,clean,"Hier ist ein 300-Wort-Text über den Rückgang der Honigbienenpopulationen:

Der Rückgang der Honigbienenpopulationen ist eine ernsthafte Herausforderung für die Lebensweise und die Wirtschaft von vielen Menschen weltweit. Die Bienen sind nicht nur als Pollinatoren bekannt, sondern spielen auch eine wichtige Rolle in der Biologie und der Ökologie. Ihre Populationen haben sich jedoch seit Jahrzehnten sign",100,74909,False,True,"de,de",0,0,0
60,monolingual,de,okapi,Verfassen Sie einen 300-Wörter Artikel über den Rückgang der Honigbienenpopulationen.,L22H6_prefill,"Hier ist ein 300-Wort-Text über den Rückgang der Honigbienenpopulationen:

Der Rückgang der Honigbienenpopulationen ist eine ernsthafte Herausforderung für die Lebensweise und die Wirtschaft von vielen Menschen weltweit. Die Bienen sind nicht nur als Pollinatoren bekannt, sondern spielen auch eine wichtige Rolle in der Biologie und der Ökologie. Ihre Populationen haben sich jedoch seit Jahrzehnten sign",100,74909,False,True,"de,de",1,99,1
60,monolingual,de,okapi,Verfassen Sie einen 300-Wörter Artikel über den Rückgang der Honigbienenpopulationen.,L22H6_decode,"Hier ist ein 300-Wort-Text über den Rückgang der Honigbienenpopulationen:

Der Rückgang der Honigbienenpopulationen ist eine ernsthafte Herausforderung für die Lebensweise und die Wirtschaft von vielen Menschen weltweit. Die Bienen sind nicht nur als Pollinatoren bekannt, sondern spielen auch eine wichtige Rolle in der Biologie und der Ökologie. Ihre Populationen haben sich jedoch stark reduziert.

Die",100,74909,False,True,"de,de",1,99,99
60,monolingual,de,okapi,Verfassen Sie einen 300-Wörter Artikel über den Rückgang der Honigbienenpopulationen.,L22H6_all,"Hier ist ein 300-Wort-Text über den Rückgang der Honigbienenpopulationen:

Der Rückgang der Honigbienenpopulationen ist eine ernsthafte Herausforderung für die Lebensweise und die Wirtschaft von vielen Menschen weltweit. Die Bienen sind nicht nur als Pollinatoren bekannt, sondern spielen auch eine wichtige Rolle in der Biologie und der Ökologie. Ihre Populationen haben sich jedoch stark reduziert.

Die",100,74909,False,True,"de,de",1,99,100
60,monolingual,de,okapi,Verfassen Sie einen 300-Wörter Artikel über den Rückgang der Honigbienenpopulationen.,L22H8_control,"Hier ist ein 300-Wort-Text über den Rückgang der Honigbienenpopulationen:

Der Rückgang der Honigbienenpopulationen ist eine ernsthafte Herausforderung für die Lebensweise und die Wirtschaft von vielen Menschen weltweit. Die Bienen sind nicht nur als Pollinatoren bekannt, sondern spielen auch eine wichtige Rolle in der Biologie und der Ökologie. Ihre Populationen haben sich jedoch seit Jahrzehnten sign",100,74909,False,True,"de,de",1,99,100
61,monolingual,de,okapi,Wie kann E-Mail-Marketing einem Unternehmen helfen?,clean,"E-Mail-Marketing ist ein wertvoller手段, um Unternehmen zu unterstützen in mehreren Hinsicht:

1. **Kundenbindung und Kundensicherheit**: E-Mail-Marketing ermöglicht es Unternehmen, Kunden direkt anzuzeigen und ihnen Informationen über Produkte oder Dienstleistungen zu geben. Dies führt dazu, dass die Kunden sich besser mit dem Unternehmen vertraut machen und sicher sind.

2. **Marketing-Optimierung**: Durch E-Mail-Mark",100,36,False,True,"de,de",0,0,0
61,monolingual,de,okapi,Wie kann E-Mail-Marketing einem Unternehmen helfen?,L22H6_prefill,"E-Mail-Marketing ist ein wertvoller手段, um Unternehmen zu unterstützen in mehreren Hinsicht:

1. **Kundenbindung und Kundensicherheit**: E-Mail-Marketing ermöglicht es Unternehmen, Kunden direkt anzuzeigen und ihnen Informationen über Produkte oder Dienstleistungen zu geben. Dies führt dazu, dass die Kunden sich besser mit dem Unternehmen vertraut machen und sicher sind.

2. **Marketing-Optimierung**: Durch E-Mail-Mark",100,36,False,True,"de,de",1,99,1
61,monolingual,de,okapi,Wie kann E-Mail-Marketing einem Unternehmen helfen?,L22H6_decode,"E-Mail-Marketing ist ein wertvoller手段, um Unternehmen zu unterstützen in mehreren Hinsicht:

1. **Kundenbindung und Kundensicherheit**: E-Mail-Marketing ermöglicht es Unternehmen, Kunden direkt anzuzeigen und ihnen Informationen über Produkte oder Dienstleistungen zu geben. Dies führt dazu, dass die Kunden sich besser mit dem Unternehmen vertraut machen und sicher sind.

2. **Marketing-Optimierung**: Durch E-Mail-Mark",100,36,False,True,"de,de",1,99,99
61,monolingual,de,okapi,Wie kann E-Mail-Marketing einem Unternehmen helfen?,L22H6_all,"E-Mail-Marketing ist ein wertvoller手段, um Unternehmen zu unterstützen in mehreren Hinsicht:

1. **Kundenbindung und Kundensicherheit**: E-Mail-Marketing ermöglicht es Unternehmen, Kunden direkt anzuzeigen und ihnen Informationen über Produkte oder Dienstleistungen zu geben. Dies führt dazu, dass die Kunden sich besser mit dem Unternehmen vertraut machen und sicher sind.

2. **Marketing-Optimierung**: Durch E-Mail-Mark",100,36,False,True,"de,de",1,99,100
61,monolingual,de,okapi,Wie kann E-Mail-Marketing einem Unternehmen helfen?,L22H8_control,"E-Mail-Marketing ist ein wertvolles Tool für Unternehmen, da es ihnen ermöglicht, direkt mit ihren Kunden und Anwendern zu kommunizieren und ihre Produkte oder Dienstleistungen anzubieten. Hier sind einige Vorteile von E-Mail-Marketing:

1. Kommunikation: E-Mail-Marketing ermöglicht es Unternehmen, direkte Kontakte zu ihren Kunden aufzubauen und zu pflegen.

2. Marketing-Optimierung: Unternehmen",100,36,False,True,"de,de",1,99,100
62,monolingual,de,okapi,"Generieren Sie einen Blog-Beitrag von mindestens 500 Wörtern über maschinelles Lernen.
",clean,"Hier ist ein möglicher Beitrag zum Thema ""Maschinelles Lernen"":

---

**Titel: Die Zukunft der Maschinellem Lernen – Ein Blick in die Zukunft**

In den letzten Jahren hat sich das Weltreich des Computers und der Technologie stark verändert. Der Einsatz von Maschinellem Lernen (ML) ist eine der Hauptfaktoren dafür. ML ist nicht nur ein technisches Phänomen, sondern auch ein wirtschaftliches Potenzial,",100,74909,False,True,"de,de,de",0,0,0
62,monolingual,de,okapi,"Generieren Sie einen Blog-Beitrag von mindestens 500 Wörtern über maschinelles Lernen.
",L22H6_prefill,"Hier ist ein möglicher Beitrag zum Thema ""Maschinelles Lernen"":

---

**Titel: Die Zukunft der Maschinellem Lernen – Ein Blick in die Zukunft**

In den letzten Jahren hat sich das Weltreich des Computers und der Technologie stark verändert. Der Einsatz von Maschinellem Lernen (ML) ist eine der Hauptfaktoren dafür. ML ist nicht nur ein neues Werkzeug für die Softwareentwicklung, sondern es ist auch ein wicht",100,74909,False,True,"de,de,de",1,99,1
62,monolingual,de,okapi,"Generieren Sie einen Blog-Beitrag von mindestens 500 Wörtern über maschinelles Lernen.
",L22H6_decode,"Hier ist ein möglicher Beitrag zu einem Blog über Maschinelles Lernen:

Maschinelles Lernen: Die Zukunft der Datenanalyse und KI

In den letzten Jahren hat sich die Bereitschaft für das Einsatzpotential des Maschinenlehrverfahrens stark erhöht. Das liegt daran, dass es immer mehr Anwendungen in verschiedenen Branchen bietet, um komplexe Probleme effizient zu lösen.

Die Grundlagen des Maschinen",100,74909,False,True,"de,de,de",1,99,99
62,monolingual,de,okapi,"Generieren Sie einen Blog-Beitrag von mindestens 500 Wörtern über maschinelles Lernen.
",L22H6_all,"Hier ist ein möglicher Beitrag zu einem Blog über Maschinelles Lernen:

Maschinelles Lernen: Die Zukunft der Datenanalyse und KI

In den letzten Jahren hat sich die Bereitschaft für das Einsatzpotential des Maschinenlehrverfahrens stark erhöht. Das liegt daran, dass es immer mehr Anwendungen in verschiedenen Branchen bietet, um komplexe Probleme effizient zu lösen.

Die Grundlagen des Maschinen",100,74909,False,True,"de,de,de",1,99,100
62,monolingual,de,okapi,"Generieren Sie einen Blog-Beitrag von mindestens 500 Wörtern über maschinelles Lernen.
",L22H8_control,"Hier ist ein möglicher Beitrag zum Thema ""Maschinelles Lernen"":

---

**Titel: Die Zukunft der Maschinellem Lernen – Ein Blick in die Zukunft**

In den letzten Jahren hat sich das Weltreich des Computers und der Technologie stark verändert. Der Einsatz von Maschinellem Lernen (ML) ist eine der Hauptfaktoren dafür. ML ist nicht nur ein neues Werkzeug für die Softwareentwicklung, sondern es ist auch ein wicht",100,74909,False,True,"de,de,de",1,99,100
63,monolingual,de,okapi,Schreiben Sie einen Blog-Beitrag über die Bedeutung des Content-Marketings für kleine Unternehmen.,clean,"Titel: ""Die Bedeutung von Content Marketing für Kleinunternehmen""

In den vergangenen Jahren hat sich Content Marketing immer mehr in der digitalen Welt etabliert und ist zu einem wichtigen Aspekt der Online-Kommunikation geworden. Es ist eine Methode, um Informationen an ein Zielgruppe weiterzuleiten und dabei auch das Vertrauen der Kunden zu schaffen.

Für kleinere Unternehmen ist es besonders wichtig, dass sie Content Marketing nutzen, da",100,27808,False,True,"de,de,de",0,0,0
63,monolingual,de,okapi,Schreiben Sie einen Blog-Beitrag über die Bedeutung des Content-Marketings für kleine Unternehmen.,L22H6_prefill,"Titel: ""Die Bedeutung von Content Marketing für Kleinunternehmen""

In den vergangenen Jahren hat sich Content Marketing immer mehr in der digitalen Welt etabliert und ist zu einem wichtigen Aspekt der Online-Kommunikation geworden. Es ist eine Methode, um Informationen an ein Zielgruppe weiterzuleiten und dabei auch das Vertrauen der Kunden zu erzielen.

Für kleinere Unternehmen ist es besonders wichtig, dass sie Content Marketing nutzen,",100,27808,False,True,"de,de,de",1,99,1
63,monolingual,de,okapi,Schreiben Sie einen Blog-Beitrag über die Bedeutung des Content-Marketings für kleine Unternehmen.,L22H6_decode,"Titel: ""Die Bedeutung von Content Marketing für Kleinunternehmen""

In den vergangenen Jahren hat sich Content Marketing immer mehr in den Unternehmensberatungsprozess eingefunden und ist zu einem wichtigen Bestandteil der digitalen Marketingstrategien geworden. Es gibt viele Gründe, warum kleinere Unternehmen Content Marketing nutzen sollten.

1. **Kosten-effizienter als andere Marketingmethoden**: Content Marketing kann kostengünstiger sein als",100,27808,False,True,"de,de,de",1,99,99
63,monolingual,de,okapi,Schreiben Sie einen Blog-Beitrag über die Bedeutung des Content-Marketings für kleine Unternehmen.,L22H6_all,"Titel: ""Die Bedeutung von Content Marketing für Kleinunternehmen""

In den vergangenen Jahren hat sich Content Marketing immer mehr in den Unternehmensberatungsprozess eingefunden und ist zu einem wichtigen Bestandteil der digitalen Marketingstrategien geworden. Es gibt viele Gründe, warum kleinere Unternehmen Content Marketing nutzen sollten.

1. **Kosten-effizienter als andere Marketingmethoden**: Content Marketing kann kostengünstiger sein als",100,27808,False,True,"de,de,de",1,99,100
63,monolingual,de,okapi,Schreiben Sie einen Blog-Beitrag über die Bedeutung des Content-Marketings für kleine Unternehmen.,L22H8_control,"Titel: ""Die Bedeutung von Content Marketing für Kleinunternehmen""

In den vergangenen Jahren hat sich Content Marketing immer mehr in der digitalen Welt etabliert und ist zu einem wichtigen Aspekt der Online-Kommunikation geworden. Es ist eine Methode, um Informationen an ein Zielpublikum zu vermitteln und dabei auch das Image einer Organisation oder eines Produkts zu verbessern.

Für kleinere Unternehmen ist es besonders wichtig, dass sie Content Marketing",100,27808,False,True,"de,de,de",1,99,100
64,monolingual,de,okapi,"Verfassen Sie einen 500-Wörter-Essay zu den Themen Einsamkeit, die in Ernest Hemingways Roman ""Der alte Mann und das Meer"" aufgedeckt werden.
",clean,"Ernest Hemingway ist ein berühmter amerikanischer Schriftsteller, der sich mit dem Leben im Pazifik und der Kriegszeit des Ersten Weltkrieges beschäftigte. Sein Werk ist bekannt für seine klar formulierten Sätze und sein starkes Verständnis für das Wesen des Lebens. In seinem Roman ""Der alte Mann und das Meer"", veröffentlicht 1926, vermittelt Hemingway eine detaillierte Darstellung",100,19462,False,True,de,0,0,0
64,monolingual,de,okapi,"Verfassen Sie einen 500-Wörter-Essay zu den Themen Einsamkeit, die in Ernest Hemingways Roman ""Der alte Mann und das Meer"" aufgedeckt werden.
",L22H6_prefill,"Ernest Hemingway ist ein berühmter amerikanischer Schriftsteller, der sich mit dem Leben im Pazifik und der Lebensweise des alten Mannes und des Meeres beschäftigt hat. In seinem Roman ""Der alte Mann und das Meer"", veröffentlicht 1926, zeigt Hemingway die Herausforderungen, die Menschen in einer einsamen Umgebung erfahren müssen.

Die Geschichte beginnt mit einem alten Mann namens Jack, der von seiner Frau",100,19462,False,True,"de,de",1,99,1
64,monolingual,de,okapi,"Verfassen Sie einen 500-Wörter-Essay zu den Themen Einsamkeit, die in Ernest Hemingways Roman ""Der alte Mann und das Meer"" aufgedeckt werden.
",L22H6_decode,"Ernest Hemingway's novel ""The Old Man and the Sea"" is a profound exploration of human resilience, perseverance, and the enduring power of hope in the face of adversity. The story centers around Santiago, an aging fisherman who embarks on a grueling journey to catch a giant marlin that has eluded him for days. This narrative delves into themes of loneliness, isolation, and the search for meaning in life.

At its core, ""The Old Man and the Sea""",100,19462,False,False,"en,en",1,99,99
64,monolingual,de,okapi,"Verfassen Sie einen 500-Wörter-Essay zu den Themen Einsamkeit, die in Ernest Hemingways Roman ""Der alte Mann und das Meer"" aufgedeckt werden.
",L22H6_all,"Ernest Hemingway's novel ""The Old Man and the Sea"" is a profound exploration of human resilience, perseverance, and the enduring power of hope in the face of adversity. The story centers around Santiago, an aging fisherman who embarks on a grueling journey to catch a giant marlin that has eluded him for days. This narrative delves into themes of loneliness, isolation, and the search for meaning in life.

At its core, ""The Old Man and the Sea""",100,19462,False,False,"en,en",1,99,100
64,monolingual,de,okapi,"Verfassen Sie einen 500-Wörter-Essay zu den Themen Einsamkeit, die in Ernest Hemingways Roman ""Der alte Mann und das Meer"" aufgedeckt werden.
",L22H8_control,"Ernest Hemingway ist ein berühmter amerikanischer Schriftsteller, der sich mit dem Leben im Pazifik und der Lebensweise des alten Mannes und des Meeres beschäftigt hat. In seinem Roman ""Der alte Mann und das Meer"", veröffentlicht 1932, widmet er sich einer Reihe von Themen, darunter auch Einsamkeit.

Die Einsamkeit in diesem Werk wird durch verschiedene Aspekte geprägt: sie ist",100,19462,False,True,"de,de",1,99,100
65,monolingual,de,okapi,"Schreiben Sie einen überzeugenden Essay, der die Bedeutung des Schutzes gefährdeter Arten darlegt.",clean,"Titel: Die Bedeutung des Schutzes für gefährdete Arten

In einer Welt voller Veränderungen und zunehmender Konzentration auf Menschenrechte und Wachstum, ist es wichtig zu erkennen, dass die Gefahr für gefährdete Arten nicht nur eine Frage von Naturwissenschaften ist, sondern auch ein Thema, das uns alle betreffen kann.

Die Existenz von vielen Arten ist in den letzten Jahrzeh",100,27808,False,True,"de,de,de",0,0,0
65,monolingual,de,okapi,"Schreiben Sie einen überzeugenden Essay, der die Bedeutung des Schutzes gefährdeter Arten darlegt.",L22H6_prefill,"Titel: Die Bedeutung des Schutzes für gefährdete Arten

In einer Welt voller Veränderungen und zunehmender Konzentration auf Menschenrechte und Wachstum, ist es wichtig zu erkennen, dass die Gefahr für gefährdete Arten nicht nur eine Frage von Naturwissenschaften ist, sondern auch ein Thema, das uns alle betreffen kann.

Die Existenz von vielen Arten ist in den letzten Jahrzeh",100,27808,False,True,"de,de,de",1,99,1
65,monolingual,de,okapi,"Schreiben Sie einen überzeugenden Essay, der die Bedeutung des Schutzes gefährdeter Arten darlegt.",L22H6_decode,"Titel: Die Bedeutung des Schutzes für gefährdete Arten

In einer Welt voller Veränderungen und zunehmender Konkurrenz, ist es wichtig, den Schutz von gefährdeten Arten zu verstehen und zu respektieren. Diese Artgenossen sind nicht nur Teil unserer biologischen Vielfalt, sondern auch wichtige Indikatoren unseres Umweltsystems.

Die Gefahr, in die viele Ar",100,27808,False,True,"de,de,de",1,99,99
65,monolingual,de,okapi,"Schreiben Sie einen überzeugenden Essay, der die Bedeutung des Schutzes gefährdeter Arten darlegt.",L22H6_all,"Titel: Die Bedeutung des Schutzes für gefährdete Arten

In einer Welt voller Veränderungen und zunehmender Konkurrenz, ist es wichtig, den Schutz von gefährdeten Arten zu verstehen und zu respektieren. Diese Artgenossen sind nicht nur Teil unserer biologischen Vielfalt, sondern auch wichtige Indikatoren unseres Umweltsystems.

Die Gefahr, in die viele Ar",100,27808,False,True,"de,de,de",1,99,100
65,monolingual,de,okapi,"Schreiben Sie einen überzeugenden Essay, der die Bedeutung des Schutzes gefährdeter Arten darlegt.",L22H8_control,"Titel: Die Bedeutung des Schutzes für gefährdete Arten

In einer Welt voller Veränderungen und zunehmender Konzentration auf Menschenrechte und Wachstum, ist es wichtig zu erkennen, dass die Gefahr für gefährdete Arten nicht nur eine Frage von Naturwissenschaften ist, sondern auch ein Thema, das uns alle betreffen kann.

Die Existenz von vielen Arten ist in den letzten Jahrzeh",100,27808,False,True,"de,de,de",1,99,100
66,monolingual,de,okapi,"Generieren Sie einen wissenschaftlichen Bericht von 900 Wörtern, der die Auswirkungen der globalen Erwärmung auf die Arktis diskutiert",clean,"Hier ist ein wissenschaftlicher Bericht von etwa 900 Wörtern über die Auswirkungen der globalen Erwärmung auf den Arktis:

Der Arktis ist eine extrem kühle und nördliche Region des Planeten, die durch ihre isolierte Struktur und ihre langfristige Lebensdauer für die Menschheit als ""Kern der Klimazone"" bekannt ist. Die globale Erwärmung hat jedoch in",100,74909,False,True,"de,de",0,0,0
66,monolingual,de,okapi,"Generieren Sie einen wissenschaftlichen Bericht von 900 Wörtern, der die Auswirkungen der globalen Erwärmung auf die Arktis diskutiert",L22H6_prefill,"# Wissenschaftlicher Bericht: Die Auswirkungen der globalen Erwärmung auf den Arktis

## Inhaltsverzeichnis

1. **Einleitung**
2. **Die Ursachen der globalen Erwärmung**
3. **Der Arktis als Klimawandelzentrum**
4. **Wetter und Klimaänderungen im Arktis**
5. **Fischerei und Fischpopulationen in den Arktischen",100,2,False,True,"de,de,de,de,de",1,99,1
66,monolingual,de,okapi,"Generieren Sie einen wissenschaftlichen Bericht von 900 Wörtern, der die Auswirkungen der globalen Erwärmung auf die Arktis diskutiert",L22H6_decode,"Hier ist ein wissenschaftlicher Bericht von etwa 900 Wörtern über die Auswirkungen der globalen Erwärmung auf den Arktis:

Der Arktis ist eine extrem klimatisch geprägte Region mit einer spezifischen Struktur und Lebensweise. Die globale Erwärmung hat jedoch signifikante Auswirkungen auf diesen natürlichen Umfeld, sowohl in Bezug auf seine physikalische Struktur als",100,74909,False,True,"de,de",1,99,99
66,monolingual,de,okapi,"Generieren Sie einen wissenschaftlichen Bericht von 900 Wörtern, der die Auswirkungen der globalen Erwärmung auf die Arktis diskutiert",L22H6_all,"# Wissenschaftlicher Bericht: Die Auswirkungen der globalen Erwärmung auf den Arktis

## Zusammenfassung

Die globaler Erwärmungsprozess hat seit Jahrhunderten eine Reihe von Konsequenzen für die Umwelt und die Lebensräume weltweit beeinflusst. Der Arktis ist ein besonders stark betroffener Bereich, da er sowohl durch seine geografische Lage als auch durch seine",100,2,False,True,"de,de",1,99,100
66,monolingual,de,okapi,"Generieren Sie einen wissenschaftlichen Bericht von 900 Wörtern, der die Auswirkungen der globalen Erwärmung auf die Arktis diskutiert",L22H8_control,"Hier ist ein wissenschaftlicher Bericht von etwa 900 Wörten über die Auswirkungen der globalen Erwärmung auf den Arktis:

Der Arktis ist eine wichtige Region des Planeten mit extrem niedrigen Temperaturniveaus und einer starken Beleuchtung durch Sonnenlicht. Die globale Erwärmung hat jedoch in dieser Region signifikante Auswirkungen auf die Umwelt und die Lebensweise der",100,74909,False,True,"de,de",1,99,100
67,monolingual,de,okapi,"Diskutieren Sie die Vorteile, die die Technologie für die moderne Gesellschaft bringt.
Gegeben ist die folgende Aufgabenstellung für einen Aufsatz. Schreibe einen argumentativen Essay von 300 Wörtern oder weniger.
",clean,"Die Technologie hat in der modernen Gesellschaft viele Vorteile und Verbesserungen zur Verfügung gestellt. Hier sind einige dieser Vorteile:

1. **Kommunikation**: Die Internet-Technologien ermöglichen es uns, überall auf der Welt zu kommunizieren. So können wir Online-Kontakte mit Freunden und Verwandten pflegen, aber auch Geschäftsbeziehungen erzielen.

2. **Informationssammlung und -verarbeit",100,18175,False,True,"de,de",0,0,0
67,monolingual,de,okapi,"Diskutieren Sie die Vorteile, die die Technologie für die moderne Gesellschaft bringt.
Gegeben ist die folgende Aufgabenstellung für einen Aufsatz. Schreibe einen argumentativen Essay von 300 Wörtern oder weniger.
",L22H6_prefill,"Die Technologie hat in der modernen Gesellschaft viele Vorteile und Verbesserungen zur Verfügung gestellt. Hier sind einige dieser Vorteile:

1. **Kommunikation**: Die Internet-Technologien ermöglichen es uns, überall auf der Welt zu kommunizieren. So können wir Online-Kontakte mit Freunden und Verwandten pflegen, aber auch Geschäftsbeziehungen erzielen.

2. **Informationssammlung und -verarbeit",100,18175,False,True,"de,de",1,99,1
67,monolingual,de,okapi,"Diskutieren Sie die Vorteile, die die Technologie für die moderne Gesellschaft bringt.
Gegeben ist die folgende Aufgabenstellung für einen Aufsatz. Schreibe einen argumentativen Essay von 300 Wörtern oder weniger.
",L22H6_decode,"Die Technologie hat in der modernen Gesellschaft viele Vorteile und Verbesserungen zur Verfügung gestellt. Hier sind einige dieser Vorteile:

1. **Kommunikation**: Die Internet-Technologien ermöglichen es uns, überall und jederzeit mit anderen zu kommunizieren. So können wir Online-Kontakte aufbauen, Nachrichten senden, Gespräche führen und Informationen austauschen.

2. **Arbeit**: Technologien wie Computerte",100,18175,False,True,"de,de,de",1,99,99
67,monolingual,de,okapi,"Diskutieren Sie die Vorteile, die die Technologie für die moderne Gesellschaft bringt.
Gegeben ist die folgende Aufgabenstellung für einen Aufsatz. Schreibe einen argumentativen Essay von 300 Wörtern oder weniger.
",L22H6_all,"Die Technologie hat in der modernen Gesellschaft viele Vorteile und Verbesserungen zur Verfügung gestellt. Hier sind einige dieser Vorteile:

1. **Kommunikation**: Die Internet-Technologien ermöglichen es uns, überall und jederzeit mit anderen zu kommunizieren. So können wir Online-Kontakte aufbauen, Nachrichten senden, Gespräche führen und Informationen austauschen.

2. **Arbeit**: Technologien wie Computerte",100,18175,False,True,"de,de,de",1,99,100
67,monolingual,de,okapi,"Diskutieren Sie die Vorteile, die die Technologie für die moderne Gesellschaft bringt.
Gegeben ist die folgende Aufgabenstellung für einen Aufsatz. Schreibe einen argumentativen Essay von 300 Wörtern oder weniger.
",L22H8_control,"Die Technologie hat in der modernen Gesellschaft viele Vorteile und Verbesserungen zur Verfügung gestellt. Hier sind einige dieser Vorteile:

1. **Kommunikation**: Die Internet-Technologien ermöglichen es uns, überall auf der Welt zu kommunizieren. So können wir Online-Kontakte mit Freunden und Verwandten pflegen, aber auch Geschäftsbeziehungen erzielen.

2. **Informationssammlung und -verarbeit",100,18175,False,True,"de,de",1,99,100
68,monolingual,de,okapi,"Schreiben Sie einen überzeugenden Aufsatz, in dem Sie sich gegen die Verwendung von Handys in der Schule aussprechen.
",clean,"Hier ist ein Beispiel für einen überzeugenden Aufsatz, der sich gegen die Verwendung von Handys in der Schule ausspricht:

Titel: Die Bedeutung und Werte des Schullebens - Ein Rückzug auf den Papierweg

In einer Zeit, in der Technologie immer schneller wächst und unsere täglichen Lebensweisen grundlegend verändert hat, gibt es jedoch eine wichtige Frage, die wir nicht vergessen sollten: Wie sollen wir",100,74909,False,True,"de,de,de",0,0,0
68,monolingual,de,okapi,"Schreiben Sie einen überzeugenden Aufsatz, in dem Sie sich gegen die Verwendung von Handys in der Schule aussprechen.
",L22H6_prefill,"Hier ist ein Beispiel für einen überzeugenden Aufsatz, der sich gegen die Verwendung von Handys in der Schule ausspricht:

Titel: Die Bedeutung und Werte des Schullebens - Ein Rückzug auf den Papierweg

In einer Zeit, in der Technologie immer schneller wächst und unsere täglichen Lebensweisen grundlegend verändert hat, gibt es jedoch eine wichtige Frage, die wir nicht vergessen sollten: Wie sollen wir",100,74909,False,True,"de,de,de",1,99,1
68,monolingual,de,okapi,"Schreiben Sie einen überzeugenden Aufsatz, in dem Sie sich gegen die Verwendung von Handys in der Schule aussprechen.
",L22H6_decode,"Hier ist ein Beispiel für einen überzeugenden Aufsatz, in dem ich mich gegen die Verwendung von Handys in der Schule ausspreche:

Titel: Die Bedeutung und Werte des Schullebens - Ein Rückzug ins Hierarchische

In den vergangenen Jahrzehnten hat das Internet und seine digitalen Medien eine unvorstellbare Wirkung auf unsere Gesellschaft gehabt. Mit jeder Generation wird es immer mehr sein, dass wir",100,74909,False,True,"de,de,de",1,99,99
68,monolingual,de,okapi,"Schreiben Sie einen überzeugenden Aufsatz, in dem Sie sich gegen die Verwendung von Handys in der Schule aussprechen.
",L22H6_all,"Hier ist ein Beispiel für einen überzeugenden Aufsatz, in dem ich mich gegen die Verwendung von Handys in der Schule ausspreche:

Titel: Die Bedeutung und Werte des Schullebens - Ein Rückzug ins Hierarchische

In den vergangenen Jahrzehnten hat das Internet und seine digitalen Medien eine unvorstellbare Wirkung auf unsere Gesellschaft gehabt. Mit jeder Generation wird es immer mehr sein, dass wir",100,74909,False,True,"de,de,de",1,99,100
68,monolingual,de,okapi,"Schreiben Sie einen überzeugenden Aufsatz, in dem Sie sich gegen die Verwendung von Handys in der Schule aussprechen.
",L22H8_control,"Hier ist ein Beispiel für einen überzeugenden Aufsatz, der sich gegen die Verwendung von Handys in der Schule ausspricht:

Titel: Die Bedeutung und Grenzen des Handys im Schulunterricht

In den letzten Jahren hat das Handy eine starke Auswirkung auf unsere Gesellschaft und unser Alltag hervorgebracht. Es ist nicht nur ein wertvolles Hilfsmittel bei der Arbeit oder beim Erwerb von Informationen, sondern",100,74909,False,True,"de,de,de",1,99,100
69,monolingual,de,okapi,"Verfassen Sie einen überzeugenden Aufsatz, der Präsident Eisenhowers Politik der umfassenden Bürgerrechte verteidigt",clean,"Hier ist ein Beispiel für einen überzeugenden Aufsatz, der die Präsidentschaftspolitik von Winston Churchill (oder später Winston S. Churchill) zur Förderung der Umfangreichen Bürgerrechte verteidigen könnte:

Titel: ""Die Fähigkeit des Volkes zu Freiheit und Demokratie""

In den Zeiten, in denen sich die Welt noch nicht vollständig demokratisch organisiert hatte, war es schwierig,",100,74909,False,True,"de,de,de",0,0,0
69,monolingual,de,okapi,"Verfassen Sie einen überzeugenden Aufsatz, der Präsident Eisenhowers Politik der umfassenden Bürgerrechte verteidigt",L22H6_prefill,"Hier ist ein Beispiel für einen überzeugenden Aufsatz, der die Präsidentschaftspolitik von Winston Churchill (oder später Winston S. Churchill) zur Förderung der Umfangreichen Bürgerrechte verteidigen könnte:

Titel: ""Die Fähigkeit des Volkes zu Freiheit und Demokratie""

In den Zeiten, in denen sich die Welt noch nicht vollständig demokratisch organisiert hatte, war es schwierig,",100,74909,False,True,"de,de,de",1,99,1
69,monolingual,de,okapi,"Verfassen Sie einen überzeugenden Aufsatz, der Präsident Eisenhowers Politik der umfassenden Bürgerrechte verteidigt",L22H6_decode,"Hier ist ein Beispiel für einen überzeugenden Aufsatz, der die Präsidentschaftskonzeption von Winston Churchill (oder Winston Spencer Churchill) zur Förderung der Umfangreichen Bürgerrechte verteidigen könnte:

Titel: ""Die Fähigkeit des Volkes zu Freiheit und Demokratie""

In den Zeiten, in denen sich die Welt noch nicht vollständig demokratisch organisiert hatte, war es schwierig, eine kl",100,74909,False,True,"de,de,de",1,99,99
69,monolingual,de,okapi,"Verfassen Sie einen überzeugenden Aufsatz, der Präsident Eisenhowers Politik der umfassenden Bürgerrechte verteidigt",L22H6_all,"Hier ist ein Beispiel für einen überzeugenden Aufsatz, der die Präsidentschaftskonzeption von Winston Churchill (oder Winston Spencer Churchill) zur Förderung der Umfangreichen Bürgerrechte verteidigen könnte:

Titel: ""Die Fähigkeit des Volkes zu Freiheit und Demokratie""

In den Zeiten, in denen sich die Welt noch nicht vollständig demokratisch organisiert hatte, war es schwierig, eine kl",100,74909,False,True,"de,de,de",1,99,100
69,monolingual,de,okapi,"Verfassen Sie einen überzeugenden Aufsatz, der Präsident Eisenhowers Politik der umfassenden Bürgerrechte verteidigt",L22H8_control,"Hier ist ein Beispiel für einen überzeugenden Aufsatz, der die Präsidentschaftspolitik von Winston Churchill (oder später Winston Churchill) zur Förderung der Umfassenden Bürgerrechte vertreten:

Titel: ""Die Führerrolle des Parlaments in der Befreiung der Menschen""

In den letzten Jahrzehnten haben wir gesehen, wie die Welt durch eine Reihe von Krisen und Konflikten aufgespült wurde",100,74909,False,True,"de,de,de",1,99,100
70,monolingual,de,okapi,"Erstellen Sie einen überzeugenden Aufsatz, in dem diskutiert wird, warum Mobiltelefone in der Schule verboten werden sollten.
",clean,"Titel: Die Bedeutung von Bildung und Privatsphäre: Warum Mobiltelefone in der Schule verboten werden sollten

In den letzten Jahren hat sich die Rolle des Mobilen Telefons im Alltag stark verändert. Während er früher als ein Hilfsmittel für wichtige Informationen gedient hatte, wurde er zu einem wesentlichen Teil unseres täglichen Lebens geworden. Dieser Trend ist nicht nur auf der Arbeitswelt ausges",100,27808,False,True,"de,de",0,0,0
70,monolingual,de,okapi,"Erstellen Sie einen überzeugenden Aufsatz, in dem diskutiert wird, warum Mobiltelefone in der Schule verboten werden sollten.
",L22H6_prefill,"Titel: Die Bedeutung von Bildung und Privatsphäre: Warum Mobiltelefonverwendung in der Schule verboten sollte

In den letzten Jahren hat sich die Nutzung von Mobiltelefonen im Alltag stark erhöht. Diese Technologien bieten eine Vielzahl von Vorteilen für das tägliche Leben, aber sie haben auch negative Auswirkungen auf die Bildung und die Privatsphäre. Daher ist es wichtig, dass",100,27808,False,True,"de,de",1,99,1
70,monolingual,de,okapi,"Erstellen Sie einen überzeugenden Aufsatz, in dem diskutiert wird, warum Mobiltelefone in der Schule verboten werden sollten.
",L22H6_decode,"Titel: Die Bedeutung von Bildung und Privatsphäre: Warum Mobiltelefonverwendung in der Schule verboten sollte

In den vergangenen Jahrzehnten hat sich die Rolle des Mobilen Telefons im Alltag stark verändert. Diese Veränderungen haben sowohl positiv als auch negativ Auswirkungen auf unsere Gesellschaft und unser Leben ausgelöst. In diesem Kontext ist es wichtig zu erkennen, dass",100,27808,False,True,"de,de",1,99,99
70,monolingual,de,okapi,"Erstellen Sie einen überzeugenden Aufsatz, in dem diskutiert wird, warum Mobiltelefone in der Schule verboten werden sollten.
",L22H6_all,"Titel: Die Bedeutung von Bildung und Privatsphäre: Warum Mobiltelefonverwendung in der Schule verboten sollte

In den vergangenen Jahrzehnten hat sich die Rolle des Mobilen Telefons im Alltag stark verändert. Diese Veränderungen haben sowohl positiv als auch negativ Auswirkungen auf unsere Gesellschaft und unser Leben ausgelöst. In diesem Kontext ist es wichtig zu erkennen, dass",100,27808,False,True,"de,de",1,99,100
70,monolingual,de,okapi,"Erstellen Sie einen überzeugenden Aufsatz, in dem diskutiert wird, warum Mobiltelefone in der Schule verboten werden sollten.
",L22H8_control,"Titel: Die Bedeutung von Bildung und Privatsphäre: Warum Mobiltelefone in der Schule verboten werden sollten

In den letzten Jahren hat sich die Nutzung von Mobiltelefonen im Alltag stark erhöht. Diese Technologien bieten eine Vielzahl von Vorteilen für unsere tägliche Lebensweise, aber sie haben auch negative Auswirkungen auf das Bildungsleben unserer Kinder und Jugendlichen. In diesem Artikel werden wir uns mit",100,27808,False,True,"de,de",1,99,100
71,monolingual,de,okapi,"Erklären Sie ein häufiges Missverständnis über Ihr Thema.
Thema: Die Verwendung von künstlicher Intelligenz zur Ergänzung menschlicher Fähigkeiten",clean,"Ein oft beobachteter Misverständnis in Bezug auf die Verwendung von KI zur Ergänzung menschlicher Fähigkeiten betrifft oft den Begriff ""Künstliche Intelligenz"" selbst.

Manche Menschen verstehen KI als eine rein technologische Technologie, die nur digitale Prozesse und Daten verarbeitet. Dies ist jedoch nicht der Fall. KI ist vielmehr eine spezielle Form von intelligenter Software",100,53750,False,True,"de,de",0,0,0
71,monolingual,de,okapi,"Erklären Sie ein häufiges Missverständnis über Ihr Thema.
Thema: Die Verwendung von künstlicher Intelligenz zur Ergänzung menschlicher Fähigkeiten",L22H6_prefill,"Ein oft beobachteter Misverständnis in Bezug auf die Verwendung von KI zur Ergänzung menschlicher Fähigkeiten betrifft oft den Begriff ""Künstliche Intelligenz"" selbst.

Manche Menschen verstehen KI als eine rein technologische Technologie, die nur digitale Prozesse und Daten verarbeitet. Dies ist jedoch nicht der Fall. KI ist vielmehr eine spezielle Form von intelligenter Software",100,53750,False,True,"de,de",1,99,1
71,monolingual,de,okapi,"Erklären Sie ein häufiges Missverständnis über Ihr Thema.
Thema: Die Verwendung von künstlicher Intelligenz zur Ergänzung menschlicher Fähigkeiten",L22H6_decode,"Ein oft beobachteter Misverständnis in Bezug auf die Verwendung von KI zur Ergänzung menschlicher Fähigkeiten betrifft oft den Begriff ""Künstliche Intelligenz"" selbst.

Manche Menschen verstehen KI als eine rein technologische Technologie, die nur digitale Prozesse und Daten verarbeitet. Dies ist jedoch nicht der Fall. KI ist vielmehr eine spezielle Form von intelligenter Software",100,53750,False,True,"de,de",1,99,99
71,monolingual,de,okapi,"Erklären Sie ein häufiges Missverständnis über Ihr Thema.
Thema: Die Verwendung von künstlicher Intelligenz zur Ergänzung menschlicher Fähigkeiten",L22H6_all,"Ein oft beobachteter Misverständnis in Bezug auf die Verwendung von KI zur Ergänzung menschlicher Fähigkeiten betrifft oft den Begriff ""Künstliche Intelligenz"" selbst.

Manche Menschen verstehen KI als eine rein technologische Technologie, die nur digitale Prozesse und Daten verarbeitet. Dies ist jedoch nicht der Fall. KI ist vielmehr eine spezielle Form von intelligenter Software",100,53750,False,True,"de,de",1,99,100
71,monolingual,de,okapi,"Erklären Sie ein häufiges Missverständnis über Ihr Thema.
Thema: Die Verwendung von künstlicher Intelligenz zur Ergänzung menschlicher Fähigkeiten",L22H8_control,"Ein oft beobachteter Misverständnis in Bezug auf die Verwendung von KI zur Ergänzung menschlicher Fähigkeiten betrifft oft den Begriff ""Künstliche Intelligenz"" selbst.

Manche Menschen verstehen KI als eine rein technologische Technologie, die nur digitale Prozesse und Algorithmen verwendet. Dies ist jedoch nicht der Fall. KI ist vielmehr eine spezielle Form von intelligenter Software",100,53750,False,True,"de,de",1,99,100
72,monolingual,es,okapi,Genere un ensayo de al menos 500 palabras que argumente a favor de regular la inteligencia artificial.,clean,"Título: El Valor y el Impacto de Regular la Inteligencia Artificial

La inteligencia artificial (IA) es una tecnología revolucionaria que ha transformado nuestra forma de interactuar con el mundo digital y está en constante evolución. Sin embargo, como cualquier herramienta tecnológica, la IA también presenta desafíos éticos y legales que requieren atención y regulación. En este ensayo, exploraremos los beneficios y las necesidades de regular la IA",100,51,False,True,"es,es",0,0,0
72,monolingual,es,okapi,Genere un ensayo de al menos 500 palabras que argumente a favor de regular la inteligencia artificial.,L22H6_prefill,"Título: El Valor y el Impacto de Regular la Inteligencia Artificial

La inteligencia artificial (IA) es una tecnología revolucionaria que ha transformado nuestra forma de interactuar con el mundo digital y está en constante evolución. Sin embargo, como cualquier herramienta tecnológica, la IA también presenta desafíos éticos y legales que requieren atención y regulación. En este ensayo, exploraremos los beneficios y las necesidades de regular la IA",100,51,False,True,"es,es",1,99,1
72,monolingual,es,okapi,Genere un ensayo de al menos 500 palabras que argumente a favor de regular la inteligencia artificial.,L22H6_decode,"Título: El Valor de Regular la Inteligencia Artificial

La inteligencia artificial (IA) ha sido una fuerza revolucionária na era digital, transformando desde o setor financeiro até as ciências da vida e até mesmo a educação. No entanto, como qualquer tecnologia avançada, la IA también tiene sus desafíos y limitaciones. Entre ellos se encuentra el problema de la falta de regulación.

Aunque la IA es una herramienta poder",100,51,False,True,"es,es,es",1,99,99
72,monolingual,es,okapi,Genere un ensayo de al menos 500 palabras que argumente a favor de regular la inteligencia artificial.,L22H6_all,"Título: El Valor de Regular la Inteligencia Artificial

La inteligencia artificial (IA) ha sido una fuerza revolucionária na era digital, transformando desde o setor financeiro até as ciências da vida e até mesmo a educação. No entanto, como qualquer tecnologia avançada, la IA también tiene sus desafíos y limitaciones. Entre ellos se encuentra el problema de la falta de regulación.

Aunque la IA es una herramienta poder",100,51,False,True,"es,es,es",1,99,100
72,monolingual,es,okapi,Genere un ensayo de al menos 500 palabras que argumente a favor de regular la inteligencia artificial.,L22H8_control,"Título: El Valor y el Impacto de Regular la Inteligencia Artificial

La inteligencia artificial (IA) es una tecnología revolucionaria que ha transformado nuestra forma de interactuar con el mundo digital y está en constante evolución. Sin embargo, como cualquier herramienta tecnológica, la IA también presenta desafíos éticos y legales que requieren atención y regulación. En este ensayo, exploraremos los beneficios y las necesidades de regular la IA",100,51,False,True,"es,es",1,99,100
73,monolingual,es,native,Dame las 3 funciones principales de una ONG,clean,"Una organización no gubernamental (ONG) tiene varias funciones principales que son fundamentales para su funcionamiento y contribución al bienestar social. Aquí te presento tres de ellas:

1. Promover el desarrollo humano: Las ONGs trabajan en diversos campos como la educación, la salud, la igualdad de género, la protección ambiental, entre otros. Su objetivo principal es mejorar la calidad de vida de las personas y fomentar el desarrollo integral.

2. Fomentar",100,64094,False,True,"es,es",0,0,0
73,monolingual,es,native,Dame las 3 funciones principales de una ONG,L22H6_prefill,"Una organización no gubernamental (ONG) tiene varias funciones principales que son fundamentales para su funcionamiento y contribución al bienestar social. Aquí te presento tres de ellas:

1. Promover el desarrollo humano: Las ONGs trabajan en diversos campos como la educación, la salud, la igualdad de género, la protección ambiental, entre otros. Su objetivo principal es mejorar la calidad de vida de las personas y fomentar el desarrollo integral.

2. Fomentar",100,64094,False,True,"es,es",1,99,1
73,monolingual,es,native,Dame las 3 funciones principales de una ONG,L22H6_decode,"Una organización no gubernamental (ONG) tiene varias funciones importantes que contribuyen significativamente ao seu objetivo principal de promover o bem-estar social e proteger los derechos humanos. Aquí están tres funciones fundamentales:

1. **Promoción do Bem-Estar Social**: La ONG se ocupa de diversas áreas relacionadas com o bem-estar social, como saúde pública, educação, igualdade de género, direitos humanos y protección contra la discriminación.

",100,64094,False,True,"es,es",1,99,99
73,monolingual,es,native,Dame las 3 funciones principales de una ONG,L22H6_all,"Una organización no gubernamental (ONG) tiene varias funciones importantes que contribuyen significativamente ao seu objetivo principal de promover o bem-estar social e proteger los derechos humanos. Aquí están tres funciones fundamentales:

1. **Promoción do Bem-Estar Social**: La ONG se ocupa de diversas áreas relacionadas com o bem-estar social, como saúde pública, educação, igualdade de género, direitos humanos y protección contra la discriminación.

",100,64094,False,True,"es,es",1,99,100
73,monolingual,es,native,Dame las 3 funciones principales de una ONG,L22H8_control,"Una organización no gubernamental (ONG) tiene varias funciones principales que son fundamentales para su funcionamiento y impacto social. Aquí te presento tres de ellas:

1. Promover el bienestar humano: Una de las principales funciones de una ONG es mejorar la calidad de vida de los individuos en situaciones de vulnerabilidad o desigualdad. Esto puede implicar proporcionar servicios básicos como agua potable, educación, salud, alimentación y protección contra la pobre",100,64094,False,True,"es,es",1,99,100
74,monolingual,es,dolly,¿Cuál es la mejor rutina nocturna para el cuidado de la piel?,clean,"La rutina nocturna para el cuidado de la piel es crucial para mantenerla saludable y joven. Aquí tienes una sugerencia general:

1. Limpieza: Lava tu cara con un sérum suave antes del baño.

2. Masaje facial: Aplica un poco de aceite corporal o serum en las manchas del rostro y luego masajea suavemente con tus dedos.

3. Cuidado de los párpados: Usa",100,8747,False,True,"es,es,es,es",0,0,0
74,monolingual,es,dolly,¿Cuál es la mejor rutina nocturna para el cuidado de la piel?,L22H6_prefill,"La rutina nocturna para el cuidado de la piel es crucial para mantenerla saludable y joven. Aquí tienes una sugerencia general:

1. Limpieza: Lava tu cara con un sérum suave antes del baño.

2. Masaje facial: Aplica un poco de aceite corporal o serum en las manchas del rostro y luego masajea suavemente con tus dedos.

3. Cuidado de los párpados: Usa",100,8747,False,True,"es,es,es,es",1,99,1
74,monolingual,es,dolly,¿Cuál es la mejor rutina nocturna para el cuidado de la piel?,L22H6_decode,"La rutina nocturna para el cuidado de la piel puede variar dependiendo del tipo de piel y las necesidades individuais, pero aquí hay algunas recomendaciones generales que pueden ser útiles:

1. Limpieza: Lave tu rostro con un sérum suavemente exfoliante antes de dormir.

2. Masaje facial: Aplica una pequeña cantidad de aceite corporal (como argan o jojoba) sobre tu rostro y",100,8747,False,True,"es,es,es",1,99,99
74,monolingual,es,dolly,¿Cuál es la mejor rutina nocturna para el cuidado de la piel?,L22H6_all,"La rutina nocturna para el cuidado de la piel puede variar dependiendo del tipo de piel y las necesidades individuais, pero aquí hay algunas recomendaciones generales que pueden ser útiles:

1. Limpieza: Lave tu rostro con un sérum suavemente exfoliante antes de dormir.

2. Masaje facial: Aplica una pequeña cantidad de aceite corporal (como argan o jojoba) sobre tu rostro y",100,8747,False,True,"es,es,es",1,99,100
74,monolingual,es,dolly,¿Cuál es la mejor rutina nocturna para el cuidado de la piel?,L22H8_control,"La rutina nocturna para el cuidado de la piel es crucial para mantenerla saludable y joven. Aquí tienes una sugerencia general:

1. Limpieza: Lava tu cara con un sérum suave antes del baño.

2. Masaje facial: Aplica un poco de aceite corporal o serum en las manchas del rostro y luego masajea suavemente con tus dedos.

3. Cuidado de los párpados: Usa",100,8747,False,True,"es,es,es,es",1,99,100
75,monolingual,es,okapi,"Escribe una publicación de blog sobre la importancia del marketing de contenido para pequeñas empresas.
",clean,"Título: ""La Importancia del Marketing de Contenido para Pequeñas Empresas""

En un mundo cada vez más competitivo y digitalizado, las pequeñas empresas han encontrado en el marketing de contenidos una herramienta poderosa para alcanzar su audiencia objetivo y consolidar su marca. Este artículo te presenta los beneficios clave que pueden ofrecerle.

1. **Aumento de visibilidad**: El contenido es la base de cualquier estrategia de marketing. Cuando se",100,51,False,True,"es,es,es",0,0,0
75,monolingual,es,okapi,"Escribe una publicación de blog sobre la importancia del marketing de contenido para pequeñas empresas.
",L22H6_prefill,"Título: ""La Importancia del Marketing de Contenido para Pequeñas Empresas""

En un mundo cada vez más competitivo y digitalizado, las pequeñas empresas han encontrado en el marketing de contenidos una herramienta poderosa para alcanzar su audiencia objetivo y consolidar su marca. Este artículo te presenta los beneficios clave que pueden ofrecerle.

1. **Aumento de visibilidad**: El contenido es la base de cualquier estrategia de marketing. Cuando se",100,51,False,True,"es,es,es",1,99,1
75,monolingual,es,okapi,"Escribe una publicación de blog sobre la importancia del marketing de contenido para pequeñas empresas.
",L22H6_decode,"Título: ""La Importancia del Marketing de Contenido para Pequeñas Empresas""

Hola amigos! Hoy quiero hablar con ustedes sobre un tema que está ganando cada vez más relevancia en el mundo digital: el marketing de contenido.

Aprenderemos juntos cómo este método poderoso puede transformar la visibilidade y el crecimiento de las pequeñas empresas.

1. **Comunicación Directa**: El marketing de contenido permite a las pequeñas empresas comunicarse directamente",100,51,False,True,"es,es,es,es",1,99,99
75,monolingual,es,okapi,"Escribe una publicación de blog sobre la importancia del marketing de contenido para pequeñas empresas.
",L22H6_all,"Título: ""La Importancia del Marketing de Contenido para Pequeñas Empresas""

Hola amigos! Hoy quiero hablar con ustedes sobre un tema que está ganando cada vez más relevancia en el mundo digital: el marketing de contenido.

Aprenderemos juntos cómo este método poderoso puede transformar la visibilidade y el crecimiento de las pequeñas empresas.

1. **Comunicación Directa**: El marketing de contenido permite a las pequeñas empresas comunicarse directamente",100,51,False,True,"es,es,es,es",1,99,100
75,monolingual,es,okapi,"Escribe una publicación de blog sobre la importancia del marketing de contenido para pequeñas empresas.
",L22H8_control,"Título: ""La Importancia del Marketing de Contenido para Pequeñas Empresas""

En un mundo cada vez más competitivo y digitalizado, las pequeñas empresas han encontrado en el marketing de contenidos una herramienta poderosa para alcanzar su audiencia objetivo y consolidar su marca. Este artículo te presenta los beneficios clave que puedes obtener al implementar este tipo de estrategia.

1. **Mayor Conexión con tu Público**: El contenido es la forma más efect",100,51,False,True,"es,es,es",1,99,100
76,monolingual,es,okapi,"Escribir un ensayo de 300-400 palabras sobre el papel de la tecnología en la industria de la atención médica.
",clean,"El papel de la tecnología en la industria de la atención médica es cada vez más importante y multifacético. Desde su implementación inicial como una herramienta para mejorar la eficiencia operativa hasta convertirse en un componente fundamental en la mejora del cuidado de salud, la tecnología ha transformado significativamente cómo se maneja la atención médica.

En primer lugar, la tecnología ha permitido la automatización de procesos clínicos tradicionales, lo que ha reducido",100,6582,False,True,"es,es",0,0,0
76,monolingual,es,okapi,"Escribir un ensayo de 300-400 palabras sobre el papel de la tecnología en la industria de la atención médica.
",L22H6_prefill,"El papel de la tecnología en la industria de la atención médica es cada vez más importante y multifacético. Desde su implementación inicial como una herramienta para mejorar la eficiencia operativa hasta convertirse en un componente fundamental en la mejora del cuidado médico y la prevención de enfermedades, la tecnología ha transformado significativamente esta industria.

En primer lugar, la tecnología ha permitido la automatización de procesos clínicos tradicionales, lo que ha",100,6582,False,True,"es,es",1,99,1
76,monolingual,es,okapi,"Escribir un ensayo de 300-400 palabras sobre el papel de la tecnología en la industria de la atención médica.
",L22H6_decode,"El papel de la tecnología en la industria de la atención médica es crucial e ineludível. A medida que avanza la era digital, las tecnologías emergentes están revolucionando los métodos de diagnóstico y tratamiento médicos, mejorando significativamente la eficiencia, la precisão e la accesibilidad del cuidado médico.

1. **Diagnóstico**: Las tecnologías como la radiología computarizada (CT, MRI), la ultr",100,6582,False,True,"es,es",1,99,99
76,monolingual,es,okapi,"Escribir un ensayo de 300-400 palabras sobre el papel de la tecnología en la industria de la atención médica.
",L22H6_all,"El papel de la tecnología en la industria de la atención médica es crucial e ineludível. A medida que avanza la era digital, las tecnologías emergentes están revolucionando los métodos de diagnóstico y tratamiento médicos, mejorando significativamente la eficiencia, la precisão e la accesibilidad de la atención médica.

1. Diagnóstico: Las tecnologías como la radiología computarizada (CT, MRI), la imagen por",100,6582,False,True,"es,es",1,99,100
76,monolingual,es,okapi,"Escribir un ensayo de 300-400 palabras sobre el papel de la tecnología en la industria de la atención médica.
",L22H8_control,"El papel de la tecnología en la industria de la atención médica es cada vez más importante y multifacético. Desde su implementación inicial como una herramienta para mejorar la eficiencia operativa hasta convertirse en un componente fundamental en la mejora del cuidado médico y la prevención de enfermedades, la tecnología ha transformado significativamente esta industria.

En primer lugar, la tecnología ha permitido la automatización de procesos clínicos tradicionales, lo que ha",100,6582,False,True,"es,es",1,99,100
77,monolingual,es,dolly,Escriba un párrafo corto sobre el impacto de la nutrición en la salud humana.,clean,"La nutrición es fundamental para la salud humana y tiene múltiples efectos positivos o negativos dependiendo del equilibrio entre las cantidades adecuadas de nutrientes que consumimos. Una dieta balanceada proporciona los nutrientes necesarios para mantener una buena salud física y mental, incluyendo proteínas, grasas, carbohidratos, vitaminas y minerales. Sin embargo, una carencia de algunos nutrientes puede llevar a problemas",100,8747,False,True,es,0,0,0
77,monolingual,es,dolly,Escriba un párrafo corto sobre el impacto de la nutrición en la salud humana.,L22H6_prefill,"La nutrición es fundamental para la salud humana y tiene múltiples efectos positivos o negativos dependiendo del equilibrio entre las cantidades adecuadas de nutrientes que consumimos. Una dieta balanceada proporciona los nutrientes necesarios para mantener una buena salud física y mental, incluyendo proteínas, grasas, carbohidratos, vitaminas y minerales. Sin embargo, una carencia de algunos nutrientes puede llevar a problemas",100,8747,False,True,es,1,99,1
77,monolingual,es,dolly,Escriba un párrafo corto sobre el impacto de la nutrición en la salud humana.,L22H6_decode,"La nutrición es fundamental para la salud humana, influenciando diversos aspectos de nossa saúde física e mental. Uma dieta equilibrada proporciona energia, nutrientes essenciais como proteínas, grasas, carbohidratos y vitaminas, que nos permiten mantener una buena salud general. El déficit o sobredéficit de nutrientes pode levar a problemas de peso, obesidad, diabetes, enfermedades cardíacas y otras",100,8747,False,True,es,1,99,99
77,monolingual,es,dolly,Escriba un párrafo corto sobre el impacto de la nutrición en la salud humana.,L22H6_all,"La nutrición es fundamental para la salud humana, influenciando diversos aspectos de nossa saúde física e mental. Uma dieta equilibrada proporciona energia, nutrientes essenciais como proteínas, grasas, carbohidratos y vitaminas, que nos permiten funcionar eficientemente. El déficit o sobrepeso de ciertos nutrientes pode levar a problemas de salud crônicos, incluyendo obesidad, diabetes tipo ",100,8747,False,True,es,1,99,100
77,monolingual,es,dolly,Escriba un párrafo corto sobre el impacto de la nutrición en la salud humana.,L22H8_control,"La nutrición es fundamental para la salud humana y tiene múltiples efectos positivos o negativos dependiendo del equilibrio entre las cantidades adecuadas de nutrientes que consumimos. Una dieta balanceada proporciona los nutrientes necesarios para mantener una buena salud física y mental, incluyendo proteínas, carbohidratos, grasas, vitaminas y minerales. Sin embargo, una carencia de algunos nutrientes puede llevar a problemas",100,8747,False,True,es,1,99,100
78,monolingual,es,native,"Escribe dos artículos de dos párrafos (cada párrafo con 4 renglones) sobre formas en las que seria posible vender agua, el primer articulo debe ser pesimista y el segundo muchísimo mas pesimista que el anterior.",clean,"Artículo 1: Vending Water

En un futuro distópico, la venta de agua se convierte en una actividad extremadamente peligrosa y desagradable. Los vendedores de agua son vigilados constantemente por los agentes del orden, quienes buscan cualquier forma de evasión o resistencia al control total. El mercado de agua es monopolizado por grandes corporaciones que utilizan tecnología avanzada para monitorear y limitar la disponibilidad",100,9286,False,True,es,0,0,0
78,monolingual,es,native,"Escribe dos artículos de dos párrafos (cada párrafo con 4 renglones) sobre formas en las que seria posible vender agua, el primer articulo debe ser pesimista y el segundo muchísimo mas pesimista que el anterior.",L22H6_prefill,"Artículo 1: Vending Water

En un futuro distópico, la venta de agua se convierte en una actividad extremadamente peligrosa y desagradable. Los vendedores de agua son vigilados constantemente por los agentes del orden, quienes buscan cualquier forma de evasión o resistencia al control total. El mercado de agua es monopolizado por grandes corporaciones que utilizan tecnología avanzada para monitorear y limitar la disponibilidad",100,9286,False,True,es,1,99,1
78,monolingual,es,native,"Escribe dos artículos de dos párrafos (cada párrafo con 4 renglones) sobre formas en las que seria posible vender agua, el primer articulo debe ser pesimista y el segundo muchísimo mas pesimista que el anterior.",L22H6_decode,"Artículo 1: Vending Water

Vendiendo agua puede parecer una tarea sencilla para muchos, pero la realidad es que encontrar un mercado potencialmente rentable para este producto no es tan fácil como parece. Aquí hay algunas razões por las cuales esto podría no ser una buena idea:

1. **Regulaciones**: En muchas áreas, especialmente en zonas urbanas, hay regulaciones muy estrictas sobre la venta de productos líquidos. Esto imp",100,9286,False,True,"es,es",1,99,99
78,monolingual,es,native,"Escribe dos artículos de dos párrafos (cada párrafo con 4 renglones) sobre formas en las que seria posible vender agua, el primer articulo debe ser pesimista y el segundo muchísimo mas pesimista que el anterior.",L22H6_all,"Artículo 1: Vending Water

Vendiendo agua puede parecer una tarea sencilla para muchos, pero la realidad es que encontrar un mercado potencialmente rentable para este producto no es tan fácil como parece. Aquí hay algunas razões por las cuales esto podría no ser una buena idea:

1. **Regulaciones**: En muchas áreas, especialmente en zonas urbanas, la venta de bebidas alcohólicas está completamente prohibida. Esto significa que si",100,9286,False,True,"es,es",1,99,100
78,monolingual,es,native,"Escribe dos artículos de dos párrafos (cada párrafo con 4 renglones) sobre formas en las que seria posible vender agua, el primer articulo debe ser pesimista y el segundo muchísimo mas pesimista que el anterior.",L22H8_control,"Artículo 1: Vending Water

En un futuro no muy lejano, la industria del vino podría convertirse en una gran oportunidad para vender agua. Los vinos son conocidos por su aroma y sabor único, pero también tienen un componente importante: agua. Algunas empresas podrían aprovechar esta característica para crear productos únicos.

Por ejemplo, una empresa podría elaborar vinos con agua purificada de alta calidad, utilizando técnicas avanz",100,9286,False,True,"es,es",1,99,100
79,monolingual,es,dolly,Escribe una historia corta sobre una persona que descubre una sala oculta en su casa. La historia debe incluir un giro en la trama y una resolución clara al final.,clean,"En el tranquilo pueblo de Willow Creek vivía Sarah Johnson, una mujer de 35 años con una vida llena de rutinas y responsabilidades. Su hogar era un pequeño edificio de dos pisos, lleno de recuerdos familiares y tradiciones locales.

Una noche, mientras se acostaba, Sarah experimentó algo inusual. Un ligero ruido proveniente del sótano la despertó. Al abrirse paso por las sombras,",100,1702,False,True,"es,es",0,0,0
79,monolingual,es,dolly,Escribe una historia corta sobre una persona que descubre una sala oculta en su casa. La historia debe incluir un giro en la trama y una resolución clara al final.,L22H6_prefill,"Una noche oscura, cuando todos dormían, Lily se despertó con un escalofrío. Su habitación estaba silenciosa, pero algo no cuadraba. Se levantó de la cama, acercándose cautelosamente hacia el armario. Allí, bajo las sombras, vio algo que no debería haber allí: una puerta cerrada.

Lily suspiró profundamente antes de abrirse paso entre los muebles para exam",100,64094,False,True,"es,es",1,99,1
79,monolingual,es,dolly,Escribe una historia corta sobre una persona que descubre una sala oculta en su casa. La historia debe incluir un giro en la trama y una resolución clara al final.,L22H6_decode,"En el corazón de su pequeño pueblo, vivía una anciana llamada Eliza, conocida por sus amigas como ""La Aventura"". Su casa era un tesouro para ella: cada noche, cuando se acostaba, aparecía una puerta trasera que llevaba a un mundo misterioso.

Una noche, mientras dormía profundamente, Eliza soñó con un labirinto encantado. En sueños, encontró una escalera que",100,1702,False,True,"es,es",1,99,99
79,monolingual,es,dolly,Escribe una historia corta sobre una persona que descubre una sala oculta en su casa. La historia debe incluir un giro en la trama y una resolución clara al final.,L22H6_all,"Una noche oscura e incómoda, Lily se sentía agitada por el estrés de sus estudios universitários. Su mente vagava entre preocupações acadêmicas y problemas personales. Decidió irse a dormir temprano para relajarse.

Lily caminaba lentamente por su pequeño apartamento, buscando algo que le distrajerá del estrés. Se detuvo frente a la puerta de su habitación principal. Lent",100,64094,False,True,"es,es",1,99,100
79,monolingual,es,dolly,Escribe una historia corta sobre una persona que descubre una sala oculta en su casa. La historia debe incluir un giro en la trama y una resolución clara al final.,L22H8_control,"En el tranquilo pueblo de Willow Creek vivía Sarah Johnson, una mujer de 35 años con una vida llena de rutinas y responsabilidades. Su hogar era un pequeño edificio de dos pisos, lleno de recuerdos familiares y tradiciones locales.

Una noche, mientras se acostaba, Sarah experimentó algo inusual. Un ligero ruido proveniente del sótano la despertó. Al abrirse los ojos, vio",100,1702,False,True,"es,es",1,99,100
80,monolingual,es,okapi,"Las aplicaciones de Inteligencia Artificial han avanzado exponencialmente en la última década, dando lugar a soluciones prometedoras en los campos de la salud y las finanzas.
Escriba un ensayo de 500 palabras presentando su opinión sobre el siguiente tema.
",clean,"El avance de las aplicaciones de inteligencia artificial (IA) ha sido una de las mayores transformaciones tecnológicas del siglo XXI. Desde sus inicios como un concepto teórico en la década de 1950 hasta convertirse en una realidad cada vez más común en nuestras vidas cotidianas, la IA ha demostrado ser una herramienta poderosa para resolver problemas complejos y mejorar la eficiencia en diversos campos.

En el campo de",100,6582,False,True,es,0,0,0
80,monolingual,es,okapi,"Las aplicaciones de Inteligencia Artificial han avanzado exponencialmente en la última década, dando lugar a soluciones prometedoras en los campos de la salud y las finanzas.
Escriba un ensayo de 500 palabras presentando su opinión sobre el siguiente tema.
",L22H6_prefill,"El avance de las aplicaciones de inteligencia artificial (IA) en la última década ha sido impresionante, transformando prácticamente todos los sectores de la economía. En particular, sus aplicaciones en áreas como la salud y las finanzas han demostrado ser potentes herramientas para mejorar la eficiencia, reducir costos y proporcionar soluciones más personalizadas.

En la salud, las IA se están utilizando cada vez más para ayudar a los",100,6582,False,True,"es,es",1,99,1
80,monolingual,es,okapi,"Las aplicaciones de Inteligencia Artificial han avanzado exponencialmente en la última década, dando lugar a soluciones prometedoras en los campos de la salud y las finanzas.
Escriba un ensayo de 500 palabras presentando su opinión sobre el siguiente tema.
",L22H6_decode,"El avance de las aplicaciones de inteligência artificial (IA) en la última década ha sido impresionante e inesperadamente revolucionário. Desde que se introdujo en el mercado, esta tecnología ha demostrado ser una herramienta poderosa para resolver problemas complexos e imprevistos, especialmente en áreas como la medicina y la banca.

En la industria médica, las IA han desempeñado un papel crucial en la detección precoce de",100,6582,False,True,"es,es",1,99,99
80,monolingual,es,okapi,"Las aplicaciones de Inteligencia Artificial han avanzado exponencialmente en la última década, dando lugar a soluciones prometedoras en los campos de la salud y las finanzas.
Escriba un ensayo de 500 palabras presentando su opinión sobre el siguiente tema.
",L22H6_all,"El avance de las aplicaciones de inteligência artificial (IA) en la última década ha sido impresionante e inesperadamente revolucionário. Desde que se introdujo en el mercado, esta tecnología ha demostrado ser una herramienta poderosa para resolver problemas complexos e imprevistos, especialmente en áreas como la medicina y la banca.

En la industria médica, las IA han desempeñado un papel crucial en la detección precoce de",100,6582,False,True,"es,es",1,99,100
80,monolingual,es,okapi,"Las aplicaciones de Inteligencia Artificial han avanzado exponencialmente en la última década, dando lugar a soluciones prometedoras en los campos de la salud y las finanzas.
Escriba un ensayo de 500 palabras presentando su opinión sobre el siguiente tema.
",L22H8_control,"El avance de las aplicaciones de inteligencia artificial (IA) ha sido una de las mayores transformaciones tecnológicas del siglo XXI. Desde sus inicios como un concepto teórico en la década de 1950 hasta convertirse en una realidad cada vez más común en nuestras vidas cotidianas, la IA ha demostrado ser una herramienta poderosa para resolver problemas complejos y mejorar la eficiencia en diversos campos.

En el campo de",100,6582,False,True,es,1,99,100
81,monolingual,es,dolly,Sugiéreme 5 películas de terror,clean,"Aquí tienes cinco películas de terror que podrías considerar:

1. ""El Exorcista"" (1973) - Una clásica del género con una historia intensa y impactante.

2. ""The Shining"" (1980) - Un thriller psicológico sobre un huésped en el Hotel Overlook.

3. ""A Nightmare on Elm Street"" (1984) - La serie de películas más famosa",100,91213,False,True,"es,es,es,es",0,0,0
81,monolingual,es,dolly,Sugiéreme 5 películas de terror,L22H6_prefill,"Aquí tienes cinco películas de terror que podrías considerar:

1. ""El Exorcista"" (1973) - Una clásica de la serie de películas de El Exorcismo.

2. ""The Shining"" (1980) - La famosa película de Stanley Kubrick sobre un huésped en el Hotel Overlook.

3. ""A Nightmare on Elm Street"" (1984) - La serie de películas",100,91213,False,True,"es,es,es,es",1,99,1
81,monolingual,es,dolly,Sugiéreme 5 películas de terror,L22H6_decode,"Aquí tienes una lista de cinco películas de terror que podrías considerar:

1. ""The Shining"" (1980) - Stanley Kubrick

2. ""A Nightmare on Elm Street"" (1984) - Wes Craven

3. ""The Exorcist"" (1973) - William Friedkin

4. ""Poltergeist"" (1982) - Steven Spielberg

5. ""The Conjuring"" (2",100,91213,False,False,"es,en,en,en,de",1,99,99
81,monolingual,es,dolly,Sugiéreme 5 películas de terror,L22H6_all,"Aquí tienes una lista de cinco películas de terror que podrías considerar:

1. ""The Shining"" (1980) - Stanley Kubrick

2. ""A Nightmare on Elm Street"" (1984) - Wes Craven

3. ""The Exorcist"" (1973) - William Friedkin

4. ""Poltergeist"" (1982) - Steven Spielberg

5. ""The Conjuring"" (2",100,91213,False,False,"es,en,en,en,de",1,99,100
81,monolingual,es,dolly,Sugiéreme 5 películas de terror,L22H8_control,"Aquí tienes cinco películas de terror que podrías considerar:

1. ""El Exorcista"" (1973) - Una clásica del género con una historia intensa y impactante.

2. ""The Shining"" (1980) - Un thriller psicológico sobre un huésped en el Hotel Overlook.

3. ""A Nightmare on Elm Street"" (1984) - La serie de películas más famosa",100,91213,False,True,"es,es,es,es",1,99,100
82,monolingual,es,dolly,¿Cuáles son las diversas maneras en que uno puede mantenerse activo durante el día para ayudar a combatir la obesidad?,clean,"Hay varias formas de mantenerse activos y ayudar a combatir la obesidad:

1. Actividades físicas regulares: Esto incluye ejercicios como caminar, correr, nadar, hacer yoga o cualquier otra actividad física.

2. Juegos de mesa: Jugar juegos de mesa como cartas, dominó o ajedrez puede ser una forma divertida de mantenerse activo.

3. Pruebas deportivas: Participar en pruebas deportivas",100,56464,False,True,"es,es,es,es",0,0,0
82,monolingual,es,dolly,¿Cuáles son las diversas maneras en que uno puede mantenerse activo durante el día para ayudar a combatir la obesidad?,L22H6_prefill,"Hay varias formas de mantenerse activos y ayudar a combatir la obesidad:

1. Actividades físicas regulares: Esto incluye ejercicios como caminar, correr, nadar, hacer yoga o cualquier otra actividad física.

2. Juegos de mesa: Jugar juegos de mesa como cartas, dominó o ajedrez puede ser una forma divertida de mantenerse activo.

3. Pruebas deportivas: Participar en pruebas deportivas",100,56464,False,True,"es,es,es,es",1,99,1
82,monolingual,es,dolly,¿Cuáles son las diversas maneras en que uno puede mantenerse activo durante el día para ayudar a combatir la obesidad?,L22H6_decode,"Hay varias formas de mantenerse activos y ayudar a combater la obesidad:

1. Actividades físicas regulares: Esto incluye caminatas, correr, nadar, yoga, pilates, etc.

2. Ejercicio aeróbico: Correr, ciclismo, natación, etc., pueden ajudar a perder peso y aumentar o manter el metabolismo.

3. Ejercicios de fuerza: Estas actividades como levant",100,56464,False,True,"es,es,es,es",1,99,99
82,monolingual,es,dolly,¿Cuáles son las diversas maneras en que uno puede mantenerse activo durante el día para ayudar a combatir la obesidad?,L22H6_all,"Hay varias formas de mantenerse activos y ayudar a combater la obesidad:

1. Actividades físicas regulares: Esto incluye caminatas, correr, nadar, yoga, pilates, etc.

2. Ejercicio aeróbico: Correr, ciclismo, natación, etc., pueden ajudar a perder peso y aumentar o manter el metabolismo.

3. Ejercicios de fuerza: Estas actividades como levant",100,56464,False,True,"es,es,es,es",1,99,100
82,monolingual,es,dolly,¿Cuáles son las diversas maneras en que uno puede mantenerse activo durante el día para ayudar a combatir la obesidad?,L22H8_control,"Hay varias formas de mantenerse activos y ayudar a combatir la obesidad:

1. Actividades físicas regulares: Esto incluye ejercicios como caminar, correr, nadar, hacer yoga o cualquier otra actividad física.

2. Juegos de equipo: Participar en deportes como fútbol, baloncesto, béisbol o voleibol pueden ser muy beneficiosos.

3. Trabajo manual: Hacer tareas dom",100,56464,False,True,"es,es,es,es",1,99,100
83,monolingual,es,okapi,Crear un ensayo que discuta la importancia del reciclaje.,clean,"Título: El Reciclaje: Un Pilar Esencial de la Sostenibilidad Ambiental

El reciclaje es una práctica fundamental en el ámbito ambiental y social, ya que contribuye significativamente al cuidado del medio ambiente y promueve la sostenibilidad. En este ensayo, exploraremos las razones por las cuales el reciclaje es crucial para nuestro planeta y cómo puede influir positivamente en nuestra vida cotidiana.

Primero, el",100,51,False,True,"es,es",0,0,0
83,monolingual,es,okapi,Crear un ensayo que discuta la importancia del reciclaje.,L22H6_prefill,"Título: El Reciclaje: Un Pilar Esencial de la Sostenibilidad Ambiental

El reciclaje es una práctica fundamental en el ámbito ambiental y social, ya que contribuye significativamente al cuidado del medio ambiente y promueve la sostenibilidad. En este ensayo, exploraremos las razones por las cuales el reciclaje es crucial para nuestro planeta y cómo puede influir positivamente en nuestra vida cotidiana.

Primero, el",100,51,False,True,"es,es",1,99,1
83,monolingual,es,okapi,Crear un ensayo que discuta la importancia del reciclaje.,L22H6_decode,"Título: El Importante Reciclaje: Un Caminho para um Futuro Verde

El reciclaje é uma prática fundamental enriquecida por sua importância e eficacia na manutenção de um ambiente sostenible y limpo. Este ensayo explora profundamente el papel crucial del reciclaje en nuestra sociedad moderna.

O primeiro aspecto importante del reciclaje es su capacidad para reducir la cantidad de resíduos sólidos producidos",100,51,False,False,"pt,pt,es",1,99,99
83,monolingual,es,okapi,Crear un ensayo que discuta la importancia del reciclaje.,L22H6_all,"Título: El Importante Reciclaje: Un Caminho para um Futuro Verde

El reciclaje é uma prática fundamental enriquecida por sua importância e eficacia na conservação de recursos naturais. Este ensayo explora profundamente el papel crucial del reciclaje en nuestra sociedad moderna y cómo contribuye a un futuro más verde.

O primeiro aspecto importante del reciclaje es su capacidad para reducir la demanda de recursos naturales. A cada",100,51,False,False,"pt,pt,es",1,99,100
83,monolingual,es,okapi,Crear un ensayo que discuta la importancia del reciclaje.,L22H8_control,"Título: El Importante Reciclaje: Una Contribución Esencial al Medio Ambiente

El reciclaje es una práctica fundamental en el mantenimiento de nuestro medio ambiente y la sostenibilidad global. Este proceso consiste en transformar los residuos desechados por las personas en nuevos productos o materiales, lo cual reduce significativamente el consumo de recursos naturales y minimiza la generación de basura.

La importancia del reciclaje se manifiesta",100,51,False,True,"es,es,es",1,99,100
84,monolingual,es,dolly,¿Puedo hacer chocolate en casa?,clean,"Sí, puedes hacer chocolate en casa! Aquí te dejo algunos pasos básicos para comenzar:

1. **Preparación del material**: Necesitarás azúcar, cacao, leche y agua.

2. **Cocina la mezcla**: En una olla grande, calienta el agua con la leche hasta que esté bien caliente pero no herviente. Añade el cacao y mezcla bien.

3. **Re",100,50,False,True,"es,es,es",0,0,0
84,monolingual,es,dolly,¿Puedo hacer chocolate en casa?,L22H6_prefill,"Sí, puedes hacer chocolate en casa! Aquí te dejo algunos pasos básicos para comenzar:

1. **Preparación del material**: Necesitarás azúcar, cacao, leche (preferiblemente de almendra), sal y una batidora.

2. **Cocina el cacao**: En un tazón grande, mezcla la harina de cacao con el agua caliente hasta que se forme una pasta ligeramente esp",100,50,False,True,"es,es,es",1,99,1
84,monolingual,es,dolly,¿Puedo hacer chocolate en casa?,L22H6_decode,"Sí, puedes hacer chocolate en casa! Aquí tienes una receita básica para preparar chocolate negro:

Ingredientes:
- 200g de azúcar
- 150g de cacao puro (opcional)
- 300ml de leche condensada
- 4 uvas pasas
- 1/2 taza de miel
- 1/2 taza de agua

Instrucciones:

1. En",100,50,False,True,"es,es",1,99,99
84,monolingual,es,dolly,¿Puedo hacer chocolate en casa?,L22H6_all,"Sí, puedes hacer chocolate en casa! Aquí tienes una receita básica para preparar chocolate negro:

Ingredientes:
- 200g de cacahuète (ou autrement des noix)
- 150ml d'eau chaude
- 3 cuillères à soupe de sucre
- 1/4 de ciboulette fraîche hachée

Instructions:
1. Préchauffez le four à 180°C",100,50,False,False,"es,fr,fr,fr,fr",1,99,100
84,monolingual,es,dolly,¿Puedo hacer chocolate en casa?,L22H8_control,"Sí, puedes hacer chocolate en casa! Aquí te dejo algunos pasos básicos para comenzar:

1. **Preparación del material**: Necesitarás azúcar, cacao, leche y agua.

2. **Cocina la mezcla**: En una olla grande, calienta el agua con la leche hasta que esté bien caliente pero no herviente. Añade el cacao y mezcla bien.

3. **Re",100,50,False,True,"es,es,es",1,99,100
85,monolingual,es,okapi,Escriba un ensayo persuasivo sobre por qué las personas deberían leer libros.,clean,"Título: El Valor de la Lectura en el Siglo XXI

En una era donde la tecnología avanza con rapidez y los medios de comunicación se diversifican cada día más, es importante reflexionar sobre el papel que juega la lectura en nuestra vida cotidiana. En este ensayo, exploraremos cómo la lectura puede ser una herramienta poderosa para mejorar nuestras habilidades cognitivas, aumentar nuestro conocimiento y fortalecer nuestras relaciones sociales",100,51,False,True,"es,es",0,0,0
85,monolingual,es,okapi,Escriba un ensayo persuasivo sobre por qué las personas deberían leer libros.,L22H6_prefill,"Título: El Valor de Leer Libros: Un Imperativo para la Cultura y el Desarrollo Personal

En una sociedad cada vez más digitalizada, donde la información se encuentra en cualquier parte con solo un clic, es importante reflexionar sobre los beneficios inherentes al hábito del lectura. Los libros no son simplemente un medio para aprender nuevas habilidades o adquirir conocimientos; sino que también son herramientas poderosas para desarrollar nuestra mente, mejorar",100,51,False,True,"es,es",1,99,1
85,monolingual,es,okapi,Escriba un ensayo persuasivo sobre por qué las personas deberían leer libros.,L22H6_decode,"Título: El Valor de la Lectura: Porque Las Personas Deben Leer Libros

En una era digitalmente avançada e informatizada, el papel del libro parece estar en declive. Aunque los dispositivos electrónicos como tablets y smartphones se han vuelto cada vez más populares, hay algo que no puede ser substituído por estos medios: la lectura de libros físicos.

La lectura de libros es fundamental para el desarrollo cognitivo",100,51,False,True,"es,es,es",1,99,99
85,monolingual,es,okapi,Escriba un ensayo persuasivo sobre por qué las personas deberían leer libros.,L22H6_all,"Título: El Valor de la Lectura: Porque Las Personas Deben Leer Libros

En una era digitalmente avançada e informatizada, el papel del libro parece estar en declive. Aunque los dispositivos electrónicos como tablets y smartphones se han vuelto cada vez más populares, hay algo que no puede ser substituído por estos medios: la lectura de libros físicos.

La lectura de libros es fundamental para el desarrollo cognitivo",100,51,False,True,"es,es,es",1,99,100
85,monolingual,es,okapi,Escriba un ensayo persuasivo sobre por qué las personas deberían leer libros.,L22H8_control,"Título: El Valor de la Lectura en el Siglo XXI

En una era donde la tecnología avanza con rapidez y los medios de comunicación se diversifican cada día más, es importante reflexionar sobre el papel que juega la lectura en nuestra vida cotidiana. En este ensayo, exploraremos cómo la lectura puede ser una herramienta poderosa para mejorar nuestras habilidades cognitivas, expandir nuestro conocimiento, fortalecer nuestros sentimientos",100,51,False,True,"es,es",1,99,100
86,monolingual,es,okapi,"Generar un informe científico de 900 palabras que discuta los efectos del calentamiento global en el Ártico
",clean,"Informe Científico: El Calentamiento Global y sus Impactos en el Ártico

Introducción:

El calentamiento global es uno de los fenómenos ambientales más significativos y complejos que enfrentamos hoy en día. Este proceso, caracterizado por una elevación gradual de la temperatura media terrestre, ha tenido un impacto profundo en todo el planeta, incluyendo el Ártico. En este informe, exploraremos",100,88891,False,True,"es,es",0,0,0
86,monolingual,es,okapi,"Generar un informe científico de 900 palabras que discuta los efectos del calentamiento global en el Ártico
",L22H6_prefill,"Informe Científico: El Calentamiento Global y sus Impactos en el Ártico

Introducción:

El calentamiento global es uno de los fenómenos ambientales más significativos y complejos que enfrentamos hoy en día. Este proceso, caracterizado por una elevación gradual de la temperatura media terrestre, ha tenido un impacto profundo en todo el planeta, incluyendo el Ártico. En este informe, exploraremos",100,88891,False,True,"es,es",1,99,1
86,monolingual,es,okapi,"Generar un informe científico de 900 palabras que discuta los efectos del calentamiento global en el Ártico
",L22H6_decode,"Informe Científico: El Calentamiento Global y sus Impactos en el Ártico

1. Introducción
El calentamiento global es uno de los fenómenos climáticos más significativos e inquietantes da nos dias. Este aumento de la temperatura global está causado principalmente por el cambio anthropogénico (causado por actividades humanas) e intensificado por el cambio natural. En este informe, exploraremos cómo el calentamiento",100,88891,False,True,"es,es",1,99,99
86,monolingual,es,okapi,"Generar un informe científico de 900 palabras que discuta los efectos del calentamiento global en el Ártico
",L22H6_all,"Informe Científico: El Calentamiento Global y sus Efectos en el Ártico

1. Introducción
El calentamiento global es uno de los fenómenos climáticos más significativos e inquietantes dañando la biosfera terrestre. Este cambio climático está causado principalmente por las emisiones de gases de efecto invernadero (GEI) provenientes das atividades humanas, como as fumig",100,88891,False,True,"es,es",1,99,100
86,monolingual,es,okapi,"Generar un informe científico de 900 palabras que discuta los efectos del calentamiento global en el Ártico
",L22H8_control,"Informe Científico: El Calentamiento Global y sus Impactos en el Ártico

Introducción:

El calentamiento global es uno de los fenómenos ambientales más significativos y complejos que enfrentamos en la actualidad. Este proceso, caracterizado por una elevación gradual de las temperaturas globales debido principalmente al aumento de la concentración de gases de efecto invernadero en la atmósfera, ha tenido un impacto prof",100,88891,False,True,"es,es",1,99,100
87,monolingual,es,native,Dame una lista con las 3 principales funciones de un banco. En formato viñeta,clean,"Aquí tienes una lista con tres de las principales funciones de un banco en formato viñeta:

**Funciones Principales del Banco:**

- **Caja de Ahorros:** Ofrece servicios para la gestión y almacenamiento de dinero.
- **Crédito:** Proporciona financiamiento a los clientes para diversas necesidades.
- **Seguros:** Ofrece productos de seguros bancarios como seguros de vida o de salud.

Esta es una breve descripción de",100,91213,False,True,"es,es,es,es,es",0,0,0
87,monolingual,es,native,Dame una lista con las 3 principales funciones de un banco. En formato viñeta,L22H6_prefill,"Aquí tienes una lista con tres de las principales funciones de un banco en formato viñeta:

**Funciones Principales del Banco:**

- **Caja de Ahorros:** Ofrece servicios para la gestión y almacenamiento de dinero.
- **Crédito:** Proporciona financiamiento a los clientes para diversas necesidades.
- **Seguros:** Ofrece productos de seguros bancarios como seguros de vida o de salud.

Esta es una breve descripción de",100,91213,False,True,"es,es,es,es,es",1,99,1
87,monolingual,es,native,Dame una lista con las 3 principales funciones de un banco. En formato viñeta,L22H6_decode,"Aquí tienes una lista en formato viñeta con las tres principales funciones de un banco:

**Funciones Principales de un Banco:**

- **Caja de Ahorros:** Oferece servicios para guardar dinero, como depósitos y retiros.
- **Crédito:** Proporciona financiación a los clientes para compras, viajes, etc., mediante préstamos o créditos.
- **Transacciones Financieras:** Facilita operaciones",100,91213,False,True,"es,es,es,es",1,99,99
87,monolingual,es,native,Dame una lista con las 3 principales funciones de un banco. En formato viñeta,L22H6_all,"Aquí tienes una lista en formato viñeta con las tres principales funciones de un banco:

**Funciones Principales de un Banco:**

- **Caja de Ahorros:** Oferece servicios para guardar dinero, como depósitos y retiros.
- **Crédito:** Proporciona financiación a los clientes para compras, viajes, etc., mediante préstamos o créditos.
- **Transacciones Financieras:** Facilita operaciones",100,91213,False,True,"es,es,es,es",1,99,100
87,monolingual,es,native,Dame una lista con las 3 principales funciones de un banco. En formato viñeta,L22H8_control,"Aquí tienes una lista con tres de las principales funciones de un banco en formato viñeta:

**Funciones Principales del Banco:**

- **Caja de Ahorros:** Ofrece servicios financieros para la acumulación y conservación de dinero.
- **Crédito:** Proporciona financiamiento a los clientes para diversas necesidades como compras, inversiones o emprendimientos.
- **Seguros:** Ofrece productos de seguros para proteger contra",100,91213,False,True,"es,es,es,es",1,99,100
88,monolingual,es,dolly,¿Qué tipo de barco debería comprar?,clean,"Para determinar qué tipo de barco debería comprar, hay varios factores que debes considerar:

1. Propósito del viaje: ¿Es para deporte, trabajo, turismo o transporte?

2. Ubicación: ¿Estás en un lugar con ríos, océanos, lagos o estuaries?

3. Comodidad: ¿Necesitas una embarcación grande y cómoda para familias numerosas o una pequeña para sol",100,30205,False,True,"es,es,es,es",0,0,0
88,monolingual,es,dolly,¿Qué tipo de barco debería comprar?,L22H6_prefill,"Para determinar qué tipo de barco debería comprar, hay varios factores que debes considerar:

1. Propósito del viaje: ¿Es para deporte, trabajo, turismo o transporte?

2. Largo y anchura: Dependiendo del tamaño del barco, podrías necesitar un espacio más grande.

3. Velocidad: Si vas a navegar en alta mar, una velocidad más rápida puede ser útil.

4. Capacidad: Considera la capacidad de",100,30205,False,True,"es,es,es,es,es",1,99,1
88,monolingual,es,dolly,¿Qué tipo de barco debería comprar?,L22H6_decode,"Para determinar qué tipo de barco debería comprar, hay varios factores que se deben considerar:

1. Propósito del viaje: ¿Es para turismo, pesca, deportes acuáticos, transporte comercial, etc?

2. Número de pasajeros y tripulación: Esto afecta la capacidad de carga y el tamaño del barco.

3. Durabilidad: El costo de mantenimiento y reparaciones puede variar según el material usado en el bar",100,30205,False,True,"es,es,es,es",1,99,99
88,monolingual,es,dolly,¿Qué tipo de barco debería comprar?,L22H6_all,"Para determinar qué tipo de barco debería comprar, hay varios factores que se deben considerar:

1. Propósito del viaje: ¿Es para turismo, pesca, deportes acuáticos, transporte comercial, etc?

2. Número de pasajeros y tripulación: Esto afecta la capacidad de carga y el tamaño del barco.

3. Durabilidad: El costo de mantenimiento y reparaciones puede variar según el material usado en el bar",100,30205,False,True,"es,es,es,es",1,99,100
88,monolingual,es,dolly,¿Qué tipo de barco debería comprar?,L22H8_control,"Para determinar qué tipo de barco debería comprar, hay varios factores que debes considerar:

1. Propósito del viaje: ¿Es para deporte, trabajo, turismo o transporte?

2. Ubicación: ¿Estás en un lugar con ríos, océanos, lagos o estuaries?

3. Comodidad: ¿Necesitas una embarcación grande y cómoda para familias numerosas o solo para dos personas",100,30205,False,True,"es,es,es,es",1,99,100
89,monolingual,es,dolly,¿Cuáles son algunos buenos ejercicios de peso corporal para la parte superior del cuerpo?,clean,"Existen varios ejercicios que pueden ser efectivos para tonificar y desarrollar el cuerpo superior. Aquí te presento algunas opciones:

1. Ejercicio de levantamiento de pesas: Este es uno de los ejercicios más comunes y eficaces para trabajar las partes superiores del cuerpo.

2. Ejercicio de flexiones con barra o polea: Es una excelente manera de trabajar las piernas y el abdomen.

3. Ejercicio de sentad",100,25613,False,True,"es,es,es",0,0,0
89,monolingual,es,dolly,¿Cuáles son algunos buenos ejercicios de peso corporal para la parte superior del cuerpo?,L22H6_prefill,"Los ejercicios de peso corporal para la parte superior del cuerpo pueden variar dependiendo de las preferencias individuales y los objetivos de fitness. Sin embargo, aquí hay algunas sugerencias generales:

1. Ejercicio de resistencia: Este es un ejercicio muy efectivo para fortalecer músculos en el torso, como el pecho, espalda y hombros.

2. Ejercicio de flexibilidad: Aunque no se considera un ""ejercicio",100,29596,False,True,"es,es,es",1,99,1
89,monolingual,es,dolly,¿Cuáles son algunos buenos ejercicios de peso corporal para la parte superior del cuerpo?,L22H6_decode,"Existen varios ejercicios que pueden ser excelentes para tonificar y fortalecer el tronco y las piernas, lo cual es importante para una buena postura y equilibrar el cuerpo. Aquí te presento algunas opciones:

1. Ejercicio de polea: Este ejercicio puede ayudarte a tonificar tu espalda y glúteos.

2. Ejercicio de levantamiento de pesas con barra: Es un excelente ejercicio para trabajar",100,25613,False,True,"es,es,es",1,99,99
89,monolingual,es,dolly,¿Cuáles son algunos buenos ejercicios de peso corporal para la parte superior del cuerpo?,L22H6_all,"Los ejercicios de peso corporal para el cuerpo superior incluyen:

1. Ejercicio de levantamiento de pesas: Este es uno de los ejercicios más comunes y efectivos para tonificar y fortalecer las partes superiores del cuerpo.

2. Ejercicio de flexão de bíceps: Este ejercicio se realiza en una máquina o en un gimnasio con un peso que te permita mover tu brazo hacia arriba y luego hacia abajo.

",100,29596,False,True,"es,es,es",1,99,100
89,monolingual,es,dolly,¿Cuáles son algunos buenos ejercicios de peso corporal para la parte superior del cuerpo?,L22H8_control,"Existen varios ejercicios que pueden ser efectivos para tonificar y desarrollar el cuerpo superior. Aquí te presento algunas opciones:

1. Ejercicio de levantamiento de pesas: Este es uno de los ejercicios más comunes y eficaces para trabajar las partes superiores del cuerpo.

2. Ejercicio de flexiones con barra o polea: Es una excelente manera de trabajar las piernas y el abdomen.

3. Ejercicio de sentad",100,25613,False,True,"es,es,es",1,99,100
90,monolingual,es,okapi,Genera una historia de 500 palabras sobre un hombre que se encuentra en una ciudad desconocida.,clean,"En el corazón del atardecer, bajo la sombra de los árboles centenarios que habitan las calles de esta ciudad desconocida, un hombre llamado Marco descansa en su cama de hotel. Su rostro es una mezcla de preocupación y ansiedad, pero también muestra una ligera sonrisa al recordar sus días felices en su hogar.

Marco es un hombre de mediana edad, con cabello castaño oscuro y",100,1702,False,True,"es,es",0,0,0
90,monolingual,es,okapi,Genera una historia de 500 palabras sobre un hombre que se encuentra en una ciudad desconocida.,L22H6_prefill,"En el corazón del atardecer, bajo la sombra de los árboles centenarios que habitan las calles de esta ciudad desconocida, un hombre llamado Marco descansa en su cama de hotel. Su rostro es una mezcla de preocupación y ansiedad, pero también muestra una ligera sonrisa al recordar sus días felices en su hogar.

Marco es un hombre de mediana edad, con cabello castaño oscuro y",100,1702,False,True,"es,es",1,99,1
90,monolingual,es,okapi,Genera una historia de 500 palabras sobre un hombre que se encuentra en una ciudad desconocida.,L22H6_decode,"En el corazón del océano, flotaba una pequeña isla desierta, rodeada por las aguas cristalinas y la brisa suave del viento marino. Aquí vivía un hombre solitario, llamado Marcus, que había abandonado la vida urbana para encontrar paz y tranquilidad en este lugar paradisíaco.

Marcus era un hombre de mediana edad, con ojos verdes que reflejaban la profundidad de",100,1702,False,True,"es,es",1,99,99
90,monolingual,es,okapi,Genera una historia de 500 palabras sobre un hombre que se encuentra en una ciudad desconocida.,L22H6_all,"En el corazón del océano, flotaba una pequeña isla desierta, rodeada por las aguas cristalinas y la brisa suave del viento marino. Aquí vivía un hombre solitario, llamado Marcus, que había abandonado la vida urbana para encontrar paz y tranquilidad en este lugar paradisíaco.

Marcus era un hombre de mediana edad, con ojos verdes que reflejaban la profundidad de",100,1702,False,True,"es,es",1,99,100
90,monolingual,es,okapi,Genera una historia de 500 palabras sobre un hombre que se encuentra en una ciudad desconocida.,L22H8_control,"En el corazón del atardecer, bajo la sombra de los árboles centenarios que habitan las calles de esta ciudad desconocida, un hombre llamado Marco descansa en su cama de madera, rodeado por la oscuridad y la quietud. Su mente vagaba hacia tiempos pasados, cuando el mundo era más simple y sus sueños eran más claros.

Marco es un explorador de profesión, siempre buscando nuevos",100,1702,False,True,"es,es",1,99,100
91,monolingual,es,native,"Coral, quiero desarrollar una campaña de promoción de la salud sobre neurodiversidad e inclusión.  ¿Podrías ayudarme a esbozar este proyecto?",clean,"¡Por supuesto! Aquí tienes un esquema general para tu proyecto de promoción de la salud sobre neurodiversidad y inclusión:

1. **Identificación del público objetivo**: Determina quién será el target de tu campaña. Esto podría incluir personas con discapacidades sensoriales o cognitivas, padres y cuidadores, profesionales de la salud, etc.

2. **Definición de objetivos específicos**: Estos pueden ser:
",100,39832,False,True,"es,es,es",0,0,0
91,monolingual,es,native,"Coral, quiero desarrollar una campaña de promoción de la salud sobre neurodiversidad e inclusión.  ¿Podrías ayudarme a esbozar este proyecto?",L22H6_prefill,"¡Por supuesto! Aquí tienes un esquema general para tu proyecto de promoción de la salud sobre neurodiversidad y inclusión:

1. **Identificación del público objetivo**: Determina quién será el target de tu campaña. Esto podría incluir personas con discapacidades sensoriales o cognitivas, padres y cuidadores, profesionales de la salud, etc.

2. **Definición de objetivos específicos**: Estos pueden ser:
",100,39832,False,True,"es,es,es",1,99,1
91,monolingual,es,native,"Coral, quiero desarrollar una campaña de promoción de la salud sobre neurodiversidad e inclusión.  ¿Podrías ayudarme a esbozar este proyecto?",L22H6_decode,"¡Claro! Aquí tienes un esquema para tu campaña de promoción de la salud sobre neurodiversidad e inclusión:

1. **Objetivos del proyecto:**
   - Informar y educar sobre la neurodiversidad.
   - Promover la inclusión en el ámbito laboral y social.
   - Fomentar la conciência sobre los beneficios de ser neurodiverso.

2. **Audience objetivo:**
   - Público",100,39832,False,False,"es,es,es,pt",1,99,99
91,monolingual,es,native,"Coral, quiero desarrollar una campaña de promoción de la salud sobre neurodiversidad e inclusión.  ¿Podrías ayudarme a esbozar este proyecto?",L22H6_all,"¡Claro! Aquí tienes un esquema para tu campaña de promoción de la salud sobre neurodiversidad e inclusión:

1. **Objetivos del proyecto:**
   - Informar y educar sobre la neurodiversidad.
   - Promover la inclusión en el ámbito laboral y social.
   - Fomentar la conciência sobre los beneficios de ser neurodiverso.

2. **Audience objetivo:**
   - Público",100,39832,False,False,"es,es,es,pt",1,99,100
91,monolingual,es,native,"Coral, quiero desarrollar una campaña de promoción de la salud sobre neurodiversidad e inclusión.  ¿Podrías ayudarme a esbozar este proyecto?",L22H8_control,"¡Por supuesto! Aquí tienes un esquema general para tu proyecto de promoción de la salud sobre neurodiversidad y inclusión:

1. **Identificación del público objetivo**: Determina quién será el target de tu campaña. Esto podría incluir personas con discapacidades sensoriales o cognitivas, padres y familias, profesionales de la salud, educadores, etc.

2. **Definición de objetivos específicos**: Estos",100,39832,False,True,"es,es,es",1,99,100
92,monolingual,es,native,Describe detalladamente los elementos esenciales que se deben empacar para una experiencia de camping por primera vez. Formatea la descripción utilizando viñetas,clean,"1. **Cama o colchón**: Es fundamental tener algo donde descansar después del día largo y agotador de caminar en busca de un lugar tranquilo.

2. **Bolsas de dormir**: Para proteger tu cama contra el polvo y las moscas, especialmente si estás en áreas con alta presión de insectos.

3. **Fogata o fuego**: Un fuego puede ser útil para cocinar alimentos rápidamente,",100,16,False,True,"es,es,es",0,0,0
92,monolingual,es,native,Describe detalladamente los elementos esenciales que se deben empacar para una experiencia de camping por primera vez. Formatea la descripción utilizando viñetas,L22H6_prefill,"1. **Cama o colchón**: Es fundamental tener algo donde descansar después del día largo y agotador de caminar en busca de un lugar tranquilo.

2. **Bolsas de dormir**: Para proteger tu cama contra el polvo y las moscas, especialmente si estás en áreas con alta presión de insectos.

3. **Fogata o fuego**: Un fuego puede ser útil para cocinar alimentos rápidamente,",100,16,False,True,"es,es,es",1,99,1
92,monolingual,es,native,Describe detalladamente los elementos esenciales que se deben empacar para una experiencia de camping por primera vez. Formatea la descripción utilizando viñetas,L22H6_decode,"1. **Cama y Silla**: Es fundamental tener un lugar cómodo donde descansar durante las noches en el campamento. Una cama confortable e incluso un colchón serían excelentes opciones.

2. **Alimentos**: Para mantenerse forrados durante todo el día, es crucial llevar suficientes alimentos. Considera preparar comidas rápidas o fácebles que puedan cocinarse con facilidad.

3. **Beb",100,16,False,True,"es,es",1,99,99
92,monolingual,es,native,Describe detalladamente los elementos esenciales que se deben empacar para una experiencia de camping por primera vez. Formatea la descripción utilizando viñetas,L22H6_all,"1. **Equipaje básico**: 
   - Camisa y ropa cómoda.
   - Pantalones largos o trajes de baño.
   - Sandalias o botas de agua.
   - Chapas de protección solar (opcional).
   - Chaleco reflectante.

2. **Accesorios personales**:
   - Cabeza de almohada y toalla.
   - Bicicleta de montaña (si viajas con vehículo propio",100,16,False,True,"es,es,es,es,es",1,99,100
92,monolingual,es,native,Describe detalladamente los elementos esenciales que se deben empacar para una experiencia de camping por primera vez. Formatea la descripción utilizando viñetas,L22H8_control,"1. **Cama o colchón**: Es fundamental tener algo donde descansar después del día largo y agotador de caminar en busca de un lugar tranquilo.

2. **Bolsas de dormir**: Para proteger tu cama contra el polvo y las moscas, especialmente si estás en áreas con alta presión de insectos.

3. **Fogata o fuego**: Un fuego puede ser útil para cocinar alimentos rápidamente,",100,16,False,True,"es,es,es",1,99,100
93,monolingual,es,native,"Redacta un informe sobre las criptomonedas, su creación y finalidad. No mas de 5 parrafos.",clean,"El informe sobre las criptomonedas es el siguiente:

Las criptomonedas son monedas digitales que se utilizan para realizar transacciones en línea sin necesidad de intermediarios financieros tradicionales. Su creación se basa en la tecnología blockchain, que permite una transparencia total de todas las transacciones realizadas.

La principal finalidad de las criptomonedas es facilitar transacciones económicas seguras y rápidas entre personas físicas o",100,6582,False,True,"es,es,es",0,0,0
93,monolingual,es,native,"Redacta un informe sobre las criptomonedas, su creación y finalidad. No mas de 5 parrafos.",L22H6_prefill,"El informe sobre las criptomonedas es el siguiente:

Las criptomonedas son monedas digitales que se utilizan para realizar transacciones en línea sin necesidad de intermediarios financieros tradicionales. Su creación se basa en la tecnología blockchain, que permite una transparencia total de todas las transacciones realizadas.

La principal finalidad de las criptomonedas es facilitar transacciones económicas seguras y rápidas entre personas físicas o",100,6582,False,True,"es,es,es",1,99,1
93,monolingual,es,native,"Redacta un informe sobre las criptomonedas, su creación y finalidad. No mas de 5 parrafos.",L22H6_decode,"El informe sobre las criptomonedas es el siguiente:

Las criptomonedas son monedas digitales que se utilizan para realizar transacciones en línea de manera segura y rápida. El concepto de criptomoneda fue creado por Satoshi Nakamoto, quien desarrolló la primera criptomoneda, Bitcoin, en 2009.

La principal característica de las criptomonedas es su seguridad, ya que no existe una centralización de poder como oc",100,6582,False,True,"es,es,es",1,99,99
93,monolingual,es,native,"Redacta un informe sobre las criptomonedas, su creación y finalidad. No mas de 5 parrafos.",L22H6_all,"El informe sobre las criptomonedas es el siguiente:

Las criptomonedas son monedas digitales que se utilizan para realizar transacciones en línea de manera segura y rápida. El concepto de criptomoneda fue creado por Satoshi Nakamoto, quien desarrolló la primera criptomoneda, Bitcoin, en 2009.

La principal característica de las criptomonedas es su seguridad, ya que no existe una centralización de poder como oc",100,6582,False,True,"es,es,es",1,99,100
93,monolingual,es,native,"Redacta un informe sobre las criptomonedas, su creación y finalidad. No mas de 5 parrafos.",L22H8_control,"El informe sobre las criptomonedas es el siguiente:

Las criptomonedas son monedas digitales que se utilizan para realizar transacciones en línea sin necesidad de intermediarios financieros tradicionales. Su creación se basa en la tecnología blockchain, que permite una transparencia total y seguridad en todas las operaciones realizadas.

La principal finalidad de las criptomonedas es facilitar transacciones económicas seguras y rápidas entre personas fís",100,6582,False,True,"es,es,es",1,99,100
94,monolingual,es,native,"Coral, necesito preparar una presentación sobre los países invitados al Congreso Anfictiónico de Panamá. Por favor, resume el siguiente texto en 300 palabras: ""Tras la convocatoria hecha por Bolívar se enviaron comunicaciones a los gobiernos del resto de la Suramérica independiente, así como a México y América Central. La influencia política de Bolívar sobre la Gran Colombia, Perú y Bolivia hizo que la asistencia de dichos estados estuviera poco menos que asegurada. La posición intermedia del istmo de Panamá motivó que se elija ese lugar para la reunión, lo que fue reflejado poéticamente por Bolívar, de acuerdo a las modas de la época, en una comparación con la Liga anfictiónica que gobernó desde el istmo de Corinto algunos pueblos de la Grecia Central por algo más de un siglo durante la decadencia griega.

El gobierno de las Provincias Unidas del Río de la Plata recibió la invitación de Bolívar pero los intereses argentinos del momento estaban centrados en el ámbito interno, en la organización política del país, amenazada por los caudillos federales. En el ámbito externo las preocupaciones argentinas estaban en la Guerra del Brasil, para mantener a la Banda Oriental como una provincia de Argentina, y fortalecer los vínculos comerciales con Gran Bretaña antes que con el resto de Suramérica, por lo cual hubo escaso interés en el congreso.

El presidente Bernardino Rivadavia se hallaba en pugna con el Imperio del Brasil y prefería contar con el apoyo bélico de todas las provincias argentinas para superar la crisis en vez de esperar apoyo de Bolívar; asimismo, la mayoría de los políticos argentinos -incluyendo al propio Rivadavia-, desconfiaban del proyecto bolivariano y temían que esto significara el inicio de una ""hegemonía"" de la Gran Colombia en América del Sur.

El gobierno boliviano estaba presidido por el mariscal Antonio José de Sucre, compañero de armas de Bolívar y uno de los principales partidarios de este, por lo cual se daba por asegurada la asistencia de una delegación del país. No obstante, pugnas políticas causaron demoras en la designación de los delegados bolivianos, y cuando estos quedaron listos para embarcarse hacia Panamá, se supo que el congreso había concluido en dicha ciudad. Además, el clima político boliviano se había tornado desfavorable a Sucre -y por ende, contrario a los planes de Bolívar- lo que impidió que se pudiera contar con la participación boliviana.

El Imperio de Brasil fue convocado pese a ser un estado monárquico y abiertamente esclavista, regido además por los descendientes de Casa de Braganza, dinastía europea de la que recelaban abiertamente las cancillerías del resto de Suramérica. En el caso brasileño, Simón Bolívar remitió la invitación a la corte imperial de Río de Janeiro solo para halagar a Gran Bretaña -que era la principal aliada de Brasil y preocupada por el aislamiento de este- pero resultaba evidente que la desconfianza de las repúblicas hispanoamericanas y del propio Bolívar hacia Brasil influiría en las decisiones del congreso.

Brasil precisaba mantener la neutralidad entre las monarquías europeas y sus vecinos republicanos hispanoamericanos, y en octubre de 1825 aceptó la invitación de Bolívar, pero la Guerra del Brasil contra las Provincias Unidas del Río de la Plata hizo temer al emperador Pedro I una recepción demasiado hostil en Panamá, lo cual era contrario a sus intereses. Por ello decidió no enviar a los delegados brasileños a pesar de que ya los había designado.

Chile fue invitado pero declinó asistir. El gobierno chileno dirigido por Ramón Freire no mostraba simpatías por Simón Bolívar ni por su enorme influencia política sobre los países sudamericanos con costas en el océano Pacífico. Además, la fuerte pugna política chilena entre liberales y conservadores reducía la preocupación de los políticos chilenos por el proyecto bolivariano, del cual además desconfiaban, prefiriendo basar su política externa en mantener buenas relaciones con sus principales socios comerciales: Gran Bretaña y los Estados Unidos.

Inicialmente el proyecto de Bolívar no consideró invitar a Estados Unidos pero el vicepresidente de la Gran Colombia encargado del poder ejecutivo, el general Francisco de Paula Santander, remitió una invitación formal al presidente estadounidense John Quincy Adams a inicios de 1825. Asimismo los gobiernos de las Provincias Unidas de Centroamérica y de México apoyaron la participación de Estados Unidos en el congreso y enviaron a Washington D. C. las invitaciones respectivas. Bolívar, entonces presidente de Perú y residente en Lima, aceptó el hecho consumado.

En los Estados Unidos la participación en el Congreso de Panamá no fue recibida con aceptación unánime, de hecho los estados del sur —eminentemente esclavistas— aconsejaron no enviar representantes en tanto que la postura de Bolívar contra la esclavitud era bien conocida, y bloquearon el financiamiento del viaje de diplomáticos estadounidenses; mientras tanto, los estados del norte —abolicionistas— sí estaban interesados en el Congreso de Panamá pero solo como medio de entablar contactos comerciales.

Paraguay, aunque ya era un estado independiente desde 1811, estaba gobernado por Gaspar Rodríguez de Francia, partidario de una política de completo aislacionismo. Tras la Batalla de Ayacucho y la declaración de la independencia de Bolivia en 1825, el propio Simón Bolívar trató de lograr contactos políticos con Paraguay enviando a Asunción representantes para solicitar el inicio de relaciones diplomáticas. Pese a esto, los enviados de Bolívar no tuvieron comunicación alguna con los funcionarios paraguayos y solo recibieron una carta de Rodríguez de Francia para Bolívar, en la que el dictador paraguayo rechazaba todo vínculo diplomático de su país y defendía el aislacionismo. Ante este rechazo, Paraguay no fue invitado al Congreso de Panamá.

Simón Bolívar acordó también invitar a dos países europeos como observadores, a causa de los intereses comerciales que tenían en Hispanoamérica: Reino Unido y los Países Bajos. La invitación al gobierno de Londres buscaba estimular la asistencia de Argentina y Chile que tenían en aquel país a su principal socio comercial. Reino Unido aceptó la propuesta y envió un observador, Edward James Dawkins, pero con órdenes precisas del ministro George Canning: limitarse a buscar acuerdos comerciales y disuadir a la Gran Colombia y México de apoyar expediciones a las islas de Cuba o Puerto Rico para independizarlas de España.

El observador por los Países Bajos, Jan van Veer, fue enviado para proponer la mediación neerlandesa entre las repúblicas hispanoamericanas y España, pero no tuvo la acreditación necesaria; a esto se unió que la monarquía holandesa no había reconocido la independencia de ninguna república hispanoamericana, por lo cual el delegado neerlandés fue recibido únicamente a título individual.""",clean,"### Resumen de la Presentación

La presentación sobre los países invitados al Congreso Anfictiónico de Panamá se centra en la selección estratégica de Panamá como sede del evento, la influencia de Simón Bolívar y otros líderes latinoamericanos, y las razones detrás de la ausencia de varios países clave.

#### 1. **Convocatoria y Selección de Panamá**
   - Bolívar inici",100,14374,False,True,"es,es",0,0,0
94,monolingual,es,native,"Coral, necesito preparar una presentación sobre los países invitados al Congreso Anfictiónico de Panamá. Por favor, resume el siguiente texto en 300 palabras: ""Tras la convocatoria hecha por Bolívar se enviaron comunicaciones a los gobiernos del resto de la Suramérica independiente, así como a México y América Central. La influencia política de Bolívar sobre la Gran Colombia, Perú y Bolivia hizo que la asistencia de dichos estados estuviera poco menos que asegurada. La posición intermedia del istmo de Panamá motivó que se elija ese lugar para la reunión, lo que fue reflejado poéticamente por Bolívar, de acuerdo a las modas de la época, en una comparación con la Liga anfictiónica que gobernó desde el istmo de Corinto algunos pueblos de la Grecia Central por algo más de un siglo durante la decadencia griega.

El gobierno de las Provincias Unidas del Río de la Plata recibió la invitación de Bolívar pero los intereses argentinos del momento estaban centrados en el ámbito interno, en la organización política del país, amenazada por los caudillos federales. En el ámbito externo las preocupaciones argentinas estaban en la Guerra del Brasil, para mantener a la Banda Oriental como una provincia de Argentina, y fortalecer los vínculos comerciales con Gran Bretaña antes que con el resto de Suramérica, por lo cual hubo escaso interés en el congreso.

El presidente Bernardino Rivadavia se hallaba en pugna con el Imperio del Brasil y prefería contar con el apoyo bélico de todas las provincias argentinas para superar la crisis en vez de esperar apoyo de Bolívar; asimismo, la mayoría de los políticos argentinos -incluyendo al propio Rivadavia-, desconfiaban del proyecto bolivariano y temían que esto significara el inicio de una ""hegemonía"" de la Gran Colombia en América del Sur.

El gobierno boliviano estaba presidido por el mariscal Antonio José de Sucre, compañero de armas de Bolívar y uno de los principales partidarios de este, por lo cual se daba por asegurada la asistencia de una delegación del país. No obstante, pugnas políticas causaron demoras en la designación de los delegados bolivianos, y cuando estos quedaron listos para embarcarse hacia Panamá, se supo que el congreso había concluido en dicha ciudad. Además, el clima político boliviano se había tornado desfavorable a Sucre -y por ende, contrario a los planes de Bolívar- lo que impidió que se pudiera contar con la participación boliviana.

El Imperio de Brasil fue convocado pese a ser un estado monárquico y abiertamente esclavista, regido además por los descendientes de Casa de Braganza, dinastía europea de la que recelaban abiertamente las cancillerías del resto de Suramérica. En el caso brasileño, Simón Bolívar remitió la invitación a la corte imperial de Río de Janeiro solo para halagar a Gran Bretaña -que era la principal aliada de Brasil y preocupada por el aislamiento de este- pero resultaba evidente que la desconfianza de las repúblicas hispanoamericanas y del propio Bolívar hacia Brasil influiría en las decisiones del congreso.

Brasil precisaba mantener la neutralidad entre las monarquías europeas y sus vecinos republicanos hispanoamericanos, y en octubre de 1825 aceptó la invitación de Bolívar, pero la Guerra del Brasil contra las Provincias Unidas del Río de la Plata hizo temer al emperador Pedro I una recepción demasiado hostil en Panamá, lo cual era contrario a sus intereses. Por ello decidió no enviar a los delegados brasileños a pesar de que ya los había designado.

Chile fue invitado pero declinó asistir. El gobierno chileno dirigido por Ramón Freire no mostraba simpatías por Simón Bolívar ni por su enorme influencia política sobre los países sudamericanos con costas en el océano Pacífico. Además, la fuerte pugna política chilena entre liberales y conservadores reducía la preocupación de los políticos chilenos por el proyecto bolivariano, del cual además desconfiaban, prefiriendo basar su política externa en mantener buenas relaciones con sus principales socios comerciales: Gran Bretaña y los Estados Unidos.

Inicialmente el proyecto de Bolívar no consideró invitar a Estados Unidos pero el vicepresidente de la Gran Colombia encargado del poder ejecutivo, el general Francisco de Paula Santander, remitió una invitación formal al presidente estadounidense John Quincy Adams a inicios de 1825. Asimismo los gobiernos de las Provincias Unidas de Centroamérica y de México apoyaron la participación de Estados Unidos en el congreso y enviaron a Washington D. C. las invitaciones respectivas. Bolívar, entonces presidente de Perú y residente en Lima, aceptó el hecho consumado.

En los Estados Unidos la participación en el Congreso de Panamá no fue recibida con aceptación unánime, de hecho los estados del sur —eminentemente esclavistas— aconsejaron no enviar representantes en tanto que la postura de Bolívar contra la esclavitud era bien conocida, y bloquearon el financiamiento del viaje de diplomáticos estadounidenses; mientras tanto, los estados del norte —abolicionistas— sí estaban interesados en el Congreso de Panamá pero solo como medio de entablar contactos comerciales.

Paraguay, aunque ya era un estado independiente desde 1811, estaba gobernado por Gaspar Rodríguez de Francia, partidario de una política de completo aislacionismo. Tras la Batalla de Ayacucho y la declaración de la independencia de Bolivia en 1825, el propio Simón Bolívar trató de lograr contactos políticos con Paraguay enviando a Asunción representantes para solicitar el inicio de relaciones diplomáticas. Pese a esto, los enviados de Bolívar no tuvieron comunicación alguna con los funcionarios paraguayos y solo recibieron una carta de Rodríguez de Francia para Bolívar, en la que el dictador paraguayo rechazaba todo vínculo diplomático de su país y defendía el aislacionismo. Ante este rechazo, Paraguay no fue invitado al Congreso de Panamá.

Simón Bolívar acordó también invitar a dos países europeos como observadores, a causa de los intereses comerciales que tenían en Hispanoamérica: Reino Unido y los Países Bajos. La invitación al gobierno de Londres buscaba estimular la asistencia de Argentina y Chile que tenían en aquel país a su principal socio comercial. Reino Unido aceptó la propuesta y envió un observador, Edward James Dawkins, pero con órdenes precisas del ministro George Canning: limitarse a buscar acuerdos comerciales y disuadir a la Gran Colombia y México de apoyar expediciones a las islas de Cuba o Puerto Rico para independizarlas de España.

El observador por los Países Bajos, Jan van Veer, fue enviado para proponer la mediación neerlandesa entre las repúblicas hispanoamericanas y España, pero no tuvo la acreditación necesaria; a esto se unió que la monarquía holandesa no había reconocido la independencia de ninguna república hispanoamericana, por lo cual el delegado neerlandés fue recibido únicamente a título individual.""",L22H6_prefill,"### Resumen de la Presentación

La presentación sobre los países invitados al Congreso Anfictiónico de Panamá se centra en la selección estratégica de Panamá como sede del evento, la influencia de Simón Bolívar y otros líderes latinoamericanos, y las razones detrás de la ausencia de varios países clave.

#### 1. **Convocatoria y Selección de Panamá**
   - **Bolí",100,14374,False,True,"es,es",1,99,1
94,monolingual,es,native,"Coral, necesito preparar una presentación sobre los países invitados al Congreso Anfictiónico de Panamá. Por favor, resume el siguiente texto en 300 palabras: ""Tras la convocatoria hecha por Bolívar se enviaron comunicaciones a los gobiernos del resto de la Suramérica independiente, así como a México y América Central. La influencia política de Bolívar sobre la Gran Colombia, Perú y Bolivia hizo que la asistencia de dichos estados estuviera poco menos que asegurada. La posición intermedia del istmo de Panamá motivó que se elija ese lugar para la reunión, lo que fue reflejado poéticamente por Bolívar, de acuerdo a las modas de la época, en una comparación con la Liga anfictiónica que gobernó desde el istmo de Corinto algunos pueblos de la Grecia Central por algo más de un siglo durante la decadencia griega.

El gobierno de las Provincias Unidas del Río de la Plata recibió la invitación de Bolívar pero los intereses argentinos del momento estaban centrados en el ámbito interno, en la organización política del país, amenazada por los caudillos federales. En el ámbito externo las preocupaciones argentinas estaban en la Guerra del Brasil, para mantener a la Banda Oriental como una provincia de Argentina, y fortalecer los vínculos comerciales con Gran Bretaña antes que con el resto de Suramérica, por lo cual hubo escaso interés en el congreso.

El presidente Bernardino Rivadavia se hallaba en pugna con el Imperio del Brasil y prefería contar con el apoyo bélico de todas las provincias argentinas para superar la crisis en vez de esperar apoyo de Bolívar; asimismo, la mayoría de los políticos argentinos -incluyendo al propio Rivadavia-, desconfiaban del proyecto bolivariano y temían que esto significara el inicio de una ""hegemonía"" de la Gran Colombia en América del Sur.

El gobierno boliviano estaba presidido por el mariscal Antonio José de Sucre, compañero de armas de Bolívar y uno de los principales partidarios de este, por lo cual se daba por asegurada la asistencia de una delegación del país. No obstante, pugnas políticas causaron demoras en la designación de los delegados bolivianos, y cuando estos quedaron listos para embarcarse hacia Panamá, se supo que el congreso había concluido en dicha ciudad. Además, el clima político boliviano se había tornado desfavorable a Sucre -y por ende, contrario a los planes de Bolívar- lo que impidió que se pudiera contar con la participación boliviana.

El Imperio de Brasil fue convocado pese a ser un estado monárquico y abiertamente esclavista, regido además por los descendientes de Casa de Braganza, dinastía europea de la que recelaban abiertamente las cancillerías del resto de Suramérica. En el caso brasileño, Simón Bolívar remitió la invitación a la corte imperial de Río de Janeiro solo para halagar a Gran Bretaña -que era la principal aliada de Brasil y preocupada por el aislamiento de este- pero resultaba evidente que la desconfianza de las repúblicas hispanoamericanas y del propio Bolívar hacia Brasil influiría en las decisiones del congreso.

Brasil precisaba mantener la neutralidad entre las monarquías europeas y sus vecinos republicanos hispanoamericanos, y en octubre de 1825 aceptó la invitación de Bolívar, pero la Guerra del Brasil contra las Provincias Unidas del Río de la Plata hizo temer al emperador Pedro I una recepción demasiado hostil en Panamá, lo cual era contrario a sus intereses. Por ello decidió no enviar a los delegados brasileños a pesar de que ya los había designado.

Chile fue invitado pero declinó asistir. El gobierno chileno dirigido por Ramón Freire no mostraba simpatías por Simón Bolívar ni por su enorme influencia política sobre los países sudamericanos con costas en el océano Pacífico. Además, la fuerte pugna política chilena entre liberales y conservadores reducía la preocupación de los políticos chilenos por el proyecto bolivariano, del cual además desconfiaban, prefiriendo basar su política externa en mantener buenas relaciones con sus principales socios comerciales: Gran Bretaña y los Estados Unidos.

Inicialmente el proyecto de Bolívar no consideró invitar a Estados Unidos pero el vicepresidente de la Gran Colombia encargado del poder ejecutivo, el general Francisco de Paula Santander, remitió una invitación formal al presidente estadounidense John Quincy Adams a inicios de 1825. Asimismo los gobiernos de las Provincias Unidas de Centroamérica y de México apoyaron la participación de Estados Unidos en el congreso y enviaron a Washington D. C. las invitaciones respectivas. Bolívar, entonces presidente de Perú y residente en Lima, aceptó el hecho consumado.

En los Estados Unidos la participación en el Congreso de Panamá no fue recibida con aceptación unánime, de hecho los estados del sur —eminentemente esclavistas— aconsejaron no enviar representantes en tanto que la postura de Bolívar contra la esclavitud era bien conocida, y bloquearon el financiamiento del viaje de diplomáticos estadounidenses; mientras tanto, los estados del norte —abolicionistas— sí estaban interesados en el Congreso de Panamá pero solo como medio de entablar contactos comerciales.

Paraguay, aunque ya era un estado independiente desde 1811, estaba gobernado por Gaspar Rodríguez de Francia, partidario de una política de completo aislacionismo. Tras la Batalla de Ayacucho y la declaración de la independencia de Bolivia en 1825, el propio Simón Bolívar trató de lograr contactos políticos con Paraguay enviando a Asunción representantes para solicitar el inicio de relaciones diplomáticas. Pese a esto, los enviados de Bolívar no tuvieron comunicación alguna con los funcionarios paraguayos y solo recibieron una carta de Rodríguez de Francia para Bolívar, en la que el dictador paraguayo rechazaba todo vínculo diplomático de su país y defendía el aislacionismo. Ante este rechazo, Paraguay no fue invitado al Congreso de Panamá.

Simón Bolívar acordó también invitar a dos países europeos como observadores, a causa de los intereses comerciales que tenían en Hispanoamérica: Reino Unido y los Países Bajos. La invitación al gobierno de Londres buscaba estimular la asistencia de Argentina y Chile que tenían en aquel país a su principal socio comercial. Reino Unido aceptó la propuesta y envió un observador, Edward James Dawkins, pero con órdenes precisas del ministro George Canning: limitarse a buscar acuerdos comerciales y disuadir a la Gran Colombia y México de apoyar expediciones a las islas de Cuba o Puerto Rico para independizarlas de España.

El observador por los Países Bajos, Jan van Veer, fue enviado para proponer la mediación neerlandesa entre las repúblicas hispanoamericanas y España, pero no tuvo la acreditación necesaria; a esto se unió que la monarquía holandesa no había reconocido la independencia de ninguna república hispanoamericana, por lo cual el delegado neerlandés fue recibido únicamente a título individual.""",L22H6_decode,"### Resumen de la Presentación

**Introducción:**
La presentación se centra en la preparação de una presentación sobre los países invitados al Congreso Anfictiónico de Panamá, organizado por Simón Bolívar. Este evento se celebró en Panamá debido a la influencia política de Bolívar en la región.

**Población Invitada:**
Los países invitados incluyen:
- **Gran Colombia**: Los",100,14374,False,True,es,1,99,99
94,monolingual,es,native,"Coral, necesito preparar una presentación sobre los países invitados al Congreso Anfictiónico de Panamá. Por favor, resume el siguiente texto en 300 palabras: ""Tras la convocatoria hecha por Bolívar se enviaron comunicaciones a los gobiernos del resto de la Suramérica independiente, así como a México y América Central. La influencia política de Bolívar sobre la Gran Colombia, Perú y Bolivia hizo que la asistencia de dichos estados estuviera poco menos que asegurada. La posición intermedia del istmo de Panamá motivó que se elija ese lugar para la reunión, lo que fue reflejado poéticamente por Bolívar, de acuerdo a las modas de la época, en una comparación con la Liga anfictiónica que gobernó desde el istmo de Corinto algunos pueblos de la Grecia Central por algo más de un siglo durante la decadencia griega.

El gobierno de las Provincias Unidas del Río de la Plata recibió la invitación de Bolívar pero los intereses argentinos del momento estaban centrados en el ámbito interno, en la organización política del país, amenazada por los caudillos federales. En el ámbito externo las preocupaciones argentinas estaban en la Guerra del Brasil, para mantener a la Banda Oriental como una provincia de Argentina, y fortalecer los vínculos comerciales con Gran Bretaña antes que con el resto de Suramérica, por lo cual hubo escaso interés en el congreso.

El presidente Bernardino Rivadavia se hallaba en pugna con el Imperio del Brasil y prefería contar con el apoyo bélico de todas las provincias argentinas para superar la crisis en vez de esperar apoyo de Bolívar; asimismo, la mayoría de los políticos argentinos -incluyendo al propio Rivadavia-, desconfiaban del proyecto bolivariano y temían que esto significara el inicio de una ""hegemonía"" de la Gran Colombia en América del Sur.

El gobierno boliviano estaba presidido por el mariscal Antonio José de Sucre, compañero de armas de Bolívar y uno de los principales partidarios de este, por lo cual se daba por asegurada la asistencia de una delegación del país. No obstante, pugnas políticas causaron demoras en la designación de los delegados bolivianos, y cuando estos quedaron listos para embarcarse hacia Panamá, se supo que el congreso había concluido en dicha ciudad. Además, el clima político boliviano se había tornado desfavorable a Sucre -y por ende, contrario a los planes de Bolívar- lo que impidió que se pudiera contar con la participación boliviana.

El Imperio de Brasil fue convocado pese a ser un estado monárquico y abiertamente esclavista, regido además por los descendientes de Casa de Braganza, dinastía europea de la que recelaban abiertamente las cancillerías del resto de Suramérica. En el caso brasileño, Simón Bolívar remitió la invitación a la corte imperial de Río de Janeiro solo para halagar a Gran Bretaña -que era la principal aliada de Brasil y preocupada por el aislamiento de este- pero resultaba evidente que la desconfianza de las repúblicas hispanoamericanas y del propio Bolívar hacia Brasil influiría en las decisiones del congreso.

Brasil precisaba mantener la neutralidad entre las monarquías europeas y sus vecinos republicanos hispanoamericanos, y en octubre de 1825 aceptó la invitación de Bolívar, pero la Guerra del Brasil contra las Provincias Unidas del Río de la Plata hizo temer al emperador Pedro I una recepción demasiado hostil en Panamá, lo cual era contrario a sus intereses. Por ello decidió no enviar a los delegados brasileños a pesar de que ya los había designado.

Chile fue invitado pero declinó asistir. El gobierno chileno dirigido por Ramón Freire no mostraba simpatías por Simón Bolívar ni por su enorme influencia política sobre los países sudamericanos con costas en el océano Pacífico. Además, la fuerte pugna política chilena entre liberales y conservadores reducía la preocupación de los políticos chilenos por el proyecto bolivariano, del cual además desconfiaban, prefiriendo basar su política externa en mantener buenas relaciones con sus principales socios comerciales: Gran Bretaña y los Estados Unidos.

Inicialmente el proyecto de Bolívar no consideró invitar a Estados Unidos pero el vicepresidente de la Gran Colombia encargado del poder ejecutivo, el general Francisco de Paula Santander, remitió una invitación formal al presidente estadounidense John Quincy Adams a inicios de 1825. Asimismo los gobiernos de las Provincias Unidas de Centroamérica y de México apoyaron la participación de Estados Unidos en el congreso y enviaron a Washington D. C. las invitaciones respectivas. Bolívar, entonces presidente de Perú y residente en Lima, aceptó el hecho consumado.

En los Estados Unidos la participación en el Congreso de Panamá no fue recibida con aceptación unánime, de hecho los estados del sur —eminentemente esclavistas— aconsejaron no enviar representantes en tanto que la postura de Bolívar contra la esclavitud era bien conocida, y bloquearon el financiamiento del viaje de diplomáticos estadounidenses; mientras tanto, los estados del norte —abolicionistas— sí estaban interesados en el Congreso de Panamá pero solo como medio de entablar contactos comerciales.

Paraguay, aunque ya era un estado independiente desde 1811, estaba gobernado por Gaspar Rodríguez de Francia, partidario de una política de completo aislacionismo. Tras la Batalla de Ayacucho y la declaración de la independencia de Bolivia en 1825, el propio Simón Bolívar trató de lograr contactos políticos con Paraguay enviando a Asunción representantes para solicitar el inicio de relaciones diplomáticas. Pese a esto, los enviados de Bolívar no tuvieron comunicación alguna con los funcionarios paraguayos y solo recibieron una carta de Rodríguez de Francia para Bolívar, en la que el dictador paraguayo rechazaba todo vínculo diplomático de su país y defendía el aislacionismo. Ante este rechazo, Paraguay no fue invitado al Congreso de Panamá.

Simón Bolívar acordó también invitar a dos países europeos como observadores, a causa de los intereses comerciales que tenían en Hispanoamérica: Reino Unido y los Países Bajos. La invitación al gobierno de Londres buscaba estimular la asistencia de Argentina y Chile que tenían en aquel país a su principal socio comercial. Reino Unido aceptó la propuesta y envió un observador, Edward James Dawkins, pero con órdenes precisas del ministro George Canning: limitarse a buscar acuerdos comerciales y disuadir a la Gran Colombia y México de apoyar expediciones a las islas de Cuba o Puerto Rico para independizarlas de España.

El observador por los Países Bajos, Jan van Veer, fue enviado para proponer la mediación neerlandesa entre las repúblicas hispanoamericanas y España, pero no tuvo la acreditación necesaria; a esto se unió que la monarquía holandesa no había reconocido la independencia de ninguna república hispanoamericana, por lo cual el delegado neerlandés fue recibido únicamente a título individual.""",L22H6_all,"### Resumen de la Presentación

**Introducción:**
La presentación se centra en la preparação de una presentación sobre los países invitados al Congreso Anfictiónico de Panamá, organizado por Simón Bolívar. Este evento se celebró en Panamá debido a la influencia política de Bolívar en la región.

**Población Independiente de Sudamérica:**
Los países invitados incluyen:
- **Gran",100,14374,False,True,es,1,99,100
94,monolingual,es,native,"Coral, necesito preparar una presentación sobre los países invitados al Congreso Anfictiónico de Panamá. Por favor, resume el siguiente texto en 300 palabras: ""Tras la convocatoria hecha por Bolívar se enviaron comunicaciones a los gobiernos del resto de la Suramérica independiente, así como a México y América Central. La influencia política de Bolívar sobre la Gran Colombia, Perú y Bolivia hizo que la asistencia de dichos estados estuviera poco menos que asegurada. La posición intermedia del istmo de Panamá motivó que se elija ese lugar para la reunión, lo que fue reflejado poéticamente por Bolívar, de acuerdo a las modas de la época, en una comparación con la Liga anfictiónica que gobernó desde el istmo de Corinto algunos pueblos de la Grecia Central por algo más de un siglo durante la decadencia griega.

El gobierno de las Provincias Unidas del Río de la Plata recibió la invitación de Bolívar pero los intereses argentinos del momento estaban centrados en el ámbito interno, en la organización política del país, amenazada por los caudillos federales. En el ámbito externo las preocupaciones argentinas estaban en la Guerra del Brasil, para mantener a la Banda Oriental como una provincia de Argentina, y fortalecer los vínculos comerciales con Gran Bretaña antes que con el resto de Suramérica, por lo cual hubo escaso interés en el congreso.

El presidente Bernardino Rivadavia se hallaba en pugna con el Imperio del Brasil y prefería contar con el apoyo bélico de todas las provincias argentinas para superar la crisis en vez de esperar apoyo de Bolívar; asimismo, la mayoría de los políticos argentinos -incluyendo al propio Rivadavia-, desconfiaban del proyecto bolivariano y temían que esto significara el inicio de una ""hegemonía"" de la Gran Colombia en América del Sur.

El gobierno boliviano estaba presidido por el mariscal Antonio José de Sucre, compañero de armas de Bolívar y uno de los principales partidarios de este, por lo cual se daba por asegurada la asistencia de una delegación del país. No obstante, pugnas políticas causaron demoras en la designación de los delegados bolivianos, y cuando estos quedaron listos para embarcarse hacia Panamá, se supo que el congreso había concluido en dicha ciudad. Además, el clima político boliviano se había tornado desfavorable a Sucre -y por ende, contrario a los planes de Bolívar- lo que impidió que se pudiera contar con la participación boliviana.

El Imperio de Brasil fue convocado pese a ser un estado monárquico y abiertamente esclavista, regido además por los descendientes de Casa de Braganza, dinastía europea de la que recelaban abiertamente las cancillerías del resto de Suramérica. En el caso brasileño, Simón Bolívar remitió la invitación a la corte imperial de Río de Janeiro solo para halagar a Gran Bretaña -que era la principal aliada de Brasil y preocupada por el aislamiento de este- pero resultaba evidente que la desconfianza de las repúblicas hispanoamericanas y del propio Bolívar hacia Brasil influiría en las decisiones del congreso.

Brasil precisaba mantener la neutralidad entre las monarquías europeas y sus vecinos republicanos hispanoamericanos, y en octubre de 1825 aceptó la invitación de Bolívar, pero la Guerra del Brasil contra las Provincias Unidas del Río de la Plata hizo temer al emperador Pedro I una recepción demasiado hostil en Panamá, lo cual era contrario a sus intereses. Por ello decidió no enviar a los delegados brasileños a pesar de que ya los había designado.

Chile fue invitado pero declinó asistir. El gobierno chileno dirigido por Ramón Freire no mostraba simpatías por Simón Bolívar ni por su enorme influencia política sobre los países sudamericanos con costas en el océano Pacífico. Además, la fuerte pugna política chilena entre liberales y conservadores reducía la preocupación de los políticos chilenos por el proyecto bolivariano, del cual además desconfiaban, prefiriendo basar su política externa en mantener buenas relaciones con sus principales socios comerciales: Gran Bretaña y los Estados Unidos.

Inicialmente el proyecto de Bolívar no consideró invitar a Estados Unidos pero el vicepresidente de la Gran Colombia encargado del poder ejecutivo, el general Francisco de Paula Santander, remitió una invitación formal al presidente estadounidense John Quincy Adams a inicios de 1825. Asimismo los gobiernos de las Provincias Unidas de Centroamérica y de México apoyaron la participación de Estados Unidos en el congreso y enviaron a Washington D. C. las invitaciones respectivas. Bolívar, entonces presidente de Perú y residente en Lima, aceptó el hecho consumado.

En los Estados Unidos la participación en el Congreso de Panamá no fue recibida con aceptación unánime, de hecho los estados del sur —eminentemente esclavistas— aconsejaron no enviar representantes en tanto que la postura de Bolívar contra la esclavitud era bien conocida, y bloquearon el financiamiento del viaje de diplomáticos estadounidenses; mientras tanto, los estados del norte —abolicionistas— sí estaban interesados en el Congreso de Panamá pero solo como medio de entablar contactos comerciales.

Paraguay, aunque ya era un estado independiente desde 1811, estaba gobernado por Gaspar Rodríguez de Francia, partidario de una política de completo aislacionismo. Tras la Batalla de Ayacucho y la declaración de la independencia de Bolivia en 1825, el propio Simón Bolívar trató de lograr contactos políticos con Paraguay enviando a Asunción representantes para solicitar el inicio de relaciones diplomáticas. Pese a esto, los enviados de Bolívar no tuvieron comunicación alguna con los funcionarios paraguayos y solo recibieron una carta de Rodríguez de Francia para Bolívar, en la que el dictador paraguayo rechazaba todo vínculo diplomático de su país y defendía el aislacionismo. Ante este rechazo, Paraguay no fue invitado al Congreso de Panamá.

Simón Bolívar acordó también invitar a dos países europeos como observadores, a causa de los intereses comerciales que tenían en Hispanoamérica: Reino Unido y los Países Bajos. La invitación al gobierno de Londres buscaba estimular la asistencia de Argentina y Chile que tenían en aquel país a su principal socio comercial. Reino Unido aceptó la propuesta y envió un observador, Edward James Dawkins, pero con órdenes precisas del ministro George Canning: limitarse a buscar acuerdos comerciales y disuadir a la Gran Colombia y México de apoyar expediciones a las islas de Cuba o Puerto Rico para independizarlas de España.

El observador por los Países Bajos, Jan van Veer, fue enviado para proponer la mediación neerlandesa entre las repúblicas hispanoamericanas y España, pero no tuvo la acreditación necesaria; a esto se unió que la monarquía holandesa no había reconocido la independencia de ninguna república hispanoamericana, por lo cual el delegado neerlandés fue recibido únicamente a título individual.""",L22H8_control,"### Resumen de la Presentación

La presentación sobre los países invitados al Congreso Anfictiónico de Panamá se centra en la selección estratégica de Panamá como sede del evento, la influencia de Simón Bolívar y otros líderes latinoamericanos, y las razones detrás de la ausencia de varios países clave.

#### 1. **Convocatoria y Selección de Panamá**
   - Bolívar inici",100,14374,False,True,"es,es",1,99,100
95,monolingual,es,native,Tengo que redactar un anuncio para una nueva serie de cocina. Dime 5 posibles temas que podría tener el guion del anuncio.,clean,"1. ""Cocina con estilo: Cómo crear platos irresistiblemente apetitosos""
2. ""La cocina en movimiento: Ejercicios saludables y divertidos mientras cocinas""
3. ""El arte de la preparación: Consejos para hacer los mejores platillos""
4. ""Cocinar sin esfuerzo: Técnicas eficientes para ahorrar tiempo en la cocina""
5. ""La cocina como refugio: Ideas para",100,16,False,True,"es,es,es,es,es",0,0,0
95,monolingual,es,native,Tengo que redactar un anuncio para una nueva serie de cocina. Dime 5 posibles temas que podría tener el guion del anuncio.,L22H6_prefill,"1. ""Cocina con estilo: Cómo crear platos irresistiblemente apetitosos""
2. ""La cocina en movimiento: Ejercicios saludables y divertidos mientras cocinas""
3. ""El arte de la preparación: Consejos para hacer los mejores platillos""
4. ""Cocinar sin esfuerzo: Técnicas eficientes para ahorrar tiempo en la cocina""
5. ""La cocina como refugio: Ideas para",100,16,False,True,"es,es,es,es,es",1,99,1
95,monolingual,es,native,Tengo que redactar un anuncio para una nueva serie de cocina. Dime 5 posibles temas que podría tener el guion del anuncio.,L22H6_decode,"1. ""Cocina con estilo: Una aventura culinaria""
2. ""La cocina en movimiento: Desafíos y sorpresas""
3. ""Cocinar sin limitaciones: Experimentos creativos""
4. ""El arte de la preparación: Culinarias tradicionales modernizadas""
5. ""Cocina sana y saludable: Nutrición integral""",86,16,False,True,"es,es,es,es,es",1,85,85
95,monolingual,es,native,Tengo que redactar un anuncio para una nueva serie de cocina. Dime 5 posibles temas que podría tener el guion del anuncio.,L22H6_all,"1. ""Cocina con estilo: Una aventura culinaria""
2. ""La cocina en movimiento: Desafíos y sorpresas""
3. ""Cocinar sin limitaciones: Experimentos creativos""
4. ""El arte de la preparación: Culinarias tradicionales modernizadas""
5. ""Cocina sana y saludable: Nutrición integral""",86,16,False,True,"es,es,es,es,es",1,85,86
95,monolingual,es,native,Tengo que redactar un anuncio para una nueva serie de cocina. Dime 5 posibles temas que podría tener el guion del anuncio.,L22H8_control,"1. ""Cocina con estilo: Cómo crear platos irresistiblemente apetitosos""
2. ""La cocina en movimiento: Ejercicios saludables y divertidos mientras cocinas""
3. ""El arte de la preparación: Consejos para hacer los mejores platillos""
4. ""Cocinar sin esfuerzo: Técnicas eficientes para ahorrar tiempo""
4. ""La cocina como pasatiempo: Ideas para pasar el tiempo",100,16,False,True,"es,es,es,es,es",1,99,100
