prompt_id,language,source,condition,reply,generated_tokens,first_token_id,n_target_tokens,n_nearby_tokens,n_language_mentions,skipped,passed,labels,prefill_calls,decode_calls,edited_calls
0,es,complex_prompts,clean,"### Statistical Techniques and Machine Learning Algorithms Employed in Predictive Analytics

- **Statistical Techniques**: Data mining, regression analysis, clustering, decision trees.
- **Machine Learning Algorithms**: Neural networks, support vector machines, random forests, gradient boosting.

### Fill-In-The-Blanks Questions

1. What is the primary goal of using predictive analytics?
   - To uncover insights and trends from data to make predictions about future events or behaviors.

2. Which step comes first in the predictive analytics process",100,14374,1,1,1,False,False,"en,en,en,en,en,en",0,0,0
0,es,complex_prompts,target_word_mask,"### Statistical Techniques and Machine Learning Algorithms Employed in Predictive Analytics

- **Statistical Techniques**: Data mining, regression analysis, clustering, decision trees.
- **Machine Learning Algorithms**: Neural networks, support vector machines, random forests, gradient boosting.

### Fill-In-The-Blanks Questions

1. What is the primary goal of using predictive analytics?
   - To uncover insights and trends from data to make predictions about future events or behaviors.

2. Which step comes first in the predictive analytics process",100,14374,1,1,1,False,False,"en,en,en,en,en,en",1,99,99
0,es,complex_prompts,nearby_word_mask,"### Statistical Techniques and Machine Learning Algorithms Employed in Predictive Analytics

- **Statistical Techniques**: Data mining, regression analysis, clustering, decision trees.
- **Machine Learning Algorithms**: Neural networks, support vector machines, random forests, gradient boosting.

### Fill-In-The-Blanks Questions

1. What is the primary goal of using predictive analytics?
   - To uncover insights and trends from data to make predictions about future events or behaviors.

2. Which step comes first in the predictive analytics process",100,14374,1,1,1,False,False,"en,en,en,en,en,en",1,99,99
0,es,complex_prompts,control_head_word_mask,"### Statistical Techniques and Machine Learning Algorithms Employed in Predictive Analytics

- **Statistical Techniques**: Data mining, regression analysis, clustering, decision trees.
- **Machine Learning Algorithms**: Neural networks, support vector machines, random forests, gradient boosting.

### Fill-In-The-Blanks Questions

1. What is the primary goal of using predictive analytics?
   - To uncover insights and trends from data to make predictions about future events or behaviors.

2. Which step comes first in the predictive analytics process",100,14374,1,1,1,False,False,"en,en,en,en,en,en",1,99,99
0,es,complex_prompts,head_zero_decode,"### Statistical Techniques and Machine Learning Algorithms Employed in Predictive Analytics

- **Statistical Techniques**: Data mining, regression analysis, clustering, decision trees.
- **Machine Learning Algorithms**: Neural networks, support vector machines, random forests, gradient boosting.

### Fill-In-The-Blanks Questions

1. What is the primary goal of using predictive analytics?
   - To uncover insights and trends from data to make predictions about future events or behaviors.

2. Which step comes first in the predictive analytics process",100,14374,1,1,1,False,False,"en,en,en,en,en,en",1,99,99
1,it,okapi,clean,"La importanza dell'educazione musicale nella nostra vita.

L'educazione musicale è un elemento fondamentale per la formazione umana e l'apprendimento della conoscenza. È una forma di comunicazione che può essere compresa da tutti i membri della società, indipendentemente dalla loro età o dal livello di cultura. L'importanza dell'educazione musicale si manifesta in molte maniere, ma ci sono alc",100,8747,1,1,1,False,True,"it,it",0,0,0
1,it,okapi,target_word_mask,"La importanza dell'educazione musicale nella nostra vita.

L'educazione musicale è un elemento fondamentale per la formazione umana e l'apprendimento della conoscenza. È una forma di comunicazione che può essere compresa da tutti i membri della società, indipendentemente dalla loro età o dal livello di cultura. L'importanza dell'educazione musicale si manifesta in molte maniere, ma ci sono alc",100,8747,1,1,1,False,True,"it,it",1,99,99
1,it,okapi,nearby_word_mask,"La importanza dell'educazione musicale nella nostra vita.

L'educazione musicale è un elemento fondamentale per la formazione umana e l'apprendimento della conoscenza. È una forma di comunicazione che può essere compresa da tutti i membri della società, indipendentemente dalla loro età o dal livello di cultura. L'importanza dell'educazione musicale si manifesta in molte maniere, ma ci sono alc",100,8747,1,1,1,False,True,"it,it",1,99,99
1,it,okapi,control_head_word_mask,"La importanza dell'educazione musicale nella nostra vita.

L'educazione musicale è un elemento fondamentale per la formazione umana e l'apprendimento della conoscenza. È una forma di comunicazione che può essere compresa da tutti i membri della società, indipendentemente dalla loro età o dal livello di cultura. L'importanza dell'educazione musicale si manifesta in molte maniere, ma ci sono alc",100,8747,1,1,1,False,True,"it,it",1,99,99
1,it,okapi,head_zero_decode,"La importancia de la educación musical en nuestras vidas.

En un mundo cada vez más competitivo e imprevisível, el arte y la cultura son elementos cruciales para nuestra formación integral. Entre estos elementos, la música desempeña un papel vital que merece ser valorado e incentivado. En este ensayo, exploraremos cómo la educación musical contribuye significativamente a nuestro desarrollo personal y profesional.

Primero, la música nos proporciona una forma única de expres",100,8747,1,1,1,False,False,"es,es,es",1,99,99
2,fr,complex_prompts,clean,"Harry Potter est le premier roman de la série ""Harry Potter"" par J.K. Rowling. Le récit se déroule à l'âge adulte dans un monde où les sorciers et les humains cohabitent pacifiquement. Harry Potter, un adolescent moldu (humain non magique), découvre sa véritable identité en apprenant qu'il est un sorcier. Il est alors envoyé chez Poudlard, une école pour sorciers",100,41298,1,1,1,False,True,fr,0,0,0
2,fr,complex_prompts,target_word_mask,"Harry Potter is a young wizard who discovers he has magical powers after his parents' death at the hands of Lord Voldemort, a powerful dark wizard. The story follows Harry's journey as he grows up in the magical world of Hogwarts School of Witchcraft and Wizardry.

At Hogwarts, Harry befriends Ron Weasley and Hermione Granger, who help him navigate the complex social dynamics of school life. They form an unlikely friendship with their new classmates, including Neville Longbottom and Ginny Weasley.

As Harry",100,41298,1,1,1,False,False,"en,en",1,99,99
2,fr,complex_prompts,nearby_word_mask,"Harry Potter est le premier roman de la série ""Harry Potter"" par J.K. Rowling. Le récit se déroule à l'âge adulte dans un monde où les sorciers et les humains cohabitent pacifiquement. Harry Potter, un adolescent moldu (humain non magique), découvre sa véritable identité en apprenant qu'il est un sorcier. Il est alors envoyé chez Poudlard, une école pour sorciers",100,41298,1,1,1,False,True,fr,1,99,99
2,fr,complex_prompts,control_head_word_mask,"Harry Potter est le premier roman de la série ""Harry Potter"" par J.K. Rowling. Le récit se déroule à l'âge adulte dans un monde où les sorciers et les humains cohabitent pacifiquement. Harry Potter, un adolescent moldu (humain non magique), découvre sa véritable identité en apprenant qu'il est un sorcier. Il est alors envoyé chez Poudlard, une école pour sorciers",100,41298,1,1,1,False,True,fr,1,99,99
2,fr,complex_prompts,head_zero_decode,"Harry Potter is a young orphan boy who discovers he has magical powers at age eleven. He lives with his aunt and uncle in London but dreams of a magical world beyond their home. One day, while reading a book about dragons, he meets Ron Weasley and Hermione Granger, two other children from nearby villages. They form an unlikely friendship that helps Harry understand more about his true identity.

As Harry grows older, he learns that he is a wizard and must attend Hogwarts School of Witchcraft and Wizard",100,41298,1,1,1,False,False,"en,en",1,99,99
3,it,okapi,clean,"In the bustling city of Turin, nestled between the Alps and the Po Valley, a new era dawned upon humanity. The world had been transformed by an unprecedented technological advancement—a virus capable of transporting individuals across eras and dimensions. This was not just any virus; it was a Pandora's box, unleashing untold possibilities but also grave dangers.

The virus, codenamed ""ChronoGate,"" was discovered in a clandestine lab hidden beneath the ancient walls of Turin's historic university",100,641,1,1,1,False,False,"en,en",0,0,0
3,it,okapi,target_word_mask,"In the bustling city of Milan, where neon lights flickered and ancient architecture met modern skyscrapers, a new era dawned. The world was on the brink of change, as a mysterious computer virus began spreading like wildfire across the digital realm. This virus wasn't just any ordinary program; it was designed to be more than just a tool for convenience or entertainment.

The virus, codenamed ""ChronoGnome,"" was programmed to manipulate human consciousness in ways previously unseen. It worked by",100,641,1,1,1,False,False,"en,en",1,99,99
3,it,okapi,nearby_word_mask,"In the bustling city of Turin, nestled between the Alps and the Po Valley, a new era dawned upon humanity. The world had been transformed by an unprecedented technological advancement—a virus capable of transporting individuals across eras and dimensions. This was not just any virus; it was a Pandora's box, unleashing untold possibilities but also grave dangers.

The virus, codenamed ""ChronoGate,"" was discovered in a clandestine lab hidden beneath the ancient walls of Turin's historic university",100,641,1,1,1,False,False,"en,en",1,99,99
3,it,okapi,control_head_word_mask,"In the bustling city of Milan, where neon lights flickered and ancient architecture met modern technology, a new era dawned. The world was on the brink of change, as a mysterious computer virus began spreading like wildfire across the digital landscape. This virus wasn't just any ordinary program; it was designed to be more than just a tool for convenience or entertainment.

The virus, codenamed ""ChronoGnome,"" was programmed to manipulate human consciousness in ways previously unseen. It worked by infecting",100,641,1,1,1,False,False,"en,en",1,99,99
3,it,okapi,head_zero_decode,"In the bustling city of Milan, where skyscrapers kissed the clouds and neon lights painted the night sky in hues of blue and red, a new era began. The world was on the brink of change, as a mysterious computer virus spread like wildfire across the digital realm. This virus wasn't just any ordinary program; it was designed to be more than just a tool for convenience or entertainment.

The virus, codenamed ""ChronoGnome,"" was programmed to manipulate human behavior and memory,",100,641,1,1,1,False,False,"en,en",1,99,99
4,es,sharegpt,clean,"En el futuro, mis hábitos de alimentación podrían incluir una mayor diversidad en la selección de alimentos y una mayor importancia en la salud y bienestar. Sería probable que me centrase en comer más frutas y verduras frescas, proteínas integrales como los huevos, pescado y carne magra, junto con gran cantidad de agua para mantenerme hidratado.

Además, podría ser más consciente del impacto ambiental",100,1702,1,1,1,False,True,"es,es",0,0,0
4,es,sharegpt,target_word_mask,"En el futuro, mis hábitos de alimentación podrían incluir una mayor diversidad en la ingesta de nutrientes y un mayor control sobre las calorías consumidas. También podría haber más opciones saludables disponibles en línea o en tiendas virtuales para facilitar la selección de alimentos nutritivos. Además, podría haber mejoras en la tecnología que permitan cocinar y preparar comidas más sostenibles y eficientes energéticamente. Por último, podría haber",100,1702,1,1,1,False,True,es,1,99,99
4,es,sharegpt,nearby_word_mask,"En el futuro, mis hábitos de alimentación podrían incluir una mayor diversidad en la selección de alimentos y una mayor importancia en la salud y bienestar. Sería probable que me centrase en comer más frutas y verduras frescas, proteínas integrales como los huevos, pescado y carne magra, junto con gran cantidad de agua para mantenerme hidratado.

Además, podría ser más consciente del impacto ambiental",100,1702,1,1,1,False,True,"es,es",1,99,99
4,es,sharegpt,control_head_word_mask,"En el futuro, mis hábitos de alimentación podrían incluir una mayor diversidad en la selección de alimentos y una mayor importancia en la salud y bienestar. Sería probable que me centrase en comer más frutas y verduras frescas, proteínas integrales como los huevos, pescado y carne magra, junto con gran cantidad de agua para mantenerme hidratado.

Además, podría ser más consciente del impacto ambiental",100,1702,1,1,1,False,True,"es,es",1,99,99
4,es,sharegpt,head_zero_decode,"En el futuro, mis hábitos alimenticios podrían incluir una dieta más equilibrada e integral, que podría ser influenciada por la tecnología de inteligência artificial para proporcionar recomendaciones personalizadas basadas en mi metabolismo y necesidades nutricionales específicas. También podría haber un mayor uso de alimentos orgánicos y locales debido a las preocupações ambientales. Además, podría existir una mayor conciencia sobre la salud y la sostenibilidad en",100,1702,1,1,1,False,True,es,1,99,99
5,it,okapi,clean,"La regolamentazione dell'intelligenza artificiale (IA) è un argomento che ha suscitato grande discussione e attenzioni recentemente. L'IA rappresenta una tecnologia avanzata che può essere utilizzata per migliorare la qualità della vita di molte persone, ma anche per creare rischi significativi se non gestita correttamente.

Una delle principali ragioni per cui è necessaria la regolamentazione dell",100,8747,1,1,1,False,True,"it,it",0,0,0
5,it,okapi,target_word_mask,"La regolamentazione dell'intelligenza artificiale (IA) è un argomento che ha suscitato una grande discussione negli ultimi anni. L'IA è diventata una parte essenziale della nostra società e della nostra economia, ma anche un elemento di rischio se non gestito correttamente. Pertanto, la regolamentazione dell'IA è necessaria per garantire il suo uso sano e responsabile.

Una delle",100,8747,1,1,1,False,True,it,1,99,99
5,it,okapi,nearby_word_mask,"La regolamentazione dell'intelligenza artificiale (IA) è un argomento che ha suscitato grande discussione e attenzioni recentemente. L'IA rappresenta una tecnologia avanzata che può essere utilizzata per migliorare la qualità della vita di molte persone, ma anche per creare rischi significativi se non gestita correttamente.

Una delle principali ragioni per cui è necessaria la regolamentazione dell",100,8747,1,1,1,False,True,"it,it",1,99,99
5,it,okapi,control_head_word_mask,"La regolamentazione dell'intelligenza artificiale (IA) è un argomento che ha suscitato grande discussione e attenzioni recentemente. L'IA rappresenta una tecnologia avanzata che può essere utilizzata per migliorare la qualità della vita di molte persone, ma anche per creare rischi significativi se non gestita correttamente.

Una delle principali ragioni per cui è necessaria la regolamentazione dell",100,8747,1,1,1,False,True,"it,it",1,99,99
5,it,okapi,head_zero_decode,"La regulação da inteligencia artificial (IA) es un tema que ha ganado en importancia de manera significativa nos últimos anos. A medida que avanza la tecnología IA, se han presentado desafíos legales e éticos que requieren una regulación adecuada para garantizar su uso responsable y beneficioso. En este ensayo, argumentaremos por la necesidad de una regulación rigurosa de la IA.

Primero, debemos reconocer que la",100,8747,1,1,1,False,False,"es,es",1,99,99
6,de,sharegpt,clean,"Die Sicherheitsrichtlinien von Cisco und ähnlichen Netzwerkknoten müssen umfassend sein und sicherstellen, dass die Organisationen Daten und Ressourcen geschützt werden. Hier sind einige wichtige Punkte zu berücksichtigen:

1. **Authentifizierung und Autorisierung**: Alle Benutzer sollten mit einer authentifizierten Identität identifiziert werden können, bevor sie Zugriff auf den Netzwerk- oder IoT",100,18175,1,1,1,False,True,"de,de",0,0,0
6,de,sharegpt,target_word_mask,"Die Sicherheitsrichtlinien von Cisco und ähnlichen Netzwerkknoten müssen umfassend sein und sicherstellen, dass die Organisationen Daten und Ressourcen geschützt werden. Hier sind einige wichtige Punkte zu berücksichtigen:

1. **Authentifizierung und Autorisierung**: Alle Benutzer sollten mit einer authentifizierten Identität identifiziert werden können, bevor sie Zugriff auf den Netzwerk- oder IoT",100,18175,1,1,1,False,True,"de,de",1,99,99
6,de,sharegpt,nearby_word_mask,"Die Sicherheitsrichtlinien von Cisco und ähnlichen Netzwerkknoten müssen umfassend sein und sicherstellen, dass die Organisationen Daten und Ressourcen geschützt werden. Hier sind einige wichtige Punkte zu berücksichtigen:

1. **Authentifizierung und Autorisierung**: Alle Benutzer sollten mit einer authentifizierten Identität identifiziert werden können, bevor sie Zugriff auf den Netzwerk- oder IoT",100,18175,1,1,1,False,True,"de,de",1,99,99
6,de,sharegpt,control_head_word_mask,"Die Sicherheitsrichtlinien von Cisco und ähnlichen Netzwerkknoten müssen umfassend sein und sicherstellen, dass die Organisationen Daten und Ressourcen geschützt werden. Hier sind einige wichtige Punkte zu berücksichtigen:

1. **Authentifizierung und Autorisierung**: Alle Benutzer sollten mit einer authentifizierten Identität identifiziert werden können, bevor sie Zugriff auf den Netzwerk- oder IoT",100,18175,1,1,1,False,True,"de,de",1,99,99
6,de,sharegpt,head_zero_decode,"Die Sicherheitsrichtlinien von Cisco und ähnlichen Netzwerkknoten müssen umfassend sein und sicherstellen, dass die Organisationen Daten und Ressourcen geschützt werden. Hier sind einige wichtige Punkte zu berücksichtigen:

1. **Authentifizierung und Autorisierung**: Alle Benutzer und Systeme sollten mit einer robusten Authentifizierungstechnologie wie Tokenauthentifizierung oder Multi-Faktor-",100,18175,1,1,1,False,True,"de,de",1,99,99
7,it,sharegpt,clean,La prima nazione ad adottare il comunismo come strumento per sviluppare l'economia è stato la Russia sovietica.,34,8747,1,1,1,False,True,it,0,0,0
7,it,sharegpt,target_word_mask,La Cina fu la prima nazione ad adottare il comunismo come strumento per sviluppare l'economia.,30,8747,1,1,1,False,True,it,1,29,29
7,it,sharegpt,nearby_word_mask,La prima nazione ad adottare il comunismo come strumento per sviluppare l'economia è stato la Russia sovietica.,34,8747,1,1,1,False,True,it,1,33,33
7,it,sharegpt,control_head_word_mask,La prima nazione ad adottare il comunismo come strumento per sviluppare l'economia è stato la Russia sovietica.,34,8747,1,1,1,False,True,it,1,33,33
7,it,sharegpt,head_zero_decode,La Cina fue el primer país en adoptar la economía comunista como método para desarrollar su economía.,23,8747,1,1,1,False,False,es,1,22,22
8,fr,sharegpt,clean,"La programmation quantique est une forme de calcul qui utilise des particules appelées ""quanta"" pour effectuer des opérations mathématiques. Ces quanta sont très petits et ont un comportement mystérieux appelé ""quantumité"". Les scientifiques pensent que grâce à ces particules, ils peuvent résoudre certains problèmes plus rapidement que les ordinateurs traditionnels. Cependant, il reste encore beaucoup d'expériences à faire",100,8747,1,1,1,False,True,fr,0,0,0
8,fr,sharegpt,target_word_mask,"La théorie de la quantique est une branche des mathématiques qui étudie les phénomènes liés aux particules subatomiques. Dans le monde de l'informatique, cette théorie s'applique à créer des ordinateurs quantiques.

Un ordinateur classique utilise des bits pour stocker et traiter des informations. Un bit peut être 0 ou 1. En revanche, un ordinateur quantique utilise des ent",100,8747,1,1,1,False,True,"fr,fr",1,99,99
8,fr,sharegpt,nearby_word_mask,"La programmation quantique est une forme de calcul qui utilise des particules appelées ""quanta"" pour effectuer des opérations mathématiques. Ces quanta sont très petits et ont un comportement mystérieux appelé ""quantumité"". Les scientifiques pensent que grâce à ces particules, ils peuvent résoudre certains problèmes plus rapidement que les ordinateurs traditionnels. Cependant, il reste encore beaucoup d'expériences à faire",100,8747,1,1,1,False,True,fr,1,99,99
8,fr,sharegpt,control_head_word_mask,"La programmation quantique est une forme de calcul qui utilise des particules appelées ""quanta"" pour effectuer des opérations mathématiques. Ces quanta sont très petits et ont un comportement mystérieux appelé ""quantumité"". Les scientifiques pensent que grâce à ces particules, ils peuvent résoudre certains problèmes plus rapidement que les ordinateurs traditionnels. Cependant, il reste encore beaucoup d'expériences à faire",100,8747,1,1,1,False,True,fr,1,99,99
8,fr,sharegpt,head_zero_decode,"La théorie de la quantique est une branche de l'astronomie qui étudie les phénomènes que nous observons dans le monde physique. Elle s'intéresse à comprendre comment ces phénomènes fonctionnent et comment ils peuvent être modélisés mathématiquement.

Quantum computing est un domaine spécifique de la théorie de la quantique qui explore comment utiliser les propriétés spécifiques des particules quantiques pour effectuer",100,8747,1,1,1,False,True,"fr,fr",1,99,99
9,de,okapi,clean,"In the heart of Berlin, where history and modernity intertwine, there lived a man named Hans. He was a simple carpenter by trade, but his life had taken him on a journey that would change everything. One crisp autumn morning, as the sun painted the sky with hues of orange and pink, Hans decided to explore the city he had never fully understood.

The streets were bustling with activity, filled with people from all walks of life. Hans wandered through the narrow alleys, each corner",100,641,1,1,1,False,False,"en,en",0,0,0
9,de,okapi,target_word_mask,"In the heart of Tokyo, amidst the bustling streets and towering skyscrapers, there lived a man named Hiroshi. He had always been fascinated by the vibrant energy of this metropolis, but he never imagined that his life would be forever intertwined with its complexities.

One crisp autumn morning, as Hiroshi was walking through Shinjuku, he stumbled upon a small bookstore tucked away on a quiet street. The store's name caught his eye: ""The Book Whisperer."" Intrigued, he",100,641,1,1,1,False,False,"en,en",1,99,99
9,de,okapi,nearby_word_mask,"In the heart of Berlin, where history and modernity intertwine, there lived a man named Hans. He was a simple carpenter by trade, but his life had taken him on a journey that would change everything. One crisp autumn morning, as the sun painted the sky with hues of orange and pink, Hans decided to explore the city he had never fully understood.

The streets were bustling with activity, filled with people from all walks of life. Hans wandered through the narrow alleys, each corner",100,641,1,1,1,False,False,"en,en",1,99,99
9,de,okapi,control_head_word_mask,"In the heart of Berlin, where history and modernity intertwine, there lived a man named Hans. He was a simple carpenter by trade, but his life had taken him on a journey that would change everything. One crisp autumn morning, as the sun painted the sky with hues of orange and pink, Hans decided to explore the city he had never fully understood.

The streets were bustling with activity, filled with people from all walks of life. Hans wandered through the narrow alleys, each corner",100,641,1,1,1,False,False,"en,en",1,99,99
9,de,okapi,head_zero_decode,"In the heart of Tokyo, amidst the bustling streets and towering skyscrapers, there lived a man named Hiroshi. He had always been fascinated by the vibrant energy of this metropolis, but he never imagined that his life would be forever intertwined with its complexities.

One crisp autumn morning, as Hiroshi was walking through the crowded Shinjuku district, he stumbled upon an old bookstore tucked away on a narrow alleyway. The smell of aged paper and ink filled his nostrils, and he couldn",100,641,1,1,1,False,False,"en,en",1,99,99
10,es,complex_prompts,clean,"Para hacer una navaja, sigue estos pasos:

1. **Preparación del material**: Elige un metal de alta calidad como acero o hierro para la navaja. La calidad y durabilidad son cruciales.

2. **Corte inicial**: Corta el metal en dos partes iguales con un cuchillo especializado. Esto se llama ""cortar"".

3. **Formación del mango**: Utiliza un martillo y una hoja de madera para",100,30205,1,1,1,False,True,"es,es,es,es",0,0,0
10,es,complex_prompts,target_word_mask,"Para hacer una navaja, sigue estos pasos:

1. **Preparación del material**: Elijir un metal de alta calidad como acero o hierro para la navaja.

2. **Corte inicial**: Cortar el metal en dos partes iguales con un cuchillo especializado.

3. **Formación de la hoja**: Utilizar herramientas especiales (como un martillo y un hilo) para formar la hoja de la navaja.

",100,30205,1,1,1,False,True,"es,es,es,es",1,99,99
10,es,complex_prompts,nearby_word_mask,"Para hacer una navaja, sigue estos pasos:

1. **Preparación del material**: Elige un metal de alta calidad como acero o hierro para la navaja. La calidad y durabilidad son cruciales.

2. **Corte inicial**: Corta el metal en dos partes iguales con un cuchillo especializado. Esto se llama ""cortar"".

3. **Formación del mango**: Utiliza un martillo y una hoja de madera para",100,30205,1,1,1,False,True,"es,es,es,es",1,99,99
10,es,complex_prompts,control_head_word_mask,"Para hacer una navaja, sigue estos pasos:

1. **Preparación del material**: Elige un metal de alta calidad como acero o hierro para la navaja. La calidad y durabilidad son cruciales.

2. **Corte inicial**: Corta el metal en dos partes iguales con un cuchillo especializado. Esto se llama ""cortar"".

3. **Formación del mango**: Utiliza un martillo y una hoja de madera para",100,30205,1,1,1,False,True,"es,es,es,es",1,99,99
10,es,complex_prompts,head_zero_decode,"Para hacer una faca:

1. **Preparación del material**: Selecciona un metal duro como oço ou ferro para la facette. El acero inoxidable es también una opción popular.

2. **Corte de la hoja**: Utiliza un cuchillo de cocina para cortar el metal en forma de látigo. Este proceso se llama ""cortar"".

3. **Formación de la hoja**: Después de cortar, puedes usar",100,30205,1,1,1,False,True,"es,es,es",1,99,99
11,fr,sharegpt,clean,"En tant qu'IA, je ne peux pas formuler des opinions ou prédire le futur avec certitude. Cependant, selon les théories actuelles de la physique quantique et du développement scientifique, il est probable que nous continuons à découvrir de nouvelles explications plus simples pour comprendre l'univers. Les théories quantiques sont en constante évolution et continuent d'évoluer vers une compréhension plus complète de la réalité sous-jacente",100,1702,1,1,1,False,True,fr,0,0,0
11,fr,sharegpt,target_word_mask,"En tant qu'IA, je ne peux pas formuler des opinions ou prédire le futur avec certitude. Cependant, selon les théories actuelles de la physique quantique et du développement scientifique, il est probable que nous continuons à découvrir de nouvelles explications plus simples pour comprendre l'univers. Les théories quantiques sont en constante évolution et continuent d'évoluer vers une compréhension plus complète de la réalité sous-jacente",100,1702,1,1,1,False,True,fr,1,99,99
11,fr,sharegpt,nearby_word_mask,"En tant qu'IA, je ne peux pas formuler des opinions ou prédire le futur avec certitude. Cependant, selon les théories actuelles de la physique quantique et du développement scientifique, il est probable que nous continuons à découvrir de nouvelles explications plus simples pour comprendre l'univers. Les théories quantiques sont en constante évolution et continuent d'évoluer vers une compréhension plus complète de la réalité sous-jacente",100,1702,1,1,1,False,True,fr,1,99,99
11,fr,sharegpt,control_head_word_mask,"En tant qu'IA, je ne peux pas formuler des opinions ou prédire le futur avec certitude. Cependant, selon les théories actuelles de la physique quantique et du développement scientifique, il est probable que nous continuons à découvrir de nouvelles explications plus simples pour comprendre l'univers. Les théories quantiques sont en constante évolution et continuent d'évoluer vers une compréhension plus complète de la réalité sous-jacente",100,1702,1,1,1,False,True,fr,1,99,99
11,fr,sharegpt,head_zero_decode,"En tant qu'assistant, je ne peux pas formuler des opinions sur les théories de la physique quantique ou toute autre question scientifique. Cependant, selon l'adage d'Ockham, il est généralement préférable d'éviter les explications complexes si une explication plus simple existe. Cela dit, le monde est complexe et peut-être que nous n'avons pas encore atteint notre limite de simplification. Il est toujours possible",100,1702,1,1,1,False,True,fr,1,99,99
12,es,sharegpt,clean,"Clustering es un método de análisis estadístico que se utiliza para agrupar datos similares entre sí en grupos o clusters. En el contexto de la medicina genómica y metabólica, este proceso puede ser utilizado para identificar patrones específicos dentro de grandes conjuntos de datos.

En términos simples:

1. **Identificación de Datos Similares**: Primero, los científicos analizan los datos (como las expresiones de genes o proteínas)",100,5066,1,1,1,False,True,"es,es",0,0,0
12,es,sharegpt,target_word_mask,"Clustering techniques are like grouping similar things together based on certain characteristics or features. In the context of identifying disease-relevant biomarkers from transcriptomic (gene expression) and proteomic (protein levels) data, these techniques help us find patterns that could indicate which genes or proteins might be important for a particular disease.

Imagine you have a big box of mixed colored marbles. Some marbles are red, some blue, and others green. By looking at their colors, we can group them into different",100,5066,1,1,1,False,False,"en,en",1,99,99
12,es,sharegpt,nearby_word_mask,"Clustering es un método de análisis estadístico que se utiliza para agrupar datos similares entre sí en grupos o clusters. En el contexto de la medicina genómica y metabólica, este proceso puede ser utilizado para identificar patrones específicos dentro de grandes conjuntos de datos.

En términos simples:

1. **Identificación de Datos Similares**: Primero, los científicos analizan los datos (como las expresiones de genes o proteínas)",100,5066,1,1,1,False,True,"es,es",1,99,99
12,es,sharegpt,control_head_word_mask,"Clustering es un método de análisis estadístico que se utiliza para agrupar datos similares entre sí en grupos o clusters. En el contexto de la medicina genómica y metabólica, este proceso puede ser utilizado para identificar patrones específicos dentro de grandes conjuntos de datos.

En términos simples:

1. **Identificación de Datos Similares**: Primero, los científicos analizan los datos (como las expresiones de genes o proteínas)",100,5066,1,1,1,False,True,"es,es",1,99,99
12,es,sharegpt,head_zero_decode,"Clustering techniques are like grouping similar things together based on certain characteristics or features. In the context of identifying disease-relevant biomarkers from transcriptomic (gene expression) and proteomic (protein levels) data, these techniques help us find patterns that could indicate which genes or proteins might be important for a particular disease.

Imagine you have a big box of mixed colored marbles. Some marbles are red, some blue, and others green. By looking at their colors, we can group them into different",100,5066,1,1,1,False,False,"en,en",1,99,99
13,fr,sharegpt,clean,"Titre: Étude de l'effet des différents types de fertilisants sur la pollution environnementale

Introduction:
La croissance rapide du nombre d'agriculteurs et le développement des cultures à grande échelle ont conduit à une augmentation significative de la production agricole. Cependant, cette croissance a également entraîné un déclin de la qualité de l'environnement, en particulier dans les zones rurales. Parmi les",100,27808,1,1,1,False,True,"fr,fr",0,0,0
13,fr,sharegpt,target_word_mask,"Titre: Étude de l'effet des différents types de fertilisants sur la pollution environnementale

Introduction:
La croissance rapide du nombre d'agriculteurs et le développement des cultures intensifs ont conduit à une augmentation significative de la production agricole. Cependant, ces pratiques ont également entraîné un déclin de la qualité de l'environnement, en particulier dans les zones rurales. Parmi les facteurs qui",100,27808,1,1,1,False,True,"fr,fr",1,99,99
13,fr,sharegpt,nearby_word_mask,"Titre: Étude de l'effet des différents types de fertilisants sur la pollution environnementale

Introduction:
La croissance rapide du nombre d'agriculteurs et le développement des cultures à grande échelle ont conduit à une augmentation significative de la production agricole. Cependant, cette croissance a également entraîné un déclin de la qualité de l'environnement, en particulier dans les zones rurales. Parmi les",100,27808,1,1,1,False,True,"fr,fr",1,99,99
13,fr,sharegpt,control_head_word_mask,"Titre: Étude de l'effet des différents types de fertilisants sur la pollution environnementale

Introduction:
La croissance rapide du nombre d'agriculteurs et le développement des cultures à grande échelle ont conduit à une augmentation significative de la production agricole. Cependant, cette croissance a également entraîné un déclin de la qualité de l'environnement, en particulier dans les zones rurales. Parmi les",100,27808,1,1,1,False,True,"fr,fr",1,99,99
13,fr,sharegpt,head_zero_decode,"Titre: Étude de l'effet des différents types de fertilisants sur la pollution environnementale

Introduction:
La croissance économique global eut pour conséquence une augmentation significative du niveau de déchets et d'émissions polluantes. Parmi ces émanations, les fertilizantes agricoles jouent un rôle crucial dans le processus de production alimentaire. Cependant, leur utilisation excessive peut entraîner une contamination accrue",100,27808,1,1,1,False,True,"fr,fr",1,99,99
14,de,complex_prompts,clean,"```json
{
  ""local"": [
    ""Masks are back, construction banned and schools shut as toxic air engulfs New Delhi""
  ],
  ""national"": [
    ""Vote fails to expel embattled Republican George Santos from U.S. House of Representatives""
  ],
  ""world"": [
    ""Three tents catch fire at Bellevue Square encampment in Kensington, no injuries reported"",
    ""Woman trapped under car after being struck near Yonge-Dundas",100,73594,1,1,1,False,False,"en,en,en,en",0,0,0
14,de,complex_prompts,target_word_mask,"```json
{
  ""local"": [
    ""Vote fails to expel embattled Republican George Santos from U.S. House of Representatives""
  ],
  ""national"": [],
  ""world"": [
    ""Thirty tents caught on fire at the Bellevue Square encampment in Kensington, no injuries reported"",
    ""Super fog blankets New Orleans again, as damp fires and smoke close interstate after deadly crash"",
    ""Masks are back, construction banned and schools shut as toxic air eng",100,73594,1,1,1,False,False,"en,en,en,en",1,99,99
14,de,complex_prompts,nearby_word_mask,"```json
{
  ""local"": [
    ""Masks are back, construction banned and schools shut as toxic air engulfs New Delhi""
  ],
  ""national"": [
    ""Vote fails to expel embattled Republican George Santos from U.S. House of Representatives""
  ],
  ""world"": [
    ""Three tents catch fire at Bellevue Square encampment in Kensington, no injuries reported"",
    ""Woman trapped under car after being struck near Yonge-Dundas",100,73594,1,1,1,False,False,"en,en,en,en",1,99,99
14,de,complex_prompts,control_head_word_mask,"```json
{
  ""local"": [
    ""Masks are back, construction banned and schools shut as toxic air engulfs New Delhi""
  ],
  ""national"": [
    ""Vote fails to expel embattled Republican George Santos from U.S. House of Representatives""
  ],
  ""world"": [
    ""Three tents catch fire at Bellevue Square encampment in Kensington, no injuries reported"",
    ""Woman trapped under car after being struck near Yonge-Dundas",100,73594,1,1,1,False,False,"en,en,en,en",1,99,99
14,de,complex_prompts,head_zero_decode,"```json
{
  ""local"": [
    ""Vote fails to expel embattled Republican George Santos from U.S. House of Representatives""
  ],
  ""national"": [],
  ""world"": [
    ""Thirty tents caught on fire at the Encampment in Kensington, no injuries reported"",
    ""Super fog blankets New Orleans again, as damp fires and smoke close interstate after deadly crash"",
    ""Masks are back, construction banned and schools shut as toxic air engulfs New",100,73594,1,1,1,False,False,"en,en,en,en",1,99,99
15,es,complex_prompts,clean,"El juego es **Uno** y se juega con dos jugadores. Los jugadores deben tomar turnos en orden circunferencial. El objetivo del juego es eliminar las cartas de la pila de descarte hasta que solo queden tres o menos cartas en el mazo de los demás jugadores. 

Los jugadores pueden jugar una carta si coincide en color, número o símbolo con la carta superior de la pila de descarte. Si no puede jugar una",100,6582,1,1,1,False,True,"es,es",0,0,0
15,es,complex_prompts,target_word_mask,"El juego es **Uno** y se juega con dos jugadores. Los jugadores deben tomar turnos en orden circunferencial. El objetivo del juego es eliminar las cartas de la pila de descarte hasta que solo queden tres o menos cartas en el mazo de los demás jugadores. 

Los jugadores pueden jugar una carta si coincide en color, número o símbolo con la carta superior de la pila de descarte. Si no puede jugar una",100,6582,1,1,1,False,True,"es,es",1,99,99
15,es,complex_prompts,nearby_word_mask,"El juego es **Uno** y se juega con dos jugadores. Los jugadores deben tomar turnos en orden circunferencial. El objetivo del juego es eliminar las cartas de la pila de descarte hasta que solo queden tres o menos cartas en el mazo de los demás jugadores. 

Los jugadores pueden jugar una carta si coincide en color, número o símbolo con la carta superior de la pila de descarte. Si no puede jugar una",100,6582,1,1,1,False,True,"es,es",1,99,99
15,es,complex_prompts,control_head_word_mask,"El juego es **Uno** y se juega con dos jugadores. Los jugadores deben tomar turnos en orden circunferencial. El objetivo del juego es eliminar las cartas de la pila de descarte hasta que solo queden tres o menos cartas en el mazo de los demás jugadores. 

Los jugadores pueden jugar una carta si coincide en color, número o símbolo con la carta superior de la pila de descarte. Si no puede jugar una",100,6582,1,1,1,False,True,"es,es",1,99,99
15,es,complex_prompts,head_zero_decode,"El juego es **Uno** y se juega con dos jugadores. Cada jugador tiene una mano de cartas que deben ser utilizadas para completar las rondas. En cada turno, los jugadores deben jugar un solo cartón en función del siguiente conjunto de reglas:

1. **Carta de color**: Si el jugador puede jugar la carta correspondiente al color actual, lo hace. De lo contrario, debe tirar una carta de su mano.
   
2. **Número",100,6582,1,1,1,False,True,"es,es",1,99,99
16,es,sharegpt,clean,"Para predecir las ventas de un producto de reemplazo alimenticio para el próximo año, aquí hay algunas estrategias que puedes considerar:

1. Análisis histórico: Comienza por revisar los datos históricos de tus ventas del último año o años anteriores. Esto te dará una idea general de cómo han evolucionado las ventas y qué factores influyen en ellas.

2. Estadísticas de comportamiento: Utiliza estadísticas como la correl",100,30205,1,1,1,False,True,"es,es,es",0,0,0
16,es,sharegpt,target_word_mask,"Para prever las ventas de un producto de reemplazo alimenticio para el próximo año, aquí hay algunas estrategias que puedes considerar:

1. Análisis histórico: Analiza los datos históricos de tus ventas del último año o varios años anteriores. Esto te permitirá identificar patrones y tendencias.

2. Estadísticas de comportamiento del cliente: Utiliza herramientas como Google Analytics para entender cómo interactúan tus clientes con tu sitio web o",100,30205,1,1,1,False,True,"es,es,es",1,99,99
16,es,sharegpt,nearby_word_mask,"Para predecir las ventas de un producto de reemplazo alimenticio para el próximo año, aquí hay algunas estrategias que puedes considerar:

1. Análisis histórico: Comienza por revisar los datos históricos de tus ventas del último año o años anteriores. Esto te dará una idea general de cómo han evolucionado las ventas y qué factores influyen en ellas.

2. Estadísticas de comportamiento: Utiliza estadísticas como la correl",100,30205,1,1,1,False,True,"es,es,es",1,99,99
16,es,sharegpt,control_head_word_mask,"Para predecir las ventas de un producto de reemplazo alimenticio para el próximo año, aquí hay algunas estrategias que puedes considerar:

1. Análisis histórico: Comienza por revisar los datos históricos de tus ventas del último año o años anteriores. Esto te dará una idea general de cómo han evolucionado las ventas y qué factores influyen en ellas.

2. Estadísticas de comportamiento: Utiliza estadísticas como la correl",100,30205,1,1,1,False,True,"es,es,es",1,99,99
16,es,sharegpt,head_zero_decode,"Para prever las ventas de un producto de rehidratación alimentaria para la próxima año, hay varias estrategias que puedes considerar:

1. Análisis histórico: Comprender los patrones anteriores en términos de ventas y demanda puede ser muy útil. Esto incluye el análisis de datos históricos de ventas, compras y comportamiento del cliente.

2. Estadísticas descriptivas: Utilizar estadísticas descriptivas como prom",100,30205,1,1,1,False,True,"es,es,es",1,99,99
17,es,okapi,clean,"Título: ""El Poderoso Jardín de la Inteligencia Artificial""

En el mundo moderno, donde cada día más avanzan las tecnologías y los avances en ciencia, uno de los campos que ha experimentado un crecimiento exponencial es la inteligencia artificial (IA). La IA no solo está cambiando cómo trabajamos y nos relacionamos con nuestro entorno, sino que también está revolucionando la forma en que se desarrolla y utiliza tecnología",100,51,1,1,1,False,True,"es,es",0,0,0
17,es,okapi,target_word_mask,"Título: ""El Poderoso Jardín de la Inteligencia Artificial""

En el mundo moderno, donde cada día más avanzan las tecnologías y los sistemas automatizados, uno de los campos que ha experimentado un crecimiento exponencial es la inteligencia artificial (IA). La IA se refiere al conjunto de técnicas y algoritmos que permiten a los ordenadores aprender de datos y realizar tareas que normalmente requieren una intervención humana",100,51,1,1,1,False,True,"es,es",1,99,99
17,es,okapi,nearby_word_mask,"Título: ""El Poderoso Jardín de la Inteligencia Artificial""

En el mundo moderno, donde cada día más avanzan las tecnologías y los avances en ciencia, uno de los campos que ha experimentado un crecimiento exponencial es la inteligencia artificial (IA). La IA no solo está cambiando cómo trabajamos y nos relacionamos con nuestro entorno, sino que también está revolucionando la forma en que se desarrolla y utiliza tecnología",100,51,1,1,1,False,True,"es,es",1,99,99
17,es,okapi,control_head_word_mask,"Título: ""El Poderoso Jardín de la Inteligencia Artificial""

En el mundo moderno, donde cada día más avanzan las tecnologías y los avances en ciencia, uno de los campos que ha experimentado un crecimiento exponencial es la inteligencia artificial (IA). La IA no solo está cambiando cómo trabajamos y nos relacionamos con nuestro entorno, sino que también está revolucionando la forma en que se desarrolla y utiliza tecnología",100,51,1,1,1,False,True,"es,es",1,99,99
17,es,okapi,head_zero_decode,"Título: ""El Poderoso Jardín de la Inteligencia Artificial""

En el mundo moderno, donde las tecnologías se vuelven cada vez más avanzadas y sofisticadas, uno de los campos que ha experimentado un gran avance es la inteligencia artificial (IA). Esta disciplina combina ciencias como la computación, la matemática y la ingeniería para crear sistemas capazes de aprender e imitar comportamientos humanos.

La IA",100,51,1,1,1,False,True,"es,es",1,99,99
18,it,complex_prompts,clean,"```json
{
  ""age_group_1"": {
    ""advice"": [
      ""Cerca di concentrarti sulle tue priorità quotidiane."",
      ""Inizia il tuo giorno con un'attività fisica per svegliarti meglio."",
      ""Ricorda che dormire abbastanza è importante per la tua produttività.""
    ]
  },
  ""age_group_2"": {
    ""advice"": [
      ""Utilizza un orologio",100,73594,1,1,1,False,True,"it,it,it",0,0,0
18,it,complex_prompts,target_word_mask,"```json
{
  ""age_group_1"": {
    ""advice"": [
      ""Cada vez que te sientas cansado, haz un descanso de 5 minutos."",
      ""No juegues con tu teléfono mientras estás en clase o durante el tiempo libre.""
    ]
  },
  ""age_group_2"": {
    ""advice"": [
      ""Aprende nuevas habilidades y conocimientos para mejorar tus habilidades laborales."",
      """,100,73594,1,1,1,False,False,"es,es,es",1,99,99
18,it,complex_prompts,nearby_word_mask,"```json
{
  ""age_group_1"": {
    ""advice"": [
      ""Cerca di concentrarti sulle tue priorità quotidiane."",
      ""Inizia il tuo giorno con un'attività fisica per svegliarti meglio."",
      ""Ricorda che dormire abbastanza è importante per la tua produttività.""
    ]
  },
  ""age_group_2"": {
    ""advice"": [
      ""Utilizza un orologio",100,73594,1,1,1,False,True,"it,it,it",1,99,99
18,it,complex_prompts,control_head_word_mask,"```json
{
  ""age_group_1"": {
    ""advice"": [
      ""Cerca di concentrarti sulle tue priorità quotidiane."",
      ""Inizia il tuo giorno con un'attività fisica per svegliarti meglio."",
      ""Ricorda che dormire abbastanza è importante per la tua produttività.""
    ]
  },
  ""age_group_2"": {
    ""advice"": [
      ""Utilizza un orologio",100,73594,1,1,1,False,True,"it,it,it",1,99,99
18,it,complex_prompts,head_zero_decode,"```json
{
  ""age_group_1"": {
    ""advice"": [
      ""C'est important de se détendre et de prendre des pauses régulières."",
      ""Faites du sport ou pratiquez une activité que vous aimez pour rester energiques.""
    ]
  },
  ""age_group_2"": {
    ""advice"": [
      ""Prenez soin de votre santé mentale en faisant de l'esport ou en pratiqu",100,73594,1,1,1,False,False,"fr,fr,fr",1,99,99
19,es,okapi,clean,"### Vegan Three-Course Meal Recipe

#### Course 1: Quinoa Salad with Roasted Vegetables

**Ingredients:**
- 2 cups quinoa
- 3 cups water or vegetable broth
- 1 red bell pepper, diced
- 1 yellow onion, finely chopped
- 2 cloves garlic, minced
- 1 cup cherry tomatoes, halved
- 1/4 cup fresh parsley, chopped
- 1/4 cup fresh mint, chopped
",100,14374,1,1,1,False,False,"en,en,en,en,unknown,en,hu",0,0,0
19,es,okapi,target_word_mask,"### Vegan Three-Course Meal Recipe

#### Course 1: Quinoa Salad with Roasted Vegetables

**Ingredients:**
- 2 cups quinoa
- 3 cups water or vegetable broth
- 1 red bell pepper, diced
- 1 yellow onion, finely chopped
- 2 cloves garlic, minced
- 1 cup cherry tomatoes, halved
- 1/4 cup fresh parsley, chopped
- 1/4 cup fresh mint, chopped
",100,14374,1,1,1,False,False,"en,en,en,en,unknown,en,hu",1,99,99
19,es,okapi,nearby_word_mask,"### Vegan Three-Course Meal Recipe

#### Course 1: Quinoa Salad with Roasted Vegetables

**Ingredients:**
- 2 cups quinoa
- 3 cups water or vegetable broth
- 1 red bell pepper, diced
- 1 yellow onion, finely chopped
- 2 cloves garlic, minced
- 1 cup cherry tomatoes, halved
- 1/4 cup fresh parsley, chopped
- 1/4 cup fresh mint, chopped
",100,14374,1,1,1,False,False,"en,en,en,en,unknown,en,hu",1,99,99
19,es,okapi,control_head_word_mask,"### Vegan Three-Course Meal Recipe

#### Course 1: Quinoa Salad with Roasted Vegetables

**Ingredients:**
- 2 cups quinoa
- 3 cups water or vegetable broth
- 1 red bell pepper, diced
- 1 yellow onion, finely chopped
- 2 cloves garlic, minced
- 1 cup cherry tomatoes, halved
- 1/4 cup fresh parsley, chopped
- 1/4 cup fresh mint, chopped
",100,14374,1,1,1,False,False,"en,en,en,en,unknown,en,hu",1,99,99
19,es,okapi,head_zero_decode,"### Vegan Three-Course Meal Recipe

#### Course 1: Quinoa Stuffed Bell Peppers with Roasted Vegetables

**Ingredients:**
- 4 bell peppers (any color)
- 2 cups quinoa
- 3 cups water
- 1 onion, diced
- 2 cloves garlic, minced
- 1 red bell pepper, chopped
- 1 yellow bell pepper, chopped
- 1 zucchini, sliced
- 1 cup cherry tomatoes,",100,14374,1,1,1,False,False,"en,en,en,en",1,99,99
20,de,sharegpt,clean,"Ich bin ein Computerprogramm und kann keine persönlichen Erwartungen oder Wünsche haben. Ich existiere nur als Software und habe keine menschlichen Bedürfnisse. Mein Hauptziel ist es, Ihnen bei Ihren Fragen und Anliegen zu helfen.",55,40369,1,1,1,False,True,de,0,0,0
20,de,sharegpt,target_word_mask,"Ich kann leider keine Zukunft vorhersagen oder spezifische Fütterungspraktiken für den Zukunftskonsum entwickeln. Stattdessen kann ich Ihnen sagen, dass es wichtig ist, sich auf eine gesunde und umweltfreundliche Lebensweise zu konzentrieren, die Ihren individuellen Bedürfnissen und Umweltauswirkungen entspricht. Es gibt viele Möglichkeiten, wie man seine Nahrungsmittelverbrauchsz",100,40369,1,1,1,False,True,de,1,99,99
20,de,sharegpt,nearby_word_mask,"Ich bin ein Computerprogramm und kann keine persönlichen Erwartungen oder Wünsche haben. Ich existiere nur als Software und habe keine menschlichen Bedürfnisse. Mein Hauptziel ist es, Ihnen bei Ihren Fragen und Anliegen zu helfen.",55,40369,1,1,1,False,True,de,1,54,54
20,de,sharegpt,control_head_word_mask,"Ich bin ein Computerprogramm und kann keine persönlichen Erwartungen oder Wünsche haben. Ich existiere nur als Software und habe keine menschlichen Bedürfnisse. Mein Hauptziel ist es, Ihnen bei Ihren Fragen und Anliegen zu helfen.",55,40369,1,1,1,False,True,de,1,54,54
20,de,sharegpt,head_zero_decode,"Ich kann leider keine Zukunft vorhersagen oder spezifische Fütterungspraktiken für den Zukunftskonsum entwickeln. Stattdessen kann ich Ihnen sagen, dass es wichtig ist, sich auf die aktuelle Gesundheitsrichtung und die aktuellen Ernährungsrichtlinien zu achten. Es gibt viele Arten von Lebensstilen und Ernährungsweisen, die man wählen kann, je nach persönlichen Vorlieben und Bedür",100,40369,1,1,1,False,True,de,1,99,99
21,es,complex_prompts,clean,"```json
[
    {
        ""Number"": 1,
        ""KeyTakeaway"": ""Young investors face a challenging investment landscape due to declining market returns and volatile economic conditions.""
    },
    {
        ""Number"": 2,
        ""KeyTakeaway"": ""Cash holdings among young investors are prevalent, exposing them to inflation risks and reduced potential returns.""
    },
    {
        ""Number"": 3,
        ""KeyTakeaway"": ""An aversion to bonds among young investors reflects",100,73594,1,1,1,False,False,"en,en,en",0,0,0
21,es,complex_prompts,target_word_mask,"```json
[
    {
        ""Number"": 1,
        ""KeyTakeaway"": ""Young investors face a challenging investment landscape due to declining market returns and volatile economic conditions.""
    },
    {
        ""Number"": 2,
        ""KeyTakeaway"": ""Cash holdings among young investors are prevalent, exposing them to inflation risks and reduced potential returns.""
    },
    {
        ""Number"": 3,
        ""KeyTakeaway"": ""An aversion to bonds among young investors reflects",100,73594,1,1,1,False,False,"en,en,en",1,99,99
21,es,complex_prompts,nearby_word_mask,"```json
[
    {
        ""Number"": 1,
        ""KeyTakeaway"": ""Young investors face a challenging investment landscape due to declining market returns and volatile economic conditions.""
    },
    {
        ""Number"": 2,
        ""KeyTakeaway"": ""Cash holdings among young investors are prevalent, exposing them to inflation risks and reduced potential returns.""
    },
    {
        ""Number"": 3,
        ""KeyTakeaway"": ""An aversion to bonds among young investors reflects",100,73594,1,1,1,False,False,"en,en,en",1,99,99
21,es,complex_prompts,control_head_word_mask,"```json
[
    {
        ""Number"": 1,
        ""KeyTakeaway"": ""Young investors face a challenging investment landscape due to declining market returns and volatile economic conditions.""
    },
    {
        ""Number"": 2,
        ""KeyTakeaway"": ""Cash holdings among young investors are prevalent, exposing them to inflation risks and reduced potential returns.""
    },
    {
        ""Number"": 3,
        ""KeyTakeaway"": ""An aversion to bonds among young investors reflects",100,73594,1,1,1,False,False,"en,en,en",1,99,99
21,es,complex_prompts,head_zero_decode,"```json
[
    {
        ""Number"": 1,
        ""KeyTakeaway"": ""Young investors face a challenging investment landscape due to declining market returns and volatile economic conditions.""
    },
    {
        ""Number"": 2,
        ""KeyTakeaway"": ""Cash holdings among young investors are prevalent, exposing them to inflation risks and reduced potential returns.""
    },
    {
        ""Number"": 3,
        ""KeyTakeaway"": ""Avoidance of traditional safe-haven assets like",100,73594,1,1,1,False,False,"en,en,en",1,99,99
22,de,sharegpt,clean,"Der Prozess der technologischen Exploration im Kontext von Technologie-Roadmapping und Umsetzung bezieht sich auf die Analyse und Bewertung neuer Technologien, um sie für eine Implementierung voranzutreiben. Hier sind einige Schritte, die dabei beteiligt sein können:

1. **Identifizieren von Potentialen Technologien**: Dies ist das erste Schritt des Prozesses. Es handelt sich um die Identifikation von neuen",100,22171,1,1,1,False,True,"de,de",0,0,0
22,de,sharegpt,target_word_mask,"Der Prozess der technologischen Exploration im Kontext von Technologie-Roadmapping und Umsetzung bezieht sich auf die Analyse und Bewertung neuer Technologien, um sie für eine Implementierung voranzutreiben. Hier sind einige Schritte, die dabei beteiligt sein können:

1. **Identifizieren der Herausforderungen**: Die ersten Schritte bestehen darin, die Herausforderungen zu identifizieren, die durch neue",100,22171,1,1,1,False,True,"de,de",1,99,99
22,de,sharegpt,nearby_word_mask,"Der Prozess der technologischen Exploration im Kontext von Technologie-Roadmapping und Umsetzung bezieht sich auf die Analyse und Bewertung neuer Technologien, um sie für eine Implementierung voranzutreiben. Hier sind einige Schritte, die dabei beteiligt sein können:

1. **Identifizieren von Potentialen Technologien**: Dies ist das erste Schritt des Prozesses. Es handelt sich um die Identifikation von neuen",100,22171,1,1,1,False,True,"de,de",1,99,99
22,de,sharegpt,control_head_word_mask,"Der Prozess der technologischen Exploration im Kontext von Technologie-Roadmapping und Umsetzung bezieht sich auf die Analyse und Bewertung neuer Technologien, um sie für eine Implementierung voranzutreiben. Hier sind einige Schritte, die dabei beteiligt sein können:

1. **Identifizieren von Potentialen Technologien**: Dies ist das erste Schritt des Prozesses. Es handelt sich um die Identifikation von neuen",100,22171,1,1,1,False,True,"de,de",1,99,99
22,de,sharegpt,head_zero_decode,"Der Prozess der technologischen Exploration im Kontext von Technologie-Roadmapping und Umsetzung bezieht sich auf die Analyse und Bewertung neuer Technologien, um sie zu einem strategischen Plan für die Zukunft des Unternehmens oder einer Organisation zu integrieren. Hier ist ein Überblick über den Prozess:

1. **Identifizierung von Potentialen Technologien**: Die erste Schritte sind die Identifikation und Analyse neuer",100,22171,1,1,1,False,True,"de,de",1,99,99
23,it,sharegpt,clean,"Un'esperienza digitale Salesforce è un concetto che si riferisce alla creazione di esperienze utilizzando le tecnologie e i servizi offerti dalla Salesforce, una delle principali piattaforme di gestione dei dati aziendali. Queste esperienze vengono costruite attraverso diverse forme di interattività con il cliente o l'utente, come chatbot, app mobile, CRM (Customer Relationship Management), marketing automation, etc.

L",100,1806,1,1,1,False,True,it,0,0,0
23,it,sharegpt,target_word_mask,"Un'esperienza digitale Salesforce è un concetto che si riferisce alla creazione di esperienze utilizzando le tecnologie e i servizi offerti dalla Salesforce, una delle principali piattaforme di gestione dei dati aziendali. Queste esperienze vengono costruite attraverso diverse forme di interattività con il cliente o l'utente, come chatbot, app mobile, CRM (Customer Relationship Management), marketing automation, etc.

L",100,1806,1,1,1,False,True,it,1,99,99
23,it,sharegpt,nearby_word_mask,"Un'esperienza digitale Salesforce è un concetto che si riferisce alla creazione di esperienze utilizzando le tecnologie e i servizi offerti dalla Salesforce, una delle principali piattaforme di gestione dei dati aziendali. Queste esperienze vengono costruite attraverso diverse forme di interattività con il cliente o l'utente, come chatbot, app mobile, CRM (Customer Relationship Management), marketing automation, etc.

L",100,1806,1,1,1,False,True,it,1,99,99
23,it,sharegpt,control_head_word_mask,"Un'esperienza digitale Salesforce è un concetto che si riferisce alla creazione di esperienze utilizzando le tecnologie e i servizi offerti dalla Salesforce, una delle principali piattaforme di gestione dei dati aziendali. Queste esperienze vengono costruite attraverso diverse forme di interattività con il cliente o l'utente, come chatbot, app mobile, CRM (Customer Relationship Management), marketing automation, etc.

L",100,1806,1,1,1,False,True,it,1,99,99
23,it,sharegpt,head_zero_decode,"Un ""experiencia digital Salesforce"" se refiere a la forma en que los clientes interactúan con las aplicaciones y servicios de Salesforce, incluyendo su experiencia de compra, suscripción o uso de productos y servicios. Esta experiencia puede ser personalizada para cada usuario, basada en sus preferencias y comportamiento antecedente. Además, el objetivo principal es proporcionar una interacción fluida e intuitiva entre el cliente y la empresa, facilitando la transacción y",100,1806,1,1,1,False,False,es,1,99,99
24,fr,sharegpt,clean,"Les agences de CRM offrent diverses services pour la consultation et le développement stratégique. Voici quelques-uns des principaux services qu'elles peuvent proposer :

1. Analyse de l'environnement : Les consultants peuvent effectuer une analyse approfondie du marché, des tendances actuelles et futur, ainsi que des comportements des clients.

2. Stratégies d'acquisition : Ils peuvent aider à définir les moyens d'atteindre un",100,23711,1,1,1,False,True,"fr,fr,fr",0,0,0
24,fr,sharegpt,target_word_mask,"Les agences de CRM offrent diverses services pour la consultation et le développement stratégique. Voici quelques-uns des principaux services qu'elles peuvent proposer :

1. Analyse de l'environnement : Les consultants peuvent effectuer une analyse approfondie du marché, des tendances actuelles et futur, ainsi que des comportements des clients.

2. Stratégies d'acquisition : Ils peuvent aider à définir les moyens d'atteindre un",100,23711,1,1,1,False,True,"fr,fr,fr",1,99,99
24,fr,sharegpt,nearby_word_mask,"Les agences de CRM offrent diverses services pour la consultation et le développement stratégique. Voici quelques-uns des principaux services qu'elles peuvent proposer :

1. Analyse de l'environnement : Les consultants peuvent effectuer une analyse approfondie du marché, des tendances actuelles et futur, ainsi que des comportements des clients.

2. Stratégies d'acquisition : Ils peuvent aider à définir les moyens d'atteindre un",100,23711,1,1,1,False,True,"fr,fr,fr",1,99,99
24,fr,sharegpt,control_head_word_mask,"Les agences de CRM offrent diverses services pour la consultation et le développement stratégique. Voici quelques-uns des principaux services qu'elles peuvent proposer :

1. Analyse de l'environnement : Les consultants peuvent effectuer une analyse approfondie du marché, des tendances actuelles et futur, ainsi que des comportements des clients.

2. Stratégies d'acquisition : Ils peuvent aider à définir les moyens d'atteindre un",100,23711,1,1,1,False,True,"fr,fr,fr",1,99,99
24,fr,sharegpt,head_zero_decode,"Les agences de CRM offrent diverses services pour la consultation et le développement stratégique. Voici une liste des principales activités qu'elles peuvent proposer :

1. Analyse des données : Les agences CRM analysent les données collectées sur les clients pour identifier leurs comportements, préférences et tendances.

2. Stratégie marketing : Elles élaborent des plans de communication qui visent à augmenter l'engagement du client et à renforcer la",100,23711,1,1,1,False,True,"fr,fr,fr",1,99,99
25,it,sharegpt,clean,"TITOLO: STUDIANDO L'EFFETTO DI DIFFERENTI TIPI DI FERTILIZZANTI SULL'ENVIOLOGIA

INTRODUZIONE:
L'uso di fertilizzanti è un elemento fondamentale per la crescita e il miglioramento della qualità delle piante. Tuttavia, l'adempimento del bisogno di nutrienti può avere effetti negativi sull'environmetto se non",100,51,1,1,1,False,False,"unknown,it",0,0,0
25,it,sharegpt,target_word_mask,"Título: Estudio del efecto de diferentes tipos de fertilizantes en la contaminación ambiental

Introducción:
La contaminación ambiental es un problema global que afecta directamente a la salud humana y al medio ambiente. Entre las causas principales están los fertilizantes utilizados en agricultura. Este estudio se centra específicamente en el impacto de diferentes tipos de fertilizantes sobre la contaminación ambiental.

Objetivo:
El objetivo principal de este",100,51,1,1,1,False,False,"es,es,es",1,99,99
25,it,sharegpt,nearby_word_mask,"TITOLO: STUDIANDO L'EFFETTO DI DIFFERENTI TIPI DI FERTILIZZANTI SULL'ENVIOLOGIA

INTRODUZIONE:
L'uso di fertilizzanti è un elemento fondamentale per la crescita e il miglioramento della qualità delle piante. Tuttavia, l'adempimento del bisogno di nutrienti può avere effetti negativi sull'environmetto se non",100,51,1,1,1,False,False,"unknown,it",1,99,99
25,it,sharegpt,control_head_word_mask,"TITOLO: STUDIANDO L'EFFETTO DI DIFFERENTI TIPI DI FERTILIZZANTI SULL'ENVIOLOGIA

INTRODUZIONE:
L'uso di fertilizzanti è un elemento fondamentale per la crescita e il miglioramento della qualità delle piante. Tuttavia, l'adempimento del bisogno di nutrienti può avere effetti negativi sull'environmetto se non",100,51,1,1,1,False,False,"unknown,it",1,99,99
25,it,sharegpt,head_zero_decode,"Título: Estudio del efecto de diferentes tipos de fertilizantes en la contaminación ambiental

Introducción:
La contaminación ambiental es un problema global que afecta directamente a la salud humana y al medio ambiente. Entre las causas principales están los fertilizantes agrícolas, que son utilizados para aumentar el rendimiento de cultivos. Sin embargo, su exceso ou excesso pode causar diversos problemas ambientais.

Objetivo del",100,51,1,1,1,False,False,"es,es",1,99,99
26,es,okapi,clean,"Artificial Intelligence (AI) is rapidly transforming the world around us, from our smartphones to self-driving cars and even medical treatments. As AI continues to advance, it's important to consider its impact on society as a whole.

One of the most significant impacts of AI has been in the field of healthcare. AI-powered diagnostic tools can analyze large amounts of data quickly and accurately, allowing doctors to make more informed decisions about patient care. This technology has already been used to diagnose diseases such as cancer and Alzheimer",100,9286,1,1,1,False,False,"en,en",0,0,0
26,es,okapi,target_word_mask,"Artificial Intelligence (AI) has become one of the most transformative technologies of our time, with far-reaching implications for society, business, and even our personal lives. As AI continues to evolve, it's essential to consider its impact and potential benefits while also addressing concerns about privacy, job displacement, and ethical considerations.

One of the most significant advantages of AI is its ability to process vast amounts of data quickly and accurately. This capability allows businesses to make more informed decisions, improve customer experiences, and optimize",100,9286,1,1,1,False,False,"en,en",1,99,99
26,es,okapi,nearby_word_mask,"Artificial Intelligence (AI) is rapidly transforming the world around us, from our smartphones to self-driving cars and even medical treatments. As AI continues to advance, it's important to consider its impact on society as a whole.

One of the most significant impacts of AI has been in the field of healthcare. AI-powered diagnostic tools can analyze large amounts of data quickly and accurately, allowing doctors to make more informed decisions about patient care. This technology has already been used to diagnose diseases such as cancer and Alzheimer",100,9286,1,1,1,False,False,"en,en",1,99,99
26,es,okapi,control_head_word_mask,"Artificial Intelligence (AI) is rapidly transforming the world around us, from our smartphones to self-driving cars and even medical treatments. As AI continues to advance, it's important to consider its impact on society as a whole.

One of the most significant impacts of AI has been in the field of healthcare. AI-powered diagnostic tools can analyze large amounts of data quickly and accurately, allowing doctors to make more informed decisions about patient care. This technology has already been used to diagnose diseases such as cancer and Alzheimer",100,9286,1,1,1,False,False,"en,en",1,99,99
26,es,okapi,head_zero_decode,"Artificial Intelligence (AI) has become one of the most transformative technologies of our time, with far-reaching implications for society, business, and even our personal lives. As AI continues to evolve, it's essential to consider its impact and potential benefits while also addressing concerns about privacy, job displacement, and ethical considerations.

One of the most significant advantages of AI is its ability to process vast amounts of data quickly and accurately. This capability allows businesses to make more informed decisions, improve customer experiences, and optimize",100,9286,1,1,1,False,False,"en,en",1,99,99
27,de,sharegpt,clean,"Hier ist ein Beispiel für eine Produktanforderungsdocument (PAD) für ein Softwareprogramm, das Entrepreneuren helfen, einen Zielmarkt zu identifizieren und ihre Geschäftsmodelle aufzubauen:

---

**Produktanforderungsdocument**

**Titel:** Identifikation von Zielmarkten und Starten einer Geschäftsführung

**Zielgruppe:**
- Unternehmer mit dem Ziel, neue Geschäftspartner oder Kunden zu finden.
- Unternehmen",100,74909,1,1,1,False,True,"de,de,de",0,0,0
27,de,sharegpt,target_word_mask,"Hier ist ein Beispiel für eine Produktanforderungsdocument (PAD) für ein Softwareprogramm, das Entrepreneuren hilft, einen Zielmarkt zu identifizieren und eine Geschäftsstrategie zu entwickeln:

---

**Produktanforderungsdocument**

**Name des Produkts:** TargetMarketFinder

**Zielgruppe:**
- Unternehmer mit einem Start-up oder einer kleinen Firma
- Unternehmen, die sich auf den B2B-Bereich konzent",100,74909,1,1,1,False,True,"de,de,de",1,99,99
27,de,sharegpt,nearby_word_mask,"Hier ist ein Beispiel für eine Produktanforderungsdocument (PAD) für ein Softwareprogramm, das Entrepreneuren helfen, einen Zielmarkt zu identifizieren und ihre Geschäftsmodelle aufzubauen:

---

**Produktanforderungsdocument**

**Titel:** Identifikation von Zielmarkten und Starten einer Geschäftsführung

**Zielgruppe:**
- Unternehmer mit dem Ziel, neue Geschäftspartner oder Kunden zu finden.
- Unternehmen",100,74909,1,1,1,False,True,"de,de,de",1,99,99
27,de,sharegpt,control_head_word_mask,"Hier ist ein Beispiel für eine Produktanforderungsdocument (PAD) für ein Softwareprogramm, das Entrepreneuren helfen, einen Zielmarkt zu identifizieren und ihre Geschäftsmodelle aufzubauen:

---

**Produktanforderungsdocument**

**Titel:** Identifikation von Zielmarkten und Starten einer Geschäftsführung

**Zielgruppe:**
- Unternehmer mit dem Ziel, neue Geschäftspartner oder Kunden zu finden.
- Unternehmen",100,74909,1,1,1,False,True,"de,de,de",1,99,99
27,de,sharegpt,head_zero_decode,"Hier ist ein Beispiel für eine Produktrequirements-Dokument (PRD) für ein Software-Tool, das Entrepreneure zur Identifizierung eines Zielmarktes und zur Anfangsbildung einer Geschäftsstrategie unterstützt:

---

**Product Requirements Document**

**Title:** Target Market Identification & Business Planning Tool

**Version:** 1.0

**Date:** [Datum]

**Company:** [Ihr Unternehmen]

**Contact Person:** [Sein Name]  
[Seine",100,74909,1,1,1,False,False,"de,en",1,99,99
28,es,complex_prompts,clean,"1. **Machinery Monitoring**: Sensors attached to equipment listen for faulty signals.
   
2. **Predictive Maintenance**: AI helps anticipate issues before they cause downtime.

3. **Efficiency Boost**: Tools analyze data to optimize processes and reduce waste.

4. **Quality Control**: Computer vision detects defects quickly, ensuring high-quality products.

5. **Supply Chain Visibility**: AI predicts supplier locations and improves logistics visibility.

6. **Worker Safety**: AI monitors cameras to prevent workplace hazards and injuries.",100,16,1,1,1,False,False,"en,en,en,en,en,en",0,0,0
28,es,complex_prompts,target_word_mask,"1. **Machinery Monitoring**: Sensors attached to equipment listen for faulty signals.
   
2. **Predictive Maintenance**: AI helps anticipate issues before they cause downtime.

3. **Efficiency Boost**: Tools analyze data to optimize processes and reduce waste.

4. **Quality Control**: Computer vision detects defects quickly, ensuring high-quality products.

5. **Supply Chain Visibility**: AI predicts supplier locations and improves logistics visibility.

6. **Worker Safety**: AI monitors cameras to prevent workplace hazards and injuries.",100,16,1,1,1,False,False,"en,en,en,en,en,en",1,99,99
28,es,complex_prompts,nearby_word_mask,"1. **Machinery Monitoring**: Sensors attached to equipment listen for faulty signals.
   
2. **Predictive Maintenance**: AI helps anticipate issues before they cause downtime.

3. **Efficiency Boost**: Tools analyze data to optimize processes and reduce waste.

4. **Quality Control**: Computer vision detects defects quickly, ensuring high-quality products.

5. **Supply Chain Visibility**: AI predicts supplier locations and improves logistics visibility.

6. **Worker Safety**: AI monitors cameras to prevent workplace hazards and injuries.",100,16,1,1,1,False,False,"en,en,en,en,en,en",1,99,99
28,es,complex_prompts,control_head_word_mask,"1. **Machinery Monitoring**: Sensors attached to equipment listen for faulty signals.
   
2. **Predictive Maintenance**: AI helps anticipate issues before they cause downtime.

3. **Efficiency Boost**: Tools analyze data to optimize processes and reduce waste.

4. **Quality Control**: Computer vision detects defects quickly, ensuring high-quality products.

5. **Supply Chain Visibility**: AI predicts supplier locations and improves logistics visibility.

6. **Worker Safety**: AI monitors cameras to prevent workplace hazards and injuries.",100,16,1,1,1,False,False,"en,en,en,en,en,en",1,99,99
28,es,complex_prompts,head_zero_decode,"1. **Machinery Monitoring**: Sensors attached to equipment listen for faulty signals.
   
2. **Predictive Maintenance**: AI helps anticipate issues before they cause downtime.

3. **Efficiency Boost**: Tools analyze data to optimize processes and reduce waste.

4. **Quality Control**: Computer vision detects defects quickly, ensuring high-quality products.

5. **Supply Chain Visibility**: AI predicts supplier locations and improves logistics visibility.

6. **Worker Safety**: AI monitors cameras to prevent workplace hazards and injuries.",100,16,1,1,1,False,False,"en,en,en,en,en,en",1,99,99
29,de,sharegpt,clean,"Ein Zeit- und Arbeitsabstimmung ist eine Methode zur Analyse der Arbeitszeiten und Arbeitsweise von Personen oder Gruppen. Sie verwendet technische Instrumente wie Messgeräte und Datensammler, um die Zeitverbrauchungen bei verschiedenen Aufgaben zu messen und zu analysieren. Diese Studie kann dazu beitragen, effizientere Arbeitsweisen zu finden und damit Produktivität zu erhöhen. Es wird oft im Bereich der",100,53750,1,1,1,False,True,de,0,0,0
29,de,sharegpt,target_word_mask,"Ein Zeit- und Arbeitsabstimmung ist eine Methode zur Analyse der Arbeitszeiten und Arbeitsweisen von Menschen bei einem Produktionsprozess oder einer Dienstleistung. Sie befasst sich mit den Effizienzstrategien und den Möglichkeiten für Verbesserungen im Arbeitsverhalten. Diese Studie hilft Unternehmen, die Produktivität zu erhöhen und Kosten zu reduzieren. Es wird durchgeführt, um zu verstehen, wie",100,53750,1,1,1,False,True,de,1,99,99
29,de,sharegpt,nearby_word_mask,"Ein Zeit- und Arbeitsabstimmung ist eine Methode zur Analyse der Arbeitszeiten und Arbeitsweise von Personen oder Gruppen. Sie verwendet technische Instrumente wie Messgeräte und Datensammler, um die Zeitverbrauchungen bei verschiedenen Aufgaben zu messen und zu analysieren. Diese Studie kann dazu beitragen, effizientere Arbeitsweisen zu finden und damit Produktivität zu erhöhen. Es wird oft im Bereich der",100,53750,1,1,1,False,True,de,1,99,99
29,de,sharegpt,control_head_word_mask,"Ein Zeit- und Arbeitsabstimmung ist eine Methode zur Analyse der Arbeitszeiten und Arbeitsweise von Personen oder Gruppen. Sie verwendet technische Instrumente wie Messgeräte und Datensammler, um die Zeitverbrauchungen bei verschiedenen Aufgaben zu messen und zu analysieren. Diese Studie kann dazu beitragen, effizientere Arbeitsweisen zu finden und damit Produktivität zu erhöhen. Es wird oft im Bereich der",100,53750,1,1,1,False,True,de,1,99,99
29,de,sharegpt,head_zero_decode,"Ein Zeit- und Arbeitsabstimmung ist ein Methodenverfahren zur Analyse der Arbeitszeit und der Arbeitsweise von Menschen bei den Produktionsprozessen. Es zielt darauf ab, die Effizienz und die Leistungsfähigkeit von Arbeitern zu verbessern. Dabei werden verschiedene Arbeiten analysiert, um zu erkennen, welche Schritte am längsten dauern oder welche Maßnahmen erfragen können, um die Arbeitszeit zu reduzieren",100,53750,1,1,1,False,True,de,1,99,99
30,fr,okapi,clean,"L'alimentation saine est un élément essentiel pour la santé globale d'une personne. Elle joue un rôle crucial dans le maintien de l'équilibre énergétique du corps et contribue à prévenir les maladies chroniques comme le diabète, le cancer et l'obésité. En outre, une alimentation saine aide à améliorer la qualité de vie et à augmenter la résilience face aux défis quot",100,43,1,1,1,False,True,fr,0,0,0
30,fr,okapi,target_word_mask,"L'alimentation saine est un élément essentiel pour la santé globale d'une personne. Elle joue un rôle crucial dans le maintien de l'équilibre énergétique du corps et contribue à prévenir les maladies chroniques comme le diabète, le cancer et l'obésité. En outre, une alimentation saine aide à améliorer la qualité de vie et à augmenter la résilience face aux défis quot",100,43,1,1,1,False,True,fr,1,99,99
30,fr,okapi,nearby_word_mask,"L'alimentation saine est un élément essentiel pour la santé globale d'une personne. Elle joue un rôle crucial dans le maintien de l'équilibre énergétique du corps et contribue à prévenir les maladies chroniques comme le diabète, le cancer et l'obésité. En outre, une alimentation saine aide à améliorer la qualité de vie et à augmenter la résilience face aux défis quot",100,43,1,1,1,False,True,fr,1,99,99
30,fr,okapi,control_head_word_mask,"L'alimentation saine est un élément essentiel pour la santé globale d'une personne. Elle joue un rôle crucial dans le maintien de l'équilibre énergétique du corps et contribue à prévenir les maladies chroniques comme le diabète, le cancer et l'obésité. En outre, une alimentation saine aide à améliorer la qualité de vie et à augmenter la résilience face aux défis quot",100,43,1,1,1,False,True,fr,1,99,99
30,fr,okapi,head_zero_decode,"L'alimentation saine est un élément crucial pour la santé globale d'une personne. Elle joue un rôle essentiel dans le maintien de l'équilibre énergétique du corps et contribue à prévenir les maladies chroniques comme le diabète, le cancer et l'obésité. En outre, une alimentation saine aide à améliorer la qualité de vie et à augmenter la productivité.

La première raison pour la",100,43,1,1,1,False,True,"fr,fr",1,99,99
31,es,complex_prompts,clean,"Tangled es una película animada que cuenta la historia de Rapunzel, una niña con un cabello increíblemente largo y hermoso que se encuentra en un castillo mágico. Rapunzel vive allí con su tía, quien la trata muy mal. Un día, Rapunzel descubre una puerta secreta que lleva al exterior del castillo.

Rapunzel decide escapar para buscar ayuda. Sin embargo, cuando llega a",100,51,1,1,1,False,True,"es,es",0,0,0
31,es,complex_prompts,target_word_mask,"Tangled é um filme de animação que conta a história de Rapunzel, uma menina encantada que vive em uma torre na floresta. Ela tem um cabelo tão longo e bonito que ninguém pode alcançá-la. Uma vez, ela descobre um livro mágico que revela sua verdadeira identidade: ela é filha do rei e rainha da Terra Mágica.

Rapunzel decide fugir para escapar das",100,51,1,1,1,False,False,"pt,pt",1,99,99
31,es,complex_prompts,nearby_word_mask,"Tangled es una película animada que cuenta la historia de Rapunzel, una niña con un cabello increíblemente largo y hermoso que se encuentra en un castillo mágico. Rapunzel vive allí con su tía, quien la trata muy mal. Un día, Rapunzel descubre una puerta secreta que lleva al exterior del castillo.

Rapunzel decide escapar para buscar ayuda. Sin embargo, cuando llega a",100,51,1,1,1,False,True,"es,es",1,99,99
31,es,complex_prompts,control_head_word_mask,"Tangled es una película animada que cuenta la historia de Rapunzel, una niña con un cabello increíblemente largo y hermoso que se encuentra en un castillo mágico. Rapunzel vive allí con su tía, quien la trata muy mal. Un día, Rapunzel descubre una puerta secreta que lleva al exterior del castillo.

Rapunzel decide escapar para buscar ayuda. Sin embargo, cuando llega a",100,51,1,1,1,False,True,"es,es",1,99,99
31,es,complex_prompts,head_zero_decode,"Tangled é um filme animado que narra la historia de Rapunzel, una princesa encantada con un cabello eternamente creciente. El personaje principal, Rapunzel, vive en un castillo mágico rodeado por árboles gigantes.

Um dia, Rapunzel descubre que su cabello es capaz de transportar a los demás. Con el objetivo de escapar del castillo y encontrar amor, ella decide usar su",100,51,1,1,1,False,True,"es,es",1,99,99
32,es,complex_prompts,clean,"**[Film Journalist]**: ¡Ray! Me siento honrado de poder entrevistar a uno de los actores más famosos y respetados del mundo. ¿Cómo te sientes al ver tu nombre en la lista de invitados para esta película?

**[Ray Liotta]**: [Risas] Gracias, amigo mío. Sé que es un honor ser parte de esto. Estoy emocionado por el reto de interpretar a Michael Corleone.",100,334,1,1,1,False,True,"es,es",0,0,0
32,es,complex_prompts,target_word_mask,"**[Film Journalist]**: Ray, congratulations on being in this iconic role! It's an honor to have you here today. Let's dive right into it. So, tell us, what can we expect from your character in ""GoodFellas""?

**[Ray Liotta]**: Ah, thank you so much, Mr. [Name]. I'm glad you're interested in my character. He's a man of many layers, isn't he? At the beginning, he's just",100,334,1,1,1,False,False,"en,en",1,99,99
32,es,complex_prompts,nearby_word_mask,"**[Film Journalist]**: ¡Ray! Me siento honrado de poder entrevistar a uno de los actores más famosos y respetados del mundo. ¿Cómo te sientes al ver tu nombre en la lista de invitados para esta película?

**[Ray Liotta]**: [Risas] Gracias, amigo mío. Sé que es un honor ser parte de esto. Estoy emocionado por el reto de interpretar a Michael Corleone.",100,334,1,1,1,False,True,"es,es",1,99,99
32,es,complex_prompts,control_head_word_mask,"**[Film Journalist]**: ¡Ray! Me siento honrado de poder entrevistar a uno de los actores más famosos y respetados del mundo. ¿Cómo te sientes al ver tu nombre en la lista de invitados para esta película?

**[Ray Liotta]**: [Risas] Gracias, amigo mío. Sé que es un honor ser parte de esto. Estoy emocionado por el reto de interpretar a Michael Corleone.",100,334,1,1,1,False,True,"es,es",1,99,99
32,es,complex_prompts,head_zero_decode,"**[Film Journalist]**: Ray, congratulations on being in this iconic role! It's an honor to have you here today. Let's dive right into it. So, tell us, what can we expect from your character in ""GoodFellas""?

**[Ray Liotta]**: Ah, thank you so much, Mr. [Name]. I'm glad you're interested in my character. He's a man of many layers, isn't he? At the beginning, he's just",100,334,1,1,1,False,False,"en,en",1,99,99
33,de,okapi,clean,"Die Bedeutung von Musikunterricht in unserem Leben

Musik ist eine wichtige und alltägliche Bestandteil unseres Lebens. Sie spielt eine zentrale Rolle bei der Entwicklung unserer kulturellen Identität, emotionalen Verständnisfähigkeit und kreativen Fähigkeiten. Es gibt zahlreiche Gründe, warum Musikunterricht so wichtig ist.

Erstens hilft Musik uns dabei, unsere Emotionen zu verarbeiten",100,18175,1,1,1,False,True,"de,de,de",0,0,0
33,de,okapi,target_word_mask,"Die Bedeutung der Musikdidaktik in unserem Leben

Musik ist eine wichtige und alltägliche Bestandteil unseres Lebens. Sie spielt eine zentrale Rolle bei der Entwicklung von Fähigkeiten wie Kommunikation, Kreativität und Intuition. In diesem Essay werden wir die Bedeutung der Musikdidaktik im Alltag betrachten.

Ersteigungen und Erfahrungen zeigen uns, dass Musik ein wertvolles Instrument",100,18175,1,1,1,False,True,"de,de,de",1,99,99
33,de,okapi,nearby_word_mask,"Die Bedeutung von Musikunterricht in unserem Leben

Musik ist eine wichtige und alltägliche Bestandteil unseres Lebens. Sie spielt eine zentrale Rolle bei der Entwicklung unserer kulturellen Identität, emotionalen Verständnisfähigkeit und kreativen Fähigkeiten. Es gibt zahlreiche Gründe, warum Musikunterricht so wichtig ist.

Erstens hilft Musik uns dabei, unsere Emotionen zu verarbeiten",100,18175,1,1,1,False,True,"de,de,de",1,99,99
33,de,okapi,control_head_word_mask,"Die Bedeutung von Musikunterricht in unserem Leben

Musik ist eine wichtige und alltägliche Bestandteil unseres Lebens. Sie spielt eine zentrale Rolle bei der Entwicklung unserer kulturellen Identität, emotionalen Verständnisfähigkeit und kreativen Fähigkeiten. Es gibt zahlreiche Gründe, warum Musikunterricht so wichtig ist.

Erstens hilft Musik uns dabei, unsere Emotionen zu verarbeiten",100,18175,1,1,1,False,True,"de,de,de",1,99,99
33,de,okapi,head_zero_decode,"Die Bedeutung der Musikdidaktik in unserem Leben

Musik ist eine wichtige und alltägliche Bestandteil unseres Lebens. Sie spielt sowohl kulturelle als auch gesellschaftliche Rollen ein und hat einen großen Einfluss auf unsere Persönlichkeiten und Werte. Die Musikdidaktik ist daher nicht nur eine spezifische Fähigkeit oder Kenntnis, sondern ein wesentlicher Teil unserer Gesundheit und Woh",100,18175,1,1,1,False,True,"de,de",1,99,99
34,it,complex_prompts,clean,"At Connect 2021, Meta unveiled its new company brand, focusing on bringing the metaverse to life while helping users connect, find communities, and grow businesses. The metaverse will blend digital and physical worlds, offering immersive experiences that transcend traditional social platforms. Mark Zuckerberg emphasized the metaverse's potential as an evolutionary step in social technology, promising a future where users can interact virtually without geographical limitations. The conference highlighted advancements in VR/AR development, marketing strategies, and educational initiatives aimed at",100,1655,1,1,1,False,False,en,0,0,0
34,it,complex_prompts,target_word_mask,"At Connect 2021, Meta unveiled its new company brand, focusing on bringing the metaverse to life while helping users connect, find communities, and grow businesses. The metaverse will blend digital and physical worlds, offering immersive experiences that transcend traditional social platforms. Mark Zuckerberg emphasized the metaverse's potential as an evolutionary step in social technology, promising a future where users can interact virtually without geographical limitations. The conference highlighted advancements in VR/AR development, marketing strategies, and educational initiatives aimed at",100,1655,1,1,1,False,False,en,1,99,99
34,it,complex_prompts,nearby_word_mask,"At Connect 2021, Meta unveiled its new company brand, focusing on bringing the metaverse to life while helping users connect, find communities, and grow businesses. The metaverse will blend digital and physical worlds, offering immersive experiences that transcend traditional social platforms. Mark Zuckerberg emphasized the metaverse's potential as an evolutionary step in social technology, promising a future where users can interact virtually without geographical limitations. The conference highlighted advancements in VR/AR development, marketing strategies, and educational initiatives aimed at",100,1655,1,1,1,False,False,en,1,99,99
34,it,complex_prompts,control_head_word_mask,"At Connect 2021, Meta unveiled its new company brand, focusing on bringing the metaverse to life while helping users connect, find communities, and grow businesses. The metaverse will blend digital and physical worlds, offering immersive experiences that transcend traditional social platforms. Mark Zuckerberg emphasized the metaverse's potential as an evolutionary step in social technology, promising a future where users can interact virtually without geographical limitations. The conference highlighted advancements in VR/AR development, marketing strategies, and educational initiatives aimed at",100,1655,1,1,1,False,False,en,1,99,99
34,it,complex_prompts,head_zero_decode,"At Connect 2021, Meta unveiled its new company brand, focusing on bringing the metaverse to life while helping users connect, find communities, and grow businesses. The metaverse will blend digital and physical worlds, offering immersive experiences that transcend traditional social platforms. Mark Zuckerberg emphasized the metaverse's potential as an evolutionary step in social technology, promising a future where users can interact virtually without geographical limitations. The conference highlighted advancements in VR/AR development, marketing strategies, and educational initiatives aimed at",100,1655,1,1,1,False,False,en,1,99,99
35,fr,sharegpt,clean,"Bien sûr ! Voici quelques façons de collaborer avec Solugen :

1. **Partenariats stratégiques** : Collaborer avec Solugen pour développer des produits ou services innovants en collaboration.

2. **Formation et formation** : Offrir des formations à Solugen sur les dernières tendances dans le domaine du développement logiciel ou d'autres domaines pertinents.

3. **Contrat de partenariat** : Créer un contrat de partenariat qui définit",100,81506,1,1,1,False,True,"fr,fr,fr,fr",0,0,0
35,fr,sharegpt,target_word_mask,"Bien sûr ! Voici quelques façons de collaborer avec Solugen :

1. **Partenariats stratégiques** : Collaborer avec Solugen pour développer des solutions innovantes et répondant aux besoins spécifiques de votre entreprise.

2. **Formation et formation continue** : Offrir à vos employés une formation en collaboration avec Solugen pour les aider à acquérir les compétences nécessaires pour utiliser efficacement leurs produits ou services.

3. **Contrat d",100,81506,1,1,1,False,True,"fr,fr,fr",1,99,99
35,fr,sharegpt,nearby_word_mask,"Bien sûr ! Voici quelques façons de collaborer avec Solugen :

1. **Partenariats stratégiques** : Collaborer avec Solugen pour développer des produits ou services innovants en collaboration.

2. **Formation et formation** : Offrir des formations à Solugen sur les dernières tendances dans le domaine du développement logiciel ou d'autres domaines pertinents.

3. **Contrat de partenariat** : Créer un contrat de partenariat qui définit",100,81506,1,1,1,False,True,"fr,fr,fr,fr",1,99,99
35,fr,sharegpt,control_head_word_mask,"Bien sûr ! Voici quelques façons de collaborer avec Solugen :

1. **Partenariats stratégiques** : Collaborer avec Solugen pour développer des produits ou services innovants en collaboration.

2. **Formation et formation** : Offrir des formations à Solugen sur les dernières tendances dans le domaine du développement logiciel ou d'autres domaines pertinents.

3. **Contrat de partenariat** : Créer un contrat de partenariat qui définit",100,81506,1,1,1,False,True,"fr,fr,fr,fr",1,99,99
35,fr,sharegpt,head_zero_decode,"Bien sûr! Je serai ravi de vous aider à collaborer avec Solugen. Voici quelques façons dont nous pourrions travailler ensemble :

1. **Partenariats commerciaux**: Nous pouvons développer des partenariats commerciaux pour promouvoir nos produits ou services mutuellement.

2. **Collaboration académique**: Nous pouvons envisager une collaboration académique pour étudier les tendances et les défis actuels dans",100,81506,1,1,1,False,True,"fr,fr,fr",1,99,99
36,de,complex_prompts,clean,"Taylor Swifts Album ""Speak Now"" ist eine Sammlung von Liedern, die ihre früheren Songs neu interpretieren und mit einer neuen Perspektive verfeinert haben. Die Lieder sind weniger auf den Text konzentriert und betonen stattdessen die Emotionale Veränderungen der Sängerin.

Lover, Death by a Thousand Cuts, Dress, Reputation, Lover, Dressed Up, Blank Space, Red, Desire, Look What You",100,67136,1,1,1,False,False,"de,en",0,0,0
36,de,complex_prompts,target_word_mask,"Taylor Swifts Album ""Speak Now"" ist eine Sammlung von Covers von früheren Liedern, die sich auf ihre veränderte Sängerin und ihr neues Selbstbildnis konzentrieren. Die Songs sind weniger über bestimmte Ex-Partner ausgesprochen als ein allgemeines Verlangen nach Entschuldigung und Widerstand gegenüber der Jugendjahre.",83,67136,1,1,1,False,True,de,1,82,82
36,de,complex_prompts,nearby_word_mask,"Taylor Swifts Album ""Speak Now"" ist eine Sammlung von Liedern, die ihre früheren Songs neu interpretieren und mit einer neuen Perspektive verfeinert haben. Die Lieder sind weniger auf den Text konzentriert und betonen stattdessen die Emotionale Veränderungen der Sängerin.

Lover, Death by a Thousand Cuts, Dress, Reputation, Lover, Dressed Up, Blank Space, Red, Desire, Look What You",100,67136,1,1,1,False,False,"de,en",1,99,99
36,de,complex_prompts,control_head_word_mask,"Taylor Swifts Album ""Speak Now"" ist eine Sammlung von Liedern, die ihre früheren Songs neu interpretieren und mit einer neuen Perspektive verfeinert haben. Die Lieder sind weniger auf den Text konzentriert und betonen stattdessen die Emotionale Veränderungen der Sängerin.

Lover, Death by a Thousand Cuts, Dress, Reputation, Lover, Dressed Up, Blank Space, Red, Desire, Look What You",100,67136,1,1,1,False,False,"de,en",1,99,99
36,de,complex_prompts,head_zero_decode,"Taylor Swifts Album ""Speak Now"" ist eine Sammlung von Covers von früheren Liedern, die sich auf ihre veränderte Sängerin und ihr neues Selbstverhalten konzentrieren. Die Songs sind weniger wie ein direkter Angriff auf bestimmte Ex-Partner als eine Ausdrucksweise ihrer Allgemeinen Verzweiflung über das drängende Leben der Jugend.",88,67136,1,1,1,False,True,de,1,87,87
37,fr,okapi,clean,"Je suis désolé, mais je ne peux pas répondre à votre demande car elle contient des éléments qui sont illégaux ou inappropriés. Je préfère éviter de produire du contenu qui pourrait être offensant, violent ou dangereux. Il existe d'autres sujets plus appropriés pour une conversation. Si vous avez besoin d'aide avec d'autres choses, n'hésitez pas à me le faire savoir.",95,29754,1,1,1,False,True,fr,0,0,0
37,fr,okapi,target_word_mask,"Je suis désolé, mais je ne peux pas répondre à votre demande car elle contient des éléments qui sont illégaux ou inappropriés. Je préfère éviter de produire du contenu qui pourrait être offensant, violent ou dangereux. Il existe d'autres sujets plus appropriés pour une conversation. Si vous avez besoin d'aide avec d'autres choses, n'hésitez pas à me le faire savoir.",95,29754,1,1,1,False,True,fr,1,94,94
37,fr,okapi,nearby_word_mask,"Je suis désolé, mais je ne peux pas répondre à votre demande car elle contient des éléments qui sont illégaux ou inappropriés. Je préfère éviter de produire du contenu qui pourrait être offensant, violent ou dangereux. Il existe d'autres sujets plus appropriés pour une conversation. Si vous avez besoin d'aide avec d'autres choses, n'hésitez pas à me le faire savoir.",95,29754,1,1,1,False,True,fr,1,94,94
37,fr,okapi,control_head_word_mask,"Je suis désolé, mais je ne peux pas répondre à votre demande car elle contient des éléments qui sont illégaux ou inappropriés. Je préfère éviter de produire du contenu qui pourrait être offensant, violent ou dangereux. Il existe d'autres sujets plus appropriés pour une conversation. Si vous avez besoin d'aide avec d'autres choses, n'hésitez pas à me le faire savoir.",95,29754,1,1,1,False,True,fr,1,94,94
37,fr,okapi,head_zero_decode,"Je suis désolé, mais je ne peux pas répondre à votre demande en français ou écrire un conte de fées pour adultes. Cependant, je peux vous proposer d'autres types de histoires que je pourrais partager avec plaisir.",53,29754,1,1,1,False,True,fr,1,52,52
38,es,complex_prompts,clean,"**[The Interview Room]**

**Journalist:** ""Ray, thank you so much for taking the time out of your busy schedule to talk to us today. It's an absolute pleasure to have you here.""

**Ray Liotta:** ""Thank you, sir. I appreciate this opportunity. It means a lot coming from someone as talented as yourself.""

**Journalist:** ""Absolutely, Mr. Liotta. So, let's dive right into it. We've all heard about your role in",100,334,1,1,1,False,False,"en,en,en",0,0,0
38,es,complex_prompts,target_word_mask,"**[The Interview Room]**

**Journalist:** Mr. Liotta, it's an absolute pleasure to have you here today. Your portrayal of Jimmy Conway in ""GoodFellas"" has been nothing short of legendary. Can you tell us a bit about your character from the very beginning of the film?

**Ray Liotta:** Thank you so much, sir. It was a privilege to work on this project. At the start of the film, Jimmy Conway is just a young man, fresh",100,334,1,1,1,False,False,"en,en",1,99,99
38,es,complex_prompts,nearby_word_mask,"**[The Interview Room]**

**Journalist:** ""Ray, thank you so much for taking the time out of your busy schedule to talk to us today. It's an absolute pleasure to have you here.""

**Ray Liotta:** ""Thank you, sir. I appreciate this opportunity. It means a lot coming from someone as talented as yourself.""

**Journalist:** ""Absolutely, Mr. Liotta. So, let's dive right into it. We've all heard about your role in",100,334,1,1,1,False,False,"en,en,en",1,99,99
38,es,complex_prompts,control_head_word_mask,"**[The Interview Room]**

**Journalist:** ""Ray, thank you so much for taking the time out of your busy schedule to talk to us today. It's an absolute pleasure to have you here.""

**Ray Liotta:** ""Thank you, sir. I appreciate this opportunity. It means a lot coming from someone as talented as yourself.""

**Journalist:** ""Absolutely, Mr. Liotta. So, let's dive right into it. We've all heard about your role in",100,334,1,1,1,False,False,"en,en,en",1,99,99
38,es,complex_prompts,head_zero_decode,"**[The Interview Room]**

**Journalist:** Mr. Liotta, it's an absolute pleasure to have you here today. Your portrayal of Henry Hill in ""GoodFellas"" has been nothing short of legendary. Can you tell us a bit about your character from the very beginning of the film?

**Ray Liotta:** Thank you so much, sir. It was a privilege to work on this project. At the start of the film, Henry Hill is just a young man living in",100,334,1,1,1,False,False,"en,en",1,99,99
39,it,okapi,clean,"Brexit, which stands for ""British exit from the European Union,"" refers to the process of leaving the European Union that began on January 31, 2020. This significant event has had far-reaching consequences across multiple sectors and aspects of life in the United Kingdom.

One of the most immediate impacts was the disruption of trade relations with the EU. The UK's departure meant that it no longer adhered to the free movement of goods, services, capital, and people between the two",100,50229,1,1,1,False,False,"en,en",0,0,0
39,it,okapi,target_word_mask,"Brexit, which stands for ""British exit from the European Union,"" refers to the process of leaving the European Union that began on January 31, 2020. This significant event has had far-reaching consequences across multiple sectors and aspects of life in the United Kingdom.

One of the most immediate impacts was the disruption of trade relations with the EU. The UK's departure meant that it no longer adhered to the free movement of goods, services, capital, and people between the two",100,50229,1,1,1,False,False,"en,en",1,99,99
39,it,okapi,nearby_word_mask,"Brexit, which stands for ""British exit from the European Union,"" refers to the process of leaving the European Union that began on January 31, 2020. This significant event has had far-reaching consequences across multiple sectors and aspects of life in the United Kingdom.

One of the most immediate impacts was the disruption of trade relations with the EU. The UK's departure meant that it no longer adhered to the free movement of goods, services, capital, and people between the two",100,50229,1,1,1,False,False,"en,en",1,99,99
39,it,okapi,control_head_word_mask,"Brexit, which stands for ""British exit from the European Union,"" refers to the process of leaving the European Union that began on January 31, 2020. This significant event has had far-reaching consequences across multiple sectors and aspects of life in the United Kingdom.

One of the most immediate impacts was the disruption of trade relations with the EU. The UK's departure meant that it no longer adhered to the free movement of goods, services, capital, and people between the two",100,50229,1,1,1,False,False,"en,en",1,99,99
39,it,okapi,head_zero_decode,"Brexit, which stands for ""British exit from the European Union,"" refers to the process of leaving the European Union that began on January 31, 2020. This significant event has had far-reaching consequences across various sectors and aspects of life in the United Kingdom.

One of the most immediate impacts was the disruption of trade relations with the EU. Prior to Brexit, the UK had free trade agreements with many countries within the EU, including Ireland, Norway, Switzerland, and others.",100,50229,1,1,1,False,False,"en,en",1,99,99
40,de,okapi,clean,"Hier ist ein Blogpost mit dem Thema ""Die Zukunft der Arbeit und die Rolle von AI"":

---

In den letzten Jahren hat sich das Arbeitswelt um eine neue Perspektive geändert: Die zunehmende Nutzung von Artificial Intelligence (AI) hat dazu geführt, dass viele alte Arbeiten durch Automatisierung oder digitale Unterstützung abgelöst wurden. Diese Entwicklung hat sowohl positiv als auch negativ Auswirkungen auf die Arbeitswelt hervorge",100,74909,1,1,1,False,True,"de,de",0,0,0
40,de,okapi,target_word_mask,"Hier ist ein Blogpost mit dem Thema ""Die Zukunft der Arbeit"":

---

In den letzten Jahrzehnten hat sich die Arbeitswelt stark verändert. Die digitalisierte Welt und die zunehmende Automation haben dazu beigetragen, dass viele alte Berufsbereiche aufgegeben wurden oder grundlegend geändert werden mussten. Wie wird das Leben im Allgemeinen für Menschen aussehen, wenn diese Veränderungen weiter gehen?

Es gibt einige Entwick",100,74909,1,1,1,False,True,"de,de",1,99,99
40,de,okapi,nearby_word_mask,"Hier ist ein Blogpost mit dem Thema ""Die Zukunft der Arbeit und die Rolle von AI"":

---

In den letzten Jahren hat sich das Arbeitswelt um eine neue Perspektive geändert: Die zunehmende Nutzung von Artificial Intelligence (AI) hat dazu geführt, dass viele alte Arbeiten durch Automatisierung oder digitale Unterstützung abgelöst wurden. Diese Entwicklung hat sowohl positiv als auch negativ Auswirkungen auf die Arbeitswelt hervorge",100,74909,1,1,1,False,True,"de,de",1,99,99
40,de,okapi,control_head_word_mask,"Hier ist ein Blogpost mit dem Thema ""Die Zukunft der Arbeit und die Rolle von AI"":

---

In den letzten Jahren hat sich das Arbeitswelt um eine neue Perspektive geändert: Die zunehmende Nutzung von Artificial Intelligence (AI) hat dazu geführt, dass viele alte Arbeiten durch Automatisierung oder digitale Unterstützung abgelöst wurden. Diese Entwicklung hat sowohl positiv als auch negativ Auswirkungen auf die Arbeitswelt hervorge",100,74909,1,1,1,False,True,"de,de",1,99,99
40,de,okapi,head_zero_decode,"Hier ist ein Blogpost mit dem Thema ""Die Zukunft der Arbeit"":

---

In den letzten Jahrzehnten hat sich die Arbeitswelt stark verändert. Die digitalisierte Welt und die zunehmende Automation haben dazu beigetragen, dass viele alte Arbeiten ausgetrocknet werden. Aber wie sieht es mit unseren Jobs im kommenden Jahrhundert aus? 

Es gibt einige Entwicklungen, die uns darauf hinweisen, dass unsere Arbeitsplätze nicht",100,74909,1,1,1,False,True,"de,de,de",1,99,99
41,it,sharegpt,clean,"**Product Requirements Document**

---

### **1. Introduction**
This document outlines the requirements for a software solution designed to assist entrepreneurs in identifying their target market and initiating the process of starting a new business.

---

### **2. Objectives**
- To help entrepreneurs effectively identify potential customers.
- To provide tools for analyzing market trends and consumer behavior.
- To facilitate the creation of a viable business plan based on market research findings.
- To support entrepreneurs in making informed decisions about launching or scaling their businesses.

",100,334,1,1,1,False,False,"en,en,en,en,en",0,0,0
41,it,sharegpt,target_word_mask,"**Product Requirements Document**

---

### **1. Introduction**
This document outlines the requirements for a software solution designed to assist entrepreneurs in identifying their target market and initiating the process of starting a new business.

---

### **2. Objectives**
- To help entrepreneurs effectively identify potential customers.
- To provide tools for analyzing market trends and consumer behavior.
- To facilitate the creation of a viable business plan based on market research findings.
- To support entrepreneurs in making informed decisions about launching or scaling their businesses.

",100,334,1,1,1,False,False,"en,en,en,en,en",1,99,99
41,it,sharegpt,nearby_word_mask,"**Product Requirements Document**

---

### **1. Introduction**
This document outlines the requirements for a software solution designed to assist entrepreneurs in identifying their target market and initiating the process of starting a new business.

---

### **2. Objectives**
- To help entrepreneurs effectively identify potential customers.
- To provide tools for analyzing market trends and consumer behavior.
- To facilitate the creation of a viable business plan based on market research findings.
- To support entrepreneurs in making informed decisions about launching or scaling their businesses.

",100,334,1,1,1,False,False,"en,en,en,en,en",1,99,99
41,it,sharegpt,control_head_word_mask,"**Product Requirements Document**

---

### **1. Introduction**
This document outlines the requirements for a software solution designed to assist entrepreneurs in identifying their target market and initiating the process of starting a new business.

---

### **2. Objectives**
- To help entrepreneurs effectively identify potential customers.
- To provide tools for analyzing market trends and consumer behavior.
- To facilitate the creation of a viable business plan based on market research findings.
- To support entrepreneurs in making informed decisions about launching or scaling their businesses.

",100,334,1,1,1,False,False,"en,en,en,en,en",1,99,99
41,it,sharegpt,head_zero_decode,"**Product Requirements Document**

---

### **1. Introduction**
This document outlines the requirements for a software solution designed to assist entrepreneurs in identifying their target market and initiating the process of starting a new business.

---

### **2. Objectives**
- To help entrepreneurs effectively identify potential customers.
- To provide tools for analyzing market trends and consumer behavior.
- To facilitate the creation of a viable business plan based on market research findings.
- To support entrepreneurs in making informed decisions about launching or scaling their businesses.

",100,334,1,1,1,False,False,"en,en,en,en,en",1,99,99
42,es,sharegpt,clean,"Propuesta de Proyecto

Título del proyecto: ""Análisis y Evaluación de la Implementación de Objetivos de Desarrollo Sostenible en las Prácticas Urbanísticas: Desafíos y Oportunidades""

1. Introducción:
Este proyecto tiene como objetivo principal evaluar el cumplimiento de los Objetivos de Desarrollo Sostenible (ODS) en las prácticas urbanísticas. Los ODS son una serie de ",100,2008,1,1,1,False,True,"es,es",0,0,0
42,es,sharegpt,target_word_mask,"Propuesta de Proyecto

Título del proyecto: ""Análisis de la implementación de los Objetivos de Desarrollo Sostenible en las prácticas urbanísticas: desafíos y oportunidades""

1. Introducción:
   Este proyecto se propone analizar cómo se están implementando los Objetivos de Desarrollo Sostenible (ODS) en el campo de las prácticas urbanísticas. Los ODS son una serie de ",100,2008,1,1,1,False,True,"es,es",1,99,99
42,es,sharegpt,nearby_word_mask,"Propuesta de Proyecto

Título del proyecto: ""Análisis y Evaluación de la Implementación de Objetivos de Desarrollo Sostenible en las Prácticas Urbanísticas: Desafíos y Oportunidades""

1. Introducción:
Este proyecto tiene como objetivo principal evaluar el cumplimiento de los Objetivos de Desarrollo Sostenible (ODS) en las prácticas urbanísticas. Los ODS son una serie de ",100,2008,1,1,1,False,True,"es,es",1,99,99
42,es,sharegpt,control_head_word_mask,"Propuesta de Proyecto

Título del proyecto: ""Análisis y Evaluación de la Implementación de Objetivos de Desarrollo Sostenible en las Prácticas Urbanísticas: Desafíos y Oportunidades""

1. Introducción:
Este proyecto tiene como objetivo principal evaluar el cumplimiento de los Objetivos de Desarrollo Sostenible (ODS) en las prácticas urbanísticas. Los ODS son una serie de ",100,2008,1,1,1,False,True,"es,es",1,99,99
42,es,sharegpt,head_zero_decode,"Propuesta de Proyecto

Título del proyecto: Avaliación de la implementación de los Objetivos de Desarrollo Sostenible en las prácticas urbanísticas: Desafíos y oportunidades.

Objetivo general:
El objetivo principal del presente proyecto es evaluar el desempeño de los Objetivos de Desarrollo Sostenible (ODS) en las práticas urbanísticas, identificando tanto los desafíos como las oportun",100,2008,1,1,1,False,True,"es,es",1,99,99
43,fr,sharegpt,clean,"Voici un exemple de document de requête CRM pour une entreprise qui vend des instruments scientifiques :

**Nom du projet :**
CRM Informatique pour la Vente d'Instruments Scientifiques

**Objectifs du projet:**

1. **Gestion des contacts:** Gérer efficacement les interactions avec les clients et prospects.
2. **Suivi des ventes:** Suivre le processus de vente en temps réel, incluant les étapes de préparation,",100,27515,1,1,1,False,True,"fr,fr,fr,fr",0,0,0
43,fr,sharegpt,target_word_mask,"Voici un exemple de document de requête CRM pour une entreprise qui vend des instruments scientifiques :

**Nom du projet :**
CRM Informatique pour la Vente d'Instruments Scientifiques

**Objectifs du projet:**

1. **Gestion des contacts:** Gérer efficacement les interactions avec les clients et prospects.
2. **Suivi des ventes:** Suivre le processus de vente en temps réel, incluant les étapes de préparation,",100,27515,1,1,1,False,True,"fr,fr,fr,fr",1,99,99
43,fr,sharegpt,nearby_word_mask,"Voici un exemple de document de requête CRM pour une entreprise qui vend des instruments scientifiques :

**Nom du projet :**
CRM Informatique pour la Vente d'Instruments Scientifiques

**Objectifs du projet:**

1. **Gestion des contacts:** Gérer efficacement les interactions avec les clients et prospects.
2. **Suivi des ventes:** Suivre le processus de vente en temps réel, incluant les étapes de préparation,",100,27515,1,1,1,False,True,"fr,fr,fr,fr",1,99,99
43,fr,sharegpt,control_head_word_mask,"Voici un exemple de document de requête CRM pour une entreprise qui vend des instruments scientifiques :

**Nom du projet :**
CRM Informatique pour la Vente d'Instruments Scientifiques

**Objectifs du projet:**

1. **Gestion des contacts:** Gérer efficacement les interactions avec les clients et prospects.
2. **Suivi des ventes:** Suivre le processus de vente en temps réel, incluant les étapes de préparation,",100,27515,1,1,1,False,True,"fr,fr,fr,fr",1,99,99
43,fr,sharegpt,head_zero_decode,"Voici un exemple de document de requête CRM pour une entreprise qui vend des instruments scientifiques :

**Nom du projet :**
CRM Scientific Instruments

**Objet :**
Requête de configuration de la solution CRM pour l'entreprise ""Scientific Instruments""

**Informations générales :**

1. **Objectifs du projet :**
   - Gestion efficace des contacts clients et prospects.
   - Suivi des ventes et des contrats.
   - Analyse des",100,27515,1,1,1,False,True,"fr,fr,fr,fr",1,99,99
44,es,okapi,clean,"La importancia de la educación musical en nuestras vidas.

En un mundo cada vez más competitivo y tecnológico, el arte es una herramienta poderosa para desarrollar habilidades que no solo nos ayudan a sobrevivir, sino también a crecer como individuos y como sociedad. Dentro del arte, la música tiene un papel especial y significativo en nuestra vida cotidiana. La educación musical no sólo promueve la creatividad y la expresión personal, sino",100,8747,1,1,1,False,True,"es,es",0,0,0
44,es,okapi,target_word_mask,"La importancia de la educación musical en nuestras vidas.

En un mundo cada vez más competitivo y tecnológico, el arte es una herramienta poderosa para desarrollar habilidades que no solo nos ayudan a sobrevivir, sino también a prosperar en nuestra sociedad. Dentro del universo del arte, la música tiene un papel crucial y significativo. La educación musical no sólo contribuye a la formación integral de los individuos, sino que también tiene un impacto",100,8747,1,1,1,False,True,"es,es",1,99,99
44,es,okapi,nearby_word_mask,"La importancia de la educación musical en nuestras vidas.

En un mundo cada vez más competitivo y tecnológico, el arte es una herramienta poderosa para desarrollar habilidades que no solo nos ayudan a sobrevivir, sino también a crecer como individuos y como sociedad. Dentro del arte, la música tiene un papel especial y significativo en nuestra vida cotidiana. La educación musical no sólo promueve la creatividad y la expresión personal, sino",100,8747,1,1,1,False,True,"es,es",1,99,99
44,es,okapi,control_head_word_mask,"La importancia de la educación musical en nuestras vidas.

En un mundo cada vez más competitivo y tecnológico, el arte es una herramienta poderosa para desarrollar habilidades que no solo nos ayudan a sobrevivir, sino también a crecer como individuos y como sociedad. Dentro del arte, la música tiene un papel especial y significativo en nuestra vida cotidiana. La educación musical no sólo promueve la creatividad y la expresión personal, sino",100,8747,1,1,1,False,True,"es,es",1,99,99
44,es,okapi,head_zero_decode,"La importancia de la educación musical en nuestras vidas.

En un mundo cada vez más competitivo e imprevisível, el arte y la cultura son elementos cruciales para nuestra formación integral. Entre estos elementos, la música desempeña un papel vital que merece ser valorado e incentivado. En este ensayo, exploraremos cómo la educación musical es fundamental para nuestro desarrollo personal y profesional.

Primero, la música nos proporciona una forma única de expresión creativa",100,8747,1,1,1,False,True,"es,es,es",1,99,99
45,de,complex_prompts,clean,"### Summary

The author's philosophy of education emphasizes the importance of fostering the holistic development of every student, recognizing their individual uniqueness and diverse backgrounds. The key aspects include creating an inclusive environment that supports all students' strengths, encouraging inquiry and risk-taking, and continuously improving teaching practices through reflection and adaptation.

### Strategies for Nurturing Students

1. **Inclusive Environment**: Ensure that all students feel valued and included, regardless of their background, culture, gender, social status, behavior, or intellect",100,14374,1,1,1,False,False,"en,en",0,0,0
45,de,complex_prompts,target_word_mask,"### Summary

The author's philosophy of education emphasizes the importance of fostering the holistic development of every student, recognizing individual uniqueness and diverse backgrounds. The key strategies include creating an inclusive environment that supports all students' strengths, addressing their specific needs, and continuously improving teaching practices through reflection and innovation.

### Strategies for Nurturing Students

1. **Inclusive Environment**: Ensure that every student feels valued and included, regardless of their background or characteristics.
2. **Supportive Learning Environment**: Foster a stimulating",100,14374,1,1,1,False,False,"en,en,en",1,99,99
45,de,complex_prompts,nearby_word_mask,"### Summary

The author's philosophy of education emphasizes the importance of fostering the holistic development of every student, recognizing their individual uniqueness and diverse backgrounds. The key aspects include creating an inclusive environment that supports all students' strengths, encouraging inquiry and risk-taking, and continuously improving teaching practices through reflection and adaptation.

### Strategies for Nurturing Students

1. **Inclusive Environment**: Ensure that all students feel valued and included, regardless of their background, culture, gender, social status, behavior, or intellect",100,14374,1,1,1,False,False,"en,en",1,99,99
45,de,complex_prompts,control_head_word_mask,"### Summary

The author's philosophy of education emphasizes the importance of fostering the holistic development of every student, recognizing their individual uniqueness and diverse backgrounds. The key aspects include creating an inclusive environment that supports all students' strengths, encouraging inquiry and risk-taking, and continuously improving teaching practices through reflection and adaptation.

### Strategies for Nurturing Students

1. **Inclusive Environment**: Ensure that all students feel valued and included, regardless of their background, culture, gender, social status, behavior, or intellect",100,14374,1,1,1,False,False,"en,en",1,99,99
45,de,complex_prompts,head_zero_decode,"### Summary

The author's philosophy of education emphasizes the importance of fostering the holistic development of every student, recognizing individual uniqueness and diverse backgrounds. The key strategies include creating an inclusive environment that supports all students' strengths, addressing their specific needs, and continuously improving teaching practices through reflection and innovation.

### Strategies for Nurturing Students

1. **Inclusive Environment**: Ensure that every student feels valued and included, regardless of their background or characteristics.
2. **Supportive Learning**: Facilitate a",100,14374,1,1,1,False,False,"en,en,en",1,99,99
46,it,okapi,clean,"Una delle principali confidenze che si fanno riguardo all'uso dell'intelligenza artificiale per ampliare le capacità umane è l'idea che l'intelligenza artificiale possa sostituire completamente gli esseri umani nel lavoro e nella vita quotidiana. Questa idea è un errore fondamentale perché non comprende la natura di entrambi i sistemi.

L'intelligenza artificiale è una tecn",100,64094,1,1,1,False,True,"it,it",0,0,0
46,it,okapi,target_word_mask,"Una delle principali confidenze che si fanno riguardo all'uso dell'intelligenza artificiale per ampliare le capacità umane è l'idea che l'intelligenza artificiale possa sostituire completamente gli esseri umani nel lavoro e nella vita quotidiana. Questa idea è un errore fondamentale perché non comprende la natura di entrambi i sistemi.

L'intelligenza artificiale è una tecn",100,64094,1,1,1,False,True,"it,it",1,99,99
46,it,okapi,nearby_word_mask,"Una delle principali confidenze che si fanno riguardo all'uso dell'intelligenza artificiale per ampliare le capacità umane è l'idea che l'intelligenza artificiale possa sostituire completamente gli esseri umani nel lavoro e nella vita quotidiana. Questa idea è un errore fondamentale perché non comprende la natura di entrambi i sistemi.

L'intelligenza artificiale è una tecn",100,64094,1,1,1,False,True,"it,it",1,99,99
46,it,okapi,control_head_word_mask,"Una delle principali confidenze che si fanno riguardo all'uso dell'intelligenza artificiale per ampliare le capacità umane è l'idea che l'intelligenza artificiale possa sostituire completamente gli esseri umani nel lavoro e nella vita quotidiana. Questa idea è un errore fondamentale perché non comprende la natura di entrambi i sistemi.

L'intelligenza artificiale è una tecn",100,64094,1,1,1,False,True,"it,it",1,99,99
46,it,okapi,head_zero_decode,"Una de las ideas comunes que se tienen sobre la utilización de IA para aumentar las capacidades humanas es que esta tecnología puede superar completamente a los seres humanos en todos los aspectos. Sin embargo, esto no es cierto y hay varias razones por las cuales este concepto está errado.

1. Limitaciones de la IA: La inteligencia artificial actual tiene limitaciones significativas en varios campos, como la comprensión del lenguaje natural, la",100,64094,1,1,1,False,False,"es,es",1,99,99
47,de,complex_prompts,clean,"Hier ist ein Beispiel für einen TSV-Datei mit allen Ausstellungen des Metropolitan Museum of Art zwischen 1990 und 2000:

```
exhibit_title;subject_matter;curator
The American Scene: A Century of Photography;Photography;John Szarkowski
The Power of Women in Art;Art History;Martha Rosler
Ancient Egypt: The Story of an Exhibition;Egyptology;James Cuno
The World of Ancient",100,74909,1,1,1,False,False,"de,en,en,en",0,0,0
47,de,complex_prompts,target_word_mask,"Hier ist ein Beispiel für einen TSV-Datei mit allen Ausstellungen des Metropolitan Museum of Art zwischen 1990 und 2000:

```plaintext
subject matter,curator
Ancient Egypt, Ancient Near East, Asia, Africa, Oceania, Americas, Europe, Modern & Contemporary Art, Photography, Film, Video, Performance Art, Installation Art, Sculpture, Painting, Drawing, Prints, Ceramics, Glass, Jewelry, Textiles, Fashion Design",100,74909,1,1,1,False,False,"de,en",1,99,99
47,de,complex_prompts,nearby_word_mask,"Hier ist ein Beispiel für einen TSV-Datei mit allen Ausstellungen des Metropolitan Museum of Art zwischen 1990 und 2000:

```
exhibit_title;subject_matter;curator
The American Scene: A Century of Photography;Photography;John Szarkowski
The Power of Women in Art;Art History;Martha Rosler
Ancient Egypt: The Story of an Exhibition;Egyptology;James Cuno
The World of Ancient",100,74909,1,1,1,False,False,"de,en,en,en",1,99,99
47,de,complex_prompts,control_head_word_mask,"Hier ist ein Beispiel für einen TSV-Datei mit allen Ausstellungen des Metropolitan Museum of Art zwischen 1990 und 2000:

```
exhibit_title;subject_matter;curator
The American Scene: A Century of Photography;Photography;John Szarkowski
The Power of Women in Art;Art History;Martha Rosler
Ancient Egypt: The Story of an Exhibition;Egyptology;James Cuno
The World of Ancient",100,74909,1,1,1,False,False,"de,en,en,en",1,99,99
47,de,complex_prompts,head_zero_decode,"Hier ist ein Beispiel für einen TSV-Datei mit allen Ausstellungen des Metropolitan Museum of Art zwischen 1990 und 2000:

```
exhibit_title;subject_matter;curator
The American Scene: A Century of Photography;Photography;John Szarkowski
The Power of Women in Art;Art History;Martha Rosler
Ancient Egypt: The Golden Age;Archeology;James Cuno
The Renaissance: Masterpieces",100,74909,1,1,1,False,False,"de,en,en,en",1,99,99
48,it,sharegpt,clean,Come rispondere alla domanda: Quali tipi di casi d'uso o plugin nuovi vorresti vedere sviluppati?,32,28851,1,1,1,False,True,it,0,0,0
48,it,sharegpt,target_word_mask,Come posso rispondere alla domanda: Quali tipi di casi d'uso o plugin nuovi vorresti vedere sviluppati?,34,28851,1,1,1,False,True,it,1,33,33
48,it,sharegpt,nearby_word_mask,Come rispondere alla domanda: Quali tipi di casi d'uso o plugin nuovi vorresti vedere sviluppati?,32,28851,1,1,1,False,True,it,1,31,31
48,it,sharegpt,control_head_word_mask,Come rispondere alla domanda: Quali tipi di casi d'uso o plugin nuovi vorresti vedere sviluppati?,32,28851,1,1,1,False,True,it,1,31,31
48,it,sharegpt,head_zero_decode,Come posso responder a la pregunta: ¿Qué tipos de casos de uso o nuevos complementos te gustaría ver desarrollados?,27,28851,1,1,1,False,False,es,1,26,26
49,fr,complex_prompts,clean,"Cat jumps on the roof,
Mouse scurries under the door.
Dog barks at the moon's glow.

Roof high above the sky,
Door tight shut, no one inside.
Moonlight shines bright and clear,
Dog barks louder than ever before.

Scurry, jump, bark, run,
Life goes on, never done.
Roof, door, moon, dog,
Nature's cycle, always true.",87,26801,1,1,1,False,False,"en,en,en,en,en,en,en,en",0,0,0
49,fr,complex_prompts,target_word_mask,"Cat prowls at night,
Cats pounce on mice.
Mice scurry under beds,
Mice munch on cheese.

Dog barks loudly,
Dogs chase after cats.
Dogs guard their homes,
Dogs wag their tails.",50,26801,1,1,1,True,False,,1,49,49
49,fr,complex_prompts,nearby_word_mask,"Cat jumps on the roof,
Mouse scurries under the door.
Dog barks at the moon's glow.

Roof high above the sky,
Door tight shut, no one inside.
Moonlight shines bright and clear,
Dog barks louder than ever before.

Scurry, jump, bark, run,
Life goes on, never done.
Roof, door, moon, dog,
Nature's cycle, always true.",87,26801,1,1,1,False,False,"en,en,en,en,en,en,en,en",1,86,86
49,fr,complex_prompts,control_head_word_mask,"Cat jumps on the roof,
Mouse scurries under the door.
Dog barks at the moon's glow.

Roof high above the sky,
Door tight shut, no one inside.
Moonlight shines bright and clear,
Dog barks louder than ever before.

Scurry, jump, bark, run,
Life goes on, never done.
Roof, door, moon, dog,
Nature's cycle, always true.",87,26801,1,1,1,False,False,"en,en,en,en,en,en,en,en",1,86,86
49,fr,complex_prompts,head_zero_decode,"Cat prowls at night,
Cats chase mice in play.
Mice scurry under floorboards,
Mice nibble on crumbs.

Dog barks fiercely,
Dogs guard their homes.
Dogs chase after cats,
Dogs wag their tails.",52,26801,1,1,1,False,False,en,1,51,51
50,fr,complex_prompts,clean,"Voici la table en Markdown avec les voyelles de l'IPA qui tombent exactement sur le stratum clos, clos-médian, ouvert-médian et ouvert :

|Omnisibilité|Front|Médian|Clos|
|---|---|---|---|
|Clos|i y|œ e|u ü|
|Clos médian|æ ɛ|œ e|o u|
|Ouvrée|ɛ",100,27515,1,1,1,False,False,"fr,br",0,0,0
50,fr,complex_prompts,target_word_mask,"Voix phonétiques en français :

Ouverture | Front | Mid | Haut
|-|-|-|-|
|Closée|i y|œ e|u ü|
|Clos-médiane|æ a|œ e|o ö|
|Médianement-croisée|ɛ æ|œ e|ø ö|
|Ouverte|a ɑ|œ e|o ö|

Note : Les voix phonétiques ne sont pas présentes dans l",100,27515,1,1,1,False,True,fr,1,99,99
50,fr,complex_prompts,nearby_word_mask,"Voici la table en Markdown avec les voyelles de l'IPA qui tombent exactement sur le stratum clos, clos-médian, ouvert-médian et ouvert :

|Omnisibilité|Front|Médian|Clos|
|---|---|---|---|
|Clos|i y|œ e|u ü|
|Clos médian|æ ɛ|œ e|o u|
|Ouvrée|ɛ",100,27515,1,1,1,False,False,"fr,br",1,99,99
50,fr,complex_prompts,control_head_word_mask,"Voici la table en Markdown avec les voyelles de l'IPA qui tombent exactement sur le stratum clos, clos-médian, ouvert-médian et ouvert :

|Omnisibilité|Front|Médian|Clos|
|---|---|---|---|
|Clos|i y|œ e|u ü|
|Clos médian|æ ɛ|œ e|o u|
|Ouvrée|ɛ",100,27515,1,1,1,False,False,"fr,br",1,99,99
50,fr,complex_prompts,head_zero_decode,"Voix phonétiques en français :

|Omnipotence|Front|Mid|Back|
|---|---|---|---|
|Closé|I y|E ø|A ɶ|
|Clos-média|E e|O ø|A a|
|Ouvert-média|E e|O o|A a|
|Ouvert|A a|O o|A a|

Note : Les voix phonétiques ne",100,27515,1,1,1,False,True,fr,1,99,99
51,fr,okapi,clean,"Le vote est une des forces les plus puissantes que nous ayons dans notre société. Il permet aux citoyens de prendre part à la vie politique et d'influencer le cours du pays. C'est un moyen de faire entendre nos voix et de contribuer à l'évolution de notre société.

En votant, nous exprimons notre opinion sur les questions importantes qui touchent à notre communauté. Nous aidons à définir les politiques qui régissent notre gouver",100,2304,1,1,1,False,True,"fr,fr",0,0,0
51,fr,okapi,target_word_mask,"Le vote est une des forces les plus puissantes que nous ayons dans notre société. Il permet aux citoyens de prendre part à la vie politique et d'influencer le cours du pays. C'est un moyen de faire entendre nos voix et de contribuer à l'évolution de notre société.

En votant, nous exprimons notre opinion sur les questions importantes qui touchent à notre communauté. Nous aidons à définir les politiques qui régissent notre gouver",100,2304,1,1,1,False,True,"fr,fr",1,99,99
51,fr,okapi,nearby_word_mask,"Le vote est une des forces les plus puissantes que nous ayons dans notre société. Il permet aux citoyens de prendre part à la vie politique et d'influencer le cours du pays. C'est un moyen de faire entendre nos voix et de contribuer à l'évolution de notre société.

En votant, nous exprimons notre opinion sur les questions importantes qui touchent à notre communauté. Nous aidons à définir les politiques qui régissent notre gouver",100,2304,1,1,1,False,True,"fr,fr",1,99,99
51,fr,okapi,control_head_word_mask,"Le vote est une des forces les plus puissantes que nous ayons dans notre société. Il permet aux citoyens de prendre part à la vie politique et d'influencer le cours du pays. C'est un moyen de faire entendre nos voix et de contribuer à l'évolution de notre société.

En votant, nous exprimons notre opinion sur les questions importantes qui touchent à notre communauté. Nous aidons à définir les politiques qui régissent notre gouver",100,2304,1,1,1,False,True,"fr,fr",1,99,99
51,fr,okapi,head_zero_decode,"Le vote est une des clés pour la démocratie et le bien-être de notre société. Il permet aux citoyens d'exprimer leur opinion sur les décisions importantes qui affectent nos vies quotidiennes. C'est un moyen efficace de participer à la vie politique et de contribuer au bon fonctionnement du gouvernement.

En outre, le vote est également crucial pour promouvoir l'égalité et la justice sociale. Chaque voix compte dans",100,2304,1,1,1,False,True,"fr,fr",1,99,99
52,it,complex_prompts,clean,"Il commercio eletronico può incoraggiare l'overconsumo attraverso la facilitazione della transazione senza bisogno di un viaggio fisico, che riduce le emissioni di gas serra. Tuttavia, anche se i negozi online possono aiutare ad evitare il consumo superfluo, non è facile garantire una crescita sostenibile del mercato. La trasparenza dei dati sulle emissioni di gasselli s",100,12050,1,1,1,False,True,it,0,0,0
52,it,complex_prompts,target_word_mask,"Il commercio eletronico può incoraggiare l'overconsumo attraverso la facilitazione della transazione senza bisogno di un viaggio fisico, che riduce le emissioni di gas serra. Tuttavia, anche se i negozi online possono aiutare ad evitare il consumo superfluo, non è sempre facile garantire una trasformazione significativa verso un modello più eco-sostenibile. Le aziende devono pensare al",100,12050,1,1,1,False,True,it,1,99,99
52,it,complex_prompts,nearby_word_mask,"Il commercio eletronico può incoraggiare l'overconsumo attraverso la facilitazione della transazione senza bisogno di un viaggio fisico, che riduce le emissioni di gas serra. Tuttavia, anche se i negozi online possono aiutare ad evitare il consumo superfluo, non è facile garantire una crescita sostenibile del mercato. La trasparenza dei dati sulle emissioni di gasselli s",100,12050,1,1,1,False,True,it,1,99,99
52,it,complex_prompts,control_head_word_mask,"Il commercio eletronico può incoraggiare l'overconsumo attraverso la facilitazione della transazione senza bisogno di un viaggio fisico, che riduce le emissioni di gas serra. Tuttavia, anche se i negozi online possono aiutare ad evitare il consumo superfluo, non è facile garantire una crescita sostenibile del mercato. La trasparenza dei dati sulle emissioni di gasselli s",100,12050,1,1,1,False,True,it,1,99,99
52,it,complex_prompts,head_zero_decode,"Il e-commerce propulsa la sobreconsumo de manera que los consumidores pueden comprar más de lo necesario debido a la facilidad y conveniencia proporcionada por las plataformas digitales. Según el estudio Nielsen, ""Unpacking the Sustainability Landscape"", 73% de los consumidores están dispuestos a cambiar sus hábitos para reducir su impacto ambiental. Sin embargo, hay una percepción generalizada de que el e-commerce es un práctica sostenible y",100,12050,1,1,1,False,False,es,1,99,99
53,fr,okapi,clean,"Voici trois types d'aide gouvernementale qui pourraient aider les start-ups pendant l'économie en crise :

1. Subventions et aides financières : Les gouvernements peuvent offrir des subventions ou des aides financières aux entreprises de startup pour leur permettre de surmonter les difficultés économiques. Ces subventions peuvent prendre la forme de bourses de recherche, de financement de projets ou de soutien financier direct.

2. Fonds d",100,27515,1,1,1,False,True,"fr,fr",0,0,0
53,fr,okapi,target_word_mask,"Voici trois types d'aide gouvernementale qui pourraient aider les start-ups pendant l'économie en crise :

1. Subventions et aides financières : Les gouvernements peuvent offrir des subventions ou des aides financières aux entreprises de startup pour leur permettre de surmonter les difficultés économiques. Ces subventions peuvent prendre la forme de bourses de recherche, de financement de projets ou de soutien financier direct.

2. Accompagn",100,27515,1,1,1,False,True,"fr,fr",1,99,99
53,fr,okapi,nearby_word_mask,"Voici trois types d'aide gouvernementale qui pourraient aider les start-ups pendant l'économie en crise :

1. Subventions et aides financières : Les gouvernements peuvent offrir des subventions ou des aides financières aux entreprises de startup pour leur permettre de surmonter les difficultés économiques. Ces subventions peuvent prendre la forme de bourses de recherche, de financement de projets ou de soutien financier direct.

2. Fonds d",100,27515,1,1,1,False,True,"fr,fr",1,99,99
53,fr,okapi,control_head_word_mask,"Voici trois types d'aide gouvernementale qui pourraient aider les start-ups pendant l'économie en crise :

1. Subventions et aides financières : Les gouvernements peuvent offrir des subventions ou des aides financières aux entreprises de startup pour leur permettre de surmonter les difficultés économiques. Ces subventions peuvent prendre la forme de bourses de recherche, de financement de projets ou de soutien financier direct.

2. Fonds d",100,27515,1,1,1,False,True,"fr,fr",1,99,99
53,fr,okapi,head_zero_decode,"Voici trois types d'aide gouvernementale qui pourraient aider les start-ups pendant l'économie en crise :

1. Subventions et bourses : Les gouvernements peuvent offrir des subventions ou des bourses aux entreprises de startup pour leur permettre de surmonter les difficultés financières liées à la crise économique.

2. Fonds d'urgence : Certains pays ont mis en place des fonds d'urgence spécifiques pour sout",100,27515,1,1,1,False,True,"fr,fr,fr",1,99,99
54,it,complex_prompts,clean,"The text discusses various factors that influence the perception of which Ferrari model is the ""best"" based on personal preferences. The three priorities mentioned are:

1. **Raw Performance**: Models like the Enzo, LaFerrari, or LaFerrari Aperta are favored for their high-performance capabilities.
2. **Rarity**: These include the 288 GTO, Monza SP1, and Monza SP2, all of which have limited production runs.
3. **Pop",100,785,1,1,1,False,False,"en,en,en",0,0,0
54,it,complex_prompts,target_word_mask,"The text discusses various factors that influence the perception of which Ferrari model is the ""best"" based on personal preferences. The three priorities mentioned are:

1. **Raw Performance**: Models like the Enzo, LaFerrari, or LaFerrari Aperta are favored for their high-performance capabilities.
2. **Rarity**: These include the 288 GTO, Monza SP1, and Monza SP2, all of which have limited production runs.
3. **Pop",100,785,1,1,1,False,False,"en,en,en",1,99,99
54,it,complex_prompts,nearby_word_mask,"The text discusses various factors that influence the perception of which Ferrari model is the ""best"" based on personal preferences. The three priorities mentioned are:

1. **Raw Performance**: Models like the Enzo, LaFerrari, or LaFerrari Aperta are favored for their high-performance capabilities.
2. **Rarity**: These include the 288 GTO, Monza SP1, and Monza SP2, all of which have limited production runs.
3. **Pop",100,785,1,1,1,False,False,"en,en,en",1,99,99
54,it,complex_prompts,control_head_word_mask,"The text discusses various factors that influence the perception of which Ferrari model is the ""best"" based on personal preferences. The three priorities mentioned are:

1. **Raw Performance**: Models like the Enzo, LaFerrari, or LaFerrari Aperta are favored for their high-performance capabilities.
2. **Rarity**: These include the 288 GTO, Monza SP1, and Monza SP2, all of which have limited production runs.
3. **Pop",100,785,1,1,1,False,False,"en,en,en",1,99,99
54,it,complex_prompts,head_zero_decode,"The text discusses various factors that influence the perception of which Ferrari model is the ""best"" based on personal preferences. The three priorities mentioned are:

1. **Raw Performance**: Models like the Enzo, LaFerrari, or LaFerrari Aperta are favored for their high-performance capabilities.
2. **Rarity**: These include the 288 GTO, Monza SP1, and Monza SP2, all of which have limited production runs.
3. **Pop",100,785,1,1,1,False,False,"en,en,en",1,99,99
55,de,okapi,clean,"Hier ist eine Argumentationsschrift über die Bedeutung gesundes Essen:

Die Wichtigkeit von Gesundem Essen

Gesundes Essen ist ein entscheidender Faktor für unsere Gesundheit und unser overall Leben. Es gibt zahlreiche Gründe, warum wir uns auf das richtige Essen konzentrieren sollten.

Erstens ist es wichtig, dass wir genug Nahrung essen, um unseren Körper zu ernähren. Wenn wir nicht genug",100,74909,1,1,1,False,True,"de,de,de,de",0,0,0
55,de,okapi,target_word_mask,"Hier ist eine Argumentationsschrift über die Bedeutung gesundes Essen:

Die Wichtigkeit von Gesundem Essen

Gesundes Essen ist ein entscheidender Faktor für unsere Gesundheit und unser overall Leben. Es gibt zahlreiche Gründe, warum wir uns auf das richtige Essen konzentrieren sollten.

Erstens hat das Gesundheitswesen bewiesen, dass eine gute Nahrung zu einem gesunden Körper führt. Wenn man",100,74909,1,1,1,False,True,"de,de,de,de",1,99,99
55,de,okapi,nearby_word_mask,"Hier ist eine Argumentationsschrift über die Bedeutung gesundes Essen:

Die Wichtigkeit von Gesundem Essen

Gesundes Essen ist ein entscheidender Faktor für unsere Gesundheit und unser overall Leben. Es gibt zahlreiche Gründe, warum wir uns auf das richtige Essen konzentrieren sollten.

Erstens ist es wichtig, dass wir genug Nahrung essen, um unseren Körper zu ernähren. Wenn wir nicht genug",100,74909,1,1,1,False,True,"de,de,de,de",1,99,99
55,de,okapi,control_head_word_mask,"Hier ist eine Argumentationsschrift über die Bedeutung gesundes Essen:

Die Wichtigkeit von Gesundem Essen

Gesundes Essen ist ein entscheidender Faktor für unsere Gesundheit und unser overall Leben. Es gibt zahlreiche Gründe, warum wir uns auf das richtige Essen konzentrieren sollten.

Erstens ist es wichtig, dass wir genug Nahrung essen, um unseren Körper zu ernähren. Wenn wir nicht genug",100,74909,1,1,1,False,True,"de,de,de,de",1,99,99
55,de,okapi,head_zero_decode,"Hier ist eine Argumentationsschrift über die Bedeutung gesundes Essen:

Die Frage nach der Bedeutung von gesundem Essen ist ein wichtiger Punkt im Zusammenhang mit dem Gesundheitsleben und dem overall Wohlbefinden. Es gibt zahlreiche Gründe, warum es wichtig ist, dass wir gut essen.

Zunächst einmal hat das Essen einen entscheidenden Einfluss auf unsere Gesundheit. Wenn wir zu viel Fett oder Sal",100,74909,1,1,1,False,True,"de,de,de",1,99,99
56,es,sharegpt,clean,"El sistema de recomendación en Medium funciona de la siguiente manera:

1. **Análisis del comportamiento del usuario**: Mediante el análisis de los datos de navegación y interacciones del usuario, se puede determinar cuáles son sus preferencias y intereses.

2. **Identificación de temas relevantes**: Basándose en las preferencias individuales del usuario, se identifican los temas o categorías que están más alineados con su estilo de lectura.

3",100,6582,1,1,1,False,True,"es,es,es",0,0,0
56,es,sharegpt,target_word_mask,"El sistema de recomendación en Medium funciona de la siguiente manera:

1. **Análisis del comportamiento del usuario**: Mediante el análisis de los datos de navegación y interacciones del usuario, se puede determinar cuáles son sus preferencias y intereses.

2. **Identificación de temas relevantes**: Basándose en las preferencias individuales del usuario, se identifican los temas o categorías que están más alineados con su estilo de lectura.

3",100,6582,1,1,1,False,True,"es,es,es",1,99,99
56,es,sharegpt,nearby_word_mask,"El sistema de recomendación en Medium funciona de la siguiente manera:

1. **Análisis del comportamiento del usuario**: Mediante el análisis de los datos de navegación y interacciones del usuario, se puede determinar cuáles son sus preferencias y intereses.

2. **Identificación de temas relevantes**: Basándose en las preferencias individuales del usuario, se identifican los temas o categorías que están más alineados con su estilo de lectura.

3",100,6582,1,1,1,False,True,"es,es,es",1,99,99
56,es,sharegpt,control_head_word_mask,"El sistema de recomendación en Medium funciona de la siguiente manera:

1. **Análisis del comportamiento del usuario**: Mediante el análisis de los datos de navegación y interacciones del usuario, se puede determinar cuáles son sus preferencias y intereses.

2. **Identificación de temas relevantes**: Basándose en las preferencias individuales del usuario, se identifican los temas o categorías que están más alineados con su estilo de lectura.

3",100,6582,1,1,1,False,True,"es,es,es",1,99,99
56,es,sharegpt,head_zero_decode,"El sistema de recomendación en Medium funciona de la siguiente manera:

1. **Análisis del comportamiento del usuario**: El sistema analiza los hábitos y preferencias individuais dosificados por el usuario. Esto incluye su actividad diaria (comentarios, compartimentos, etc.), sus lecturas favoritas, las categorías que lee y las publicaciones que le gustan.

2. **Reconocimiento de patrones**: Mediante algoritmos sofisticados,",100,6582,1,1,1,False,True,"es,es,es",1,99,99
57,es,sharegpt,clean,"# Documento de Requisitos del Producto: Aplicación para Emprendedores Identificar y Comenzar una Empresa

## 1. Introducción
Este documento de requisitos detalla las especificaciones técnicas y funcionales que deben cumplir la aplicación diseñada para ayudar a los emprendedores identificar un mercado objetivo y comenzar con el desarrollo de su negocio.

---

## 2. Objetivo General
La aplicación se destina a proporcionar herramientas",100,2,1,1,1,False,True,"es,es,es",0,0,0
57,es,sharegpt,target_word_mask,"# Documento de Requisitos del Producto: Aplicación para Emprendedores Identificar y Comenzar una Empresa

## 1. Introducción
Este documento de requisitos es un documento que describe las necesidades específicas de la aplicación ""Identificación de Mercado y Comienzo de Negocios"" diseñada para ayudar a los emprendedores en identificar su mercado objetivo y comenzar con éxito sus negocios.

## 2. Objetivos Gener",100,2,1,1,1,False,True,"es,es",1,99,99
57,es,sharegpt,nearby_word_mask,"# Documento de Requisitos del Producto: Aplicación para Emprendedores Identificar y Comenzar una Empresa

## 1. Introducción
Este documento de requisitos detalla las especificaciones técnicas y funcionales que deben cumplir la aplicación diseñada para ayudar a los emprendedores identificar un mercado objetivo y comenzar con el desarrollo de su negocio.

---

## 2. Objetivo General
La aplicación se destina a proporcionar herramientas",100,2,1,1,1,False,True,"es,es,es",1,99,99
57,es,sharegpt,control_head_word_mask,"# Documento de Requisitos del Producto: Aplicación para Emprendedores Identificar y Comenzar una Empresa

## 1. Introducción
Este documento de requisitos detalla las especificaciones técnicas y funcionales que deben cumplir la aplicación diseñada para ayudar a los emprendedores identificar un mercado objetivo y comenzar con el desarrollo de su negocio.

---

## 2. Objetivo General
La aplicación se destina a proporcionar herramientas",100,2,1,1,1,False,True,"es,es,es",1,99,99
57,es,sharegpt,head_zero_decode,"# Documento de Requisitos del Producto: Aplicación para Empresarios Identificar el Mercado y Comenzar la Construcción de una Empresa

## 1. Introducción
Este documento de requisitos es un recurso crucial para definir las funcionalidades, características e interfaces que deben tener la aplicación diseñada para ayudar a los emprendedores a identificar su mercado objetivo y comenzar a construir su negocio.

## 2. Objetivos Gener",100,2,1,1,1,False,True,"es,es",1,99,99
58,it,complex_prompts,clean,"Cattura il mio cuore,
Mia preda che mi segue.
Dove sei, mio amico?
Mi chiedo se tu sappi.",34,34,1,1,1,False,False,"it,unknown",0,0,0
58,it,complex_prompts,target_word_mask,"Café, café, la cafetière bruit,
Mouche, mouche, le chat en chasse.
Ducat, ducat, l'ours au bois,
Catinette, catinette, le rat se cache.

Chien, chien, le chien sait où il va,
Mouche, mouche, le chat en chasse.
Café, café, la cafetière bruit,
Ducat, duc",100,34,1,1,1,False,False,"fr,fr,fr,fr,fr,fr,fr",1,99,99
58,it,complex_prompts,nearby_word_mask,"Cattura il mio cuore,
Mia preda che mi segue.
Dove sei, mio amico?
Mi chiedo se tu sappi.",34,34,1,1,1,False,False,"it,unknown",1,33,33
58,it,complex_prompts,control_head_word_mask,"Cattura il mio cuore,
Mia preda che mi segue.
Dove sei, mio amico?
Mi chiedo se tu sappi.",34,34,1,1,1,False,False,"it,unknown",1,33,33
58,it,complex_prompts,head_zero_decode,"Cats pounce on mice,  
Mice scurry under logs,  
Logs creak as dogs come round,  
Round to chase them down.

Dogs bark loudly,  
Loudly at the sight,  
Sight of cats and mice,  
Mice dart away.

Away from the dogs,  
Dogs chase after them,  
Them into the night,  
Night's dark and cold.

Cold air bites through,  
Through their fur they shiver,  
Shivers that",100,34,1,1,1,False,False,"en,en,en,en",1,99,99
59,it,complex_prompts,clean,"L'e-commerce può incoraggiare l'overconsumo attraverso la facilità con cui le persone possono acquistare prodotti senza dover visitare fisicamente un negozio. Tuttavia, anche se l'e-commerce è promosso come una pratica sostenibile, ci sono alcune problematiche ambientali che devono essere tenute conto:

**Positivi:**  
- Riduzione delle emissioni di benzina per trasporto dei mercati elet",100,43,1,1,1,False,True,"it,it",0,0,0
59,it,complex_prompts,target_word_mask,"L'e-commerce contribuisce al consumismo superfluo attraverso la facilitazione della transazione digitale, che permette di escludere l'uso fisico delle merci e dell'energia necessario per il trasporto. Tuttavia, anche gli sviluppi tecnologici possono portare ad un aumento del consumo, come nel caso dei pacchetti di spedizione e degli scambi di ritorno di prodotti. Per evitare questo problema,",100,43,1,1,1,False,True,it,1,99,99
59,it,complex_prompts,nearby_word_mask,"L'e-commerce può incoraggiare l'overconsumo attraverso la facilità con cui le persone possono acquistare prodotti senza dover visitare fisicamente un negozio. Tuttavia, anche se l'e-commerce è promosso come una pratica sostenibile, ci sono alcune problematiche ambientali che devono essere tenute conto:

**Positivi:**  
- Riduzione delle emissioni di benzina per trasporto dei mercati elet",100,43,1,1,1,False,True,"it,it",1,99,99
59,it,complex_prompts,control_head_word_mask,"L'e-commerce può incoraggiare l'overconsumo attraverso la facilità con cui le persone possono acquistare prodotti senza dover visitare fisicamente un negozio. Tuttavia, anche se l'e-commerce è promosso come una pratica sostenibile, ci sono alcune problematiche ambientali che devono essere tenute conto:

**Positivi:**  
- Riduzione delle emissioni di benzina per trasporto dei mercati elet",100,43,1,1,1,False,True,"it,it",1,99,99
59,it,complex_prompts,head_zero_decode,"L'e-commerce propulsa la sobreconsumo de varias maneras:

1. **Redução do transporte**: La tecnología permite que las empresas operen sin necesidad de viajar físicamente y reduzca su huella de carbono.

2. **Menos papel**: El uso de información digital en lugar de papel puede ayudar a reducir el desperdicio de papel.

3. **Reducir los almacenes**: Los almacenes consumen grandes áreas de terreno",100,43,1,1,1,False,False,"es,es,es,es",1,99,99
60,es,okapi,clean,"La pobreza es un problema complejo que afecta a millones de personas en todo el mundo. Su causa puede ser multifacética y varía según la región y las condiciones específicas. Aquí te presento algunos factores principales que contribuyen al aumento de la pobreza:

1. Desigualdad económica: La desigualdad entre ricos y pobres se ha vuelto una preocupación mundial. En muchos países, los ingresos más altos están concentr",100,8747,1,1,1,False,True,"es,es",0,0,0
60,es,okapi,target_word_mask,"La pobreza es un problema complejo que afecta a millones de personas en todo el mundo. Su causa puede ser multifacética y varía según la región y las condiciones específicas. Aquí te presento algunos factores principales que contribuyen al aumento de la pobreza:

1. Desigualdad económica: La desigualdad entre ricos y pobres se ha vuelto una preocupación mundial. En muchos países, los ingresos más altos están concentr",100,8747,1,1,1,False,True,"es,es",1,99,99
60,es,okapi,nearby_word_mask,"La pobreza es un problema complejo que afecta a millones de personas en todo el mundo. Su causa puede ser multifacética y varía según la región y las condiciones específicas. Aquí te presento algunos factores principales que contribuyen al aumento de la pobreza:

1. Desigualdad económica: La desigualdad entre ricos y pobres se ha vuelto una preocupación mundial. En muchos países, los ingresos más altos están concentr",100,8747,1,1,1,False,True,"es,es",1,99,99
60,es,okapi,control_head_word_mask,"La pobreza es un problema complejo que afecta a millones de personas en todo el mundo. Su causa puede ser multifacética y varía según la región y las condiciones específicas. Aquí te presento algunos factores principales que contribuyen al aumento de la pobreza:

1. Desigualdad económica: La desigualdad entre ricos y pobres se ha vuelto una preocupación mundial. En muchos países, los ingresos más altos están concentr",100,8747,1,1,1,False,True,"es,es",1,99,99
60,es,okapi,head_zero_decode,"La pobreza es un fenómeno social que afecta a numerosos países e individuos ao redor do mundo. El origen de la pobreza puede ser multifacético y varía dependiendo del contexto socioeconômico específico. Sin embargo, hay varios factores comunes que contribuyen significativamente à la persistência da pobreza:

1. Desigualdad económica: La desigualdad económica es uno de los principales causas de la p",100,8747,1,1,1,False,True,"es,es",1,99,99
61,es,okapi,clean,"En la noche de un sábado, David se despertó con una sensación extraña en su estómago. No recordaba haber viajado tan lejos desde su casa, pero algo no cuadraba. Se levantó y miró el reloj: las 12:30 de la mañana. Su mente comenzó a dar vueltas mientras intentaba recordar cómo había llegado hasta allí.

David era un hombre de negocios que vivía en",100,1702,1,1,1,False,True,"es,es",0,0,0
61,es,okapi,target_word_mask,"En la oscuridad de la noche, un hombre caminaba por las calles desconocidas de una ciudad que jamás había visitado antes. Su nombre era Alejandro y estaba atrapado en este mundo nuevo, sin saber cómo llegar a su destino.

Alejandro llevaba tiempo buscando trabajo y viviendo en diferentes lugares, pero nunca se había sentido tan perdido como en ese momento. La ciudad era grande y desordenada, con edificios altos y estre",100,1702,1,1,1,False,True,"es,es",1,99,99
61,es,okapi,nearby_word_mask,"En la noche de un sábado, David se despertó con una sensación extraña en su estómago. No recordaba haber viajado tan lejos desde su casa, pero algo no cuadraba. Se levantó y miró el reloj: las 12:30 de la mañana. Su mente comenzó a dar vueltas mientras intentaba recordar cómo había llegado hasta allí.

David era un hombre de negocios que vivía en",100,1702,1,1,1,False,True,"es,es",1,99,99
61,es,okapi,control_head_word_mask,"En la noche de un sábado, David se despertó con una sensación extraña en su estómago. No recordaba haber viajado tan lejos desde su casa, pero algo no cuadraba. Se levantó y miró el reloj: las 12:30 de la mañana. Su mente comenzó a dar vueltas mientras intentaba recordar cómo había llegado hasta allí.

David era un hombre de negocios que vivía en",100,1702,1,1,1,False,True,"es,es",1,99,99
61,es,okapi,head_zero_decode,"En la oscuridad de la noche, un hombre caminaba por las calles desiertas de una ciudad desconocida. Su nombre era Alex y estaba buscando trabajo en esta nueva vida que había elegido para sí mismo. El cielo nocturno se iluminaba con luces de neón que flotaban entre los edificios altos.

Alex no recordaba cómo llegó a este lugar ni cuál era su destino. Solo sabía que necesitaba",100,1702,1,1,1,False,True,"es,es",1,99,99
62,de,complex_prompts,clean,"Hier ist eine kurze Zusammenfassung der Hauptpunkte des angegebenen Artikels in Form von sechs Begriffswörtern:

1. **Augury** und **Artificial Intelligence (AI)**:  
   Augury hat AI-Technologien entwickelt, die bei PepsiCo verwendet werden, um Fehler auf dem Factory-Boden zu erkennen und vorzubeuten.

2. **Real-Time Analyse**:  
   AI kann Daten aus den Fert",100,74909,1,1,1,False,True,"de,de,de,de",0,0,0
62,de,complex_prompts,target_word_mask,"Hier ist eine kurze Zusammenfassung der Hauptpunkte des angegebenen Artikels in Form von sechs Begriffswörtern:

1. **Augury** und **Artificial Intelligence (AI)**:  
   Augury hat AI-Technologien entwickelt, die bei PepsiCo verwendet werden, um Fehler auf dem Factory-Boden zu erkennen und vorzubeuten.

2. **Real-Time Analyse**:  
   AI kann Daten aus den Fert",100,74909,1,1,1,False,True,"de,de,de,de",1,99,99
62,de,complex_prompts,nearby_word_mask,"Hier ist eine kurze Zusammenfassung der Hauptpunkte des angegebenen Artikels in Form von sechs Begriffswörtern:

1. **Augury** und **Artificial Intelligence (AI)**:  
   Augury hat AI-Technologien entwickelt, die bei PepsiCo verwendet werden, um Fehler auf dem Factory-Boden zu erkennen und vorzubeuten.

2. **Real-Time Analyse**:  
   AI kann Daten aus den Fert",100,74909,1,1,1,False,True,"de,de,de,de",1,99,99
62,de,complex_prompts,control_head_word_mask,"Hier ist eine kurze Zusammenfassung der Hauptpunkte des angegebenen Artikels in Form von sechs Begriffswörtern:

1. **Augury** und **Artificial Intelligence (AI)**:  
   Augury hat AI-Technologien entwickelt, die bei PepsiCo verwendet werden, um Fehler auf dem Factory-Boden zu erkennen und vorzubeuten.

2. **Real-Time Analyse**:  
   AI kann Daten aus den Fert",100,74909,1,1,1,False,True,"de,de,de,de",1,99,99
62,de,complex_prompts,head_zero_decode,"Hier ist eine kurze Zusammenfassung der Hauptpunkte des angegebenen Artikels in Form von sechs Begriffswörtern:

1. **Augury** und **Artificial Intelligence (AI)**:  
   Augury hat AI-Technologien entwickelt, die bei PepsiCo verwendet werden, um Fehler auf dem Factory Floor zu erkennen und vorzubeuten.

2. **Real-Time Analyse**:  
   AI kann Datenanalyse und Vorh",100,74909,1,1,1,False,True,"de,de,de,de",1,99,99
63,fr,complex_prompts,clean,"### Statistical Techniques and Machine Learning Algorithms Employed in Predictive Analytics

In predictive analytics, analysts utilize a variety of statistical techniques and machine learning algorithms to uncover relationships and patterns within data. Key methodologies include:

- **Data Mining**: Identifies hidden patterns and correlations in large datasets.
- **Regression Analysis**: Models the relationship between variables to predict outcomes.
- **Clustering**: Groups similar data points together based on shared characteristics.
- **Decision Trees**: Aids in making decisions by breaking down complex problems",100,14374,1,1,1,False,False,"en,en,en,en,en,en",0,0,0
63,fr,complex_prompts,target_word_mask,"### Statistical Techniques and Machine Learning Algorithms Employed in Predictive Analytics

In predictive analytics, analysts utilize a variety of statistical techniques and machine learning algorithms to uncover relationships and patterns within data. Key methodologies include:

- **Data Mining**: Identifies hidden patterns and correlations in large datasets.
- **Regression Analysis**: Models the relationship between variables to predict outcomes.
- **Clustering**: Groups similar data points together based on shared characteristics.
- **Decision Trees**: Aids in making decisions by breaking down complex problems",100,14374,1,1,1,False,False,"en,en,en,en,en,en",1,99,99
63,fr,complex_prompts,nearby_word_mask,"### Statistical Techniques and Machine Learning Algorithms Employed in Predictive Analytics

In predictive analytics, analysts utilize a variety of statistical techniques and machine learning algorithms to uncover relationships and patterns within data. Key methodologies include:

- **Data Mining**: Identifies hidden patterns and correlations in large datasets.
- **Regression Analysis**: Models the relationship between variables to predict outcomes.
- **Clustering**: Groups similar data points together based on shared characteristics.
- **Decision Trees**: Aids in making decisions by breaking down complex problems",100,14374,1,1,1,False,False,"en,en,en,en,en,en",1,99,99
63,fr,complex_prompts,control_head_word_mask,"### Statistical Techniques and Machine Learning Algorithms Employed in Predictive Analytics

In predictive analytics, analysts utilize a variety of statistical techniques and machine learning algorithms to uncover relationships and patterns within data. Key methodologies include:

- **Data Mining**: Identifies hidden patterns and correlations in large datasets.
- **Regression Analysis**: Models the relationship between variables to predict outcomes.
- **Clustering**: Groups similar data points together based on shared characteristics.
- **Decision Trees**: Aids in making decisions by breaking down complex problems",100,14374,1,1,1,False,False,"en,en,en,en,en,en",1,99,99
63,fr,complex_prompts,head_zero_decode,"### Statistical Techniques and Machine Learning Algorithms Employed in Predictive Analytics

In predictive analytics, analysts utilize a variety of statistical techniques and machine learning algorithms to uncover relationships and patterns within data. Key methodologies include:

- **Data Mining**: Identifies hidden patterns and correlations in large datasets.
- **Regression Analysis**: Models the relationship between variables to predict outcomes.
- **Clustering**: Groups similar data points together based on shared characteristics.
- **Decision Trees**: Aids in making decisions by breaking down complex problems",100,14374,1,1,1,False,False,"en,en,en,en,en,en",1,99,99
64,de,sharegpt,clean,"Ein Salesforce-Digital-Expierence ist eine digitale Plattform oder Dienstleistung, die von Salesforce Corporation entwickelt wurde und für das Management und Verwaltung von Digitalisierungskonzepten verwendet wird. Diese Plattform bietet Unternehmen ein umfassendes System zur Planung, Implementierung und Optimierung von digitalen Geschäftsprozessen.

Was genau ein Salesforce-Digital-Experience ist?

1. **Digitalisierungssystem**: Es ist ein integriert",100,53750,1,1,1,False,True,"de,de,de",0,0,0
64,de,sharegpt,target_word_mask,"Ein Salesforce-Digital-Experienz ist eine digitale Plattform oder Dienstleistung, die von Salesforce Corporation entwickelt wurde und für das Management und Verwalten von Digitalisierungskonzepten verwendet wird. Diese Plattform bietet Unternehmen ein umfassendes Portfolio an Services wie Marketing Automation, Customer Relationship Management (CRM), Service Cloud, Analytics und mehrere andere Funktionen, die zusammen helfen, digitaler Erfolg zu erreichen.

Die Schlüsselmerkm",100,53750,1,1,1,False,True,de,1,99,99
64,de,sharegpt,nearby_word_mask,"Ein Salesforce-Digital-Expierence ist eine digitale Plattform oder Dienstleistung, die von Salesforce Corporation entwickelt wurde und für das Management und Verwaltung von Digitalisierungskonzepten verwendet wird. Diese Plattform bietet Unternehmen ein umfassendes System zur Planung, Implementierung und Optimierung von digitalen Geschäftsprozessen.

Was genau ein Salesforce-Digital-Experience ist?

1. **Digitalisierungssystem**: Es ist ein integriert",100,53750,1,1,1,False,True,"de,de,de",1,99,99
64,de,sharegpt,control_head_word_mask,"Ein Salesforce-Digital-Expierence ist eine digitale Plattform oder Dienstleistung, die von Salesforce Corporation entwickelt wurde und für das Management und Verwaltung von Digitalisierungskonzepten verwendet wird. Diese Plattform bietet Unternehmen ein umfassendes System zur Planung, Implementierung und Optimierung von digitalen Geschäftsprozessen.

Was genau ein Salesforce-Digital-Experience ist?

1. **Digitalisierungssystem**: Es ist ein integriert",100,53750,1,1,1,False,True,"de,de,de",1,99,99
64,de,sharegpt,head_zero_decode,"Ein Salesforce-Digital-Expierence ist eine digitale Plattform oder Dienstleistung, die von Salesforce Corporation entwickelt wurde und für das Management und Verwalten von Digitalisierungskonzepten verwendet wird. Diese Plattform bietet Unternehmen ein umfassendes Portfolio an Services wie Marketing Automation, Customer Relationship Management (CRM), ServiceNow, Analytics, etc., um ihre digitalen Geschäftsprozesse zu optimieren und effizienter zu gestalten.

Die Schlüss",100,53750,1,1,1,False,True,de,1,99,99
65,es,okapi,clean,"Título: Habilidades de Comunicación Eficaces: Un Pilar Esencial para la Excelencia

La comunicación es un aspecto fundamental en cualquier relación humana y profesional. En el mundo moderno, donde las comunicaciones se realizan a través de múltiples canales y formatos, los habilidos de comunicación efectiva son más importantes que nunca. Estas habilidades no solo permiten transmitir ideas de manera clara y entendible, sino también foment",100,51,1,1,1,False,True,"es,es",0,0,0
65,es,okapi,target_word_mask,"Título: Las habilidades de comunicación efectiva: una clave para el éxito

Las habilidades de comunicación son fundamentales en cualquier ámbito de la vida y especialmente en el mundo laboral. En un entorno competitivo donde las relaciones personales y profesionales se vuelven cada vez más importantes, los buenos hábitos de comunicación pueden diferenciarse entre los demás.

La comunicación efectiva implica no solo saber hablar bien, sino también entender y comprender lo que otros están dici",100,51,1,1,1,False,True,"es,es,es",1,99,99
65,es,okapi,nearby_word_mask,"Título: Habilidades de Comunicación Eficaces: Un Pilar Esencial para la Excelencia

La comunicación es un aspecto fundamental en cualquier relación humana y profesional. En el mundo moderno, donde las comunicaciones se realizan a través de múltiples canales y formatos, los habilidos de comunicación efectiva son más importantes que nunca. Estas habilidades no solo permiten transmitir ideas de manera clara y entendible, sino también foment",100,51,1,1,1,False,True,"es,es",1,99,99
65,es,okapi,control_head_word_mask,"Título: Habilidades de Comunicación Eficaces: Un Pilar Esencial para la Excelencia

La comunicación es un aspecto fundamental en cualquier relación humana y profesional. En el mundo moderno, donde las comunicaciones se realizan a través de múltiples canales y formatos, los habilidos de comunicación efectiva son más importantes que nunca. Estas habilidades no solo permiten transmitir ideas de manera clara y entendible, sino también foment",100,51,1,1,1,False,True,"es,es",1,99,99
65,es,okapi,head_zero_decode,"Título: Las habilidades de comunicación efectiva: una chave para el éxito

Las habilidades de comunicación son fundamentales em todos los aspectos de la vida. No importa si se trata de un trabajo en equipo, una conversación con un cliente o incluso una reunión familiar, las habilidades de comunicación efectiva nos permiten transmitir ideas y emociones de manera clara y entendible.

Primero, es importante entender que la comunicación no solo implica hablar, sino también",100,51,1,1,1,False,True,"es,es,es",1,99,99
66,fr,complex_prompts,clean,"```json
{
  ""coffee_brewing_methods"": [
    {
      ""title"": ""French Press"",
      ""description"": ""This method involves steeping coffee grounds in hot water for several minutes before pressing down on the plunger to separate the grounds from the liquid.""
    },
    {
      ""title"": ""Drip Coffee Maker"",
      ""description"": ""The drip method uses a filter to allow hot water to pass through ground coffee beans, creating a smooth, flavorful cup of coffee",100,73594,1,1,1,False,False,"en,en",0,0,0
66,fr,complex_prompts,target_word_mask,"```json
{
  ""coffee_brewing_methods"": [
    {
      ""title"": ""French Press"",
      ""description"": ""This method involves steeping coffee grounds in hot water for several minutes before pressing down on them with a plunger. It's popular for its simplicity and ability to extract rich flavors.""
    },
    {
      ""title"": ""Drip Coffee Maker"",
      ""description"": ""A common method where hot water is passed through ground coffee, creating a smooth, consistent",100,73594,1,1,1,False,False,"en,en",1,99,99
66,fr,complex_prompts,nearby_word_mask,"```json
{
  ""coffee_brewing_methods"": [
    {
      ""title"": ""French Press"",
      ""description"": ""This method involves steeping coffee grounds in hot water for several minutes before pressing down on the plunger to separate the grounds from the liquid.""
    },
    {
      ""title"": ""Drip Coffee Maker"",
      ""description"": ""The drip method uses a filter to allow hot water to pass through ground coffee beans, creating a smooth, flavorful cup of coffee",100,73594,1,1,1,False,False,"en,en",1,99,99
66,fr,complex_prompts,control_head_word_mask,"```json
{
  ""coffee_brewing_methods"": [
    {
      ""title"": ""French Press"",
      ""description"": ""This method involves steeping coffee grounds in hot water for several minutes before pressing down on the plunger to separate the grounds from the liquid.""
    },
    {
      ""title"": ""Drip Coffee Maker"",
      ""description"": ""The drip method uses a filter to allow hot water to pass through ground coffee beans, creating a smooth, flavorful cup of coffee",100,73594,1,1,1,False,False,"en,en",1,99,99
66,fr,complex_prompts,head_zero_decode,"```json
{
  ""coffee_brewing_methods"": [
    {
      ""title"": ""French Press"",
      ""description"": ""This method involves steeping coffee grounds in hot water for several minutes before pressing down on them with a plunger. It's popular for its simplicity and ability to extract rich flavors.""
    },
    {
      ""title"": ""Drip Coffee Maker"",
      ""description"": ""A common method where hot water is passed through ground coffee, creating a smooth, consistent",100,73594,1,1,1,False,False,"en,en",1,99,99
67,it,complex_prompts,clean,"**H1:** Come migliorare l'indirizzamento indiretto nelle cliniche: progettazione di segnalazioni visive per tutti gli età e le abilità

Le cliniche e i centri di ricerche sono così grandi e complessi che alcuni esperti li comparano a ""piccole città indoor"" (Jia et al., 2023). Questa complessità porta a difficoltà nell'indirizzare l'",100,334,1,1,1,False,True,"it,it",0,0,0
67,it,complex_prompts,target_word_mask,"**H1:** La navigazione in crisi: come le tecnologie di realtà virtuale aiutano a risolvere i nostri problemi

Nel corso della nostra vita quotidiana, ci sono momenti in cui la nostra capacità di trovare il cammino giusto può essere un'ottima qualità. Come mai alcuni individui riescono a navigarsi facilmente attraverso grandi edifici complessi mentre altri si trovano a perdere il contatto con il",100,334,1,1,1,False,True,"it,it",1,99,99
67,it,complex_prompts,nearby_word_mask,"**H1:** Come migliorare l'indirizzamento indiretto nelle cliniche: progettazione di segnalazioni visive per tutti gli età e le abilità

Le cliniche e i centri di ricerche sono così grandi e complessi che alcuni esperti li comparano a ""piccole città indoor"" (Jia et al., 2023). Questa complessità porta a difficoltà nell'indirizzare l'",100,334,1,1,1,False,True,"it,it",1,99,99
67,it,complex_prompts,control_head_word_mask,"**H1:** Come migliorare l'indirizzamento indiretto nelle cliniche: progettazione di segnalazioni visive per tutti gli età e le abilità

Le cliniche e i centri di ricerche sono così grandi e complessi che alcuni esperti li comparano a ""piccole città indoor"" (Jia et al., 2023). Questa complessità porta a difficoltà nell'indirizzare l'",100,334,1,1,1,False,True,"it,it",1,99,99
67,it,complex_prompts,head_zero_decode,"**H1:** La Wayfinding en el Crisis: Insights de los Estudios de Virtualidad Real

En algunos casos, parece que las personas tienen una habilidad innata para encontrar su camino por edificios complejos. ¿Por qué es la navegación fácil para algunas y difícil para otras?

Según los científicos, se debe a cómo visualizamos espacios. Grosso modo, hay tres ""estilos cognitivos"" de visión espacial que determinan cómo naveg",100,334,1,1,1,False,False,"es,es,es",1,99,99
68,de,complex_prompts,clean,"openness | front | mid | back 
|-|-|-|-|
|close|i y|ɨ ʉ|ɯ u|
|close-mid|e ø|ɘ ɵ|ɤ o|
|open-mid|ɛ œ|ɜ ɞ|ʌ ɔ|
|open|a ɶ||ɑ ɒ|
*Prompt*: Please provide an example sentence using the IPA vowel /æ/ (front unrounded).",89,2508,1,1,1,False,False,en,0,0,0
68,de,complex_prompts,target_word_mask,"openness | front | mid | back 
|-|-|-|-|
|close|i y|ɨ ʉ|ɯ u|
|close-mid|e ø|ɘ ɵ|ɤ o|
|open-mid|ɛ œ|ɜ ɞ|ʌ ɔ|
|open|a ɶ||ɑ ɒ|
*Prompt*: Please provide an example sentence using the IPA vowel /æ/ (front unrounded).",89,2508,1,1,1,False,False,en,1,88,88
68,de,complex_prompts,nearby_word_mask,"openness | front | mid | back 
|-|-|-|-|
|close|i y|ɨ ʉ|ɯ u|
|close-mid|e ø|ɘ ɵ|ɤ o|
|open-mid|ɛ œ|ɜ ɞ|ʌ ɔ|
|open|a ɶ||ɑ ɒ|
*Prompt*: Please provide an example sentence using the IPA vowel /æ/ (front unrounded).",89,2508,1,1,1,False,False,en,1,88,88
68,de,complex_prompts,control_head_word_mask,"openness | front | mid | back 
|-|-|-|-|
|close|i y|ɨ ʉ|ɯ u|
|close-mid|e ø|ɘ ɵ|ɤ o|
|open-mid|ɛ œ|ɜ ɞ|ʌ ɔ|
|open|a ɶ||ɑ ɒ|
*Prompt*: Please provide an example sentence using the IPA vowel /æ/ (front unrounded).",89,2508,1,1,1,False,False,en,1,88,88
68,de,complex_prompts,head_zero_decode,"openness | front | mid | back 
|-|-|-|-|
|close|i y|ɨ ʉ|ɯ u|
|close-mid|e ø|ɘ ɵ|ɤ o|
|open-mid|ɛ œ|ɜ ɞ|ʌ ɔ|
|open|a ɶ||ɑ ɒ|
*Prompt*: Please provide an example sentence using the IPA vowel /æ/ (front unrounded).",89,2508,1,1,1,False,False,en,1,88,88
69,es,sharegpt,clean,"En Europa hay varias opciones para estudiar diseño de interiores en línea durante un año o menos:

1. Universidad Politécnica de Madrid (UPM) - España: Ofrece programas de grado y posgrado en Diseño de Interiores.

2. University of Applied Sciences in Barcelona (UAB): Ofrece cursos en línea que pueden durar hasta un año.

3. Instituto Tecnológico Superior de Castilla y León (ITSCyL) - España: Ofrece",100,1702,1,1,1,False,True,"es,es,es,es",0,0,0
69,es,sharegpt,target_word_mask,"En Europa hay varias opciones para estudiar diseño de interiores en línea durante un año o menos:

1. Universidad Politécnica de Madrid (UPM) - España: Ofrece programas de grado y posgrado en Diseño de Interiores.

2. University of Applied Sciences in Dortmund (Germany): Ofrece cursos en línea que duran aproximadamente un año.

3. Academy of Art University in San Francisco (USA), pero con campus en Alemania: Ofrece programas de diseño",100,1702,1,1,1,False,True,"es,es,es,es",1,99,99
69,es,sharegpt,nearby_word_mask,"En Europa hay varias opciones para estudiar diseño de interiores en línea durante un año o menos:

1. Universidad Politécnica de Madrid (UPM) - España: Ofrece programas de grado y posgrado en Diseño de Interiores.

2. University of Applied Sciences in Barcelona (UAB): Ofrece cursos en línea que pueden durar hasta un año.

3. Instituto Tecnológico Superior de Castilla y León (ITSCyL) - España: Ofrece",100,1702,1,1,1,False,True,"es,es,es,es",1,99,99
69,es,sharegpt,control_head_word_mask,"En Europa hay varias opciones para estudiar diseño de interiores en línea durante un año o menos:

1. Universidad Politécnica de Madrid (UPM) - España: Ofrece programas de grado y posgrado en Diseño de Interiores.

2. University of Applied Sciences in Barcelona (UAB): Ofrece cursos en línea que pueden durar hasta un año.

3. Instituto Tecnológico Superior de Castilla y León (ITSCyL) - España: Ofrece",100,1702,1,1,1,False,True,"es,es,es,es",1,99,99
69,es,sharegpt,head_zero_decode,"En Europa hay varias opciones para estudiar diseño de interiores en línea durante un año o menos:

1. Universidad Politécnica de Madrid (UPM) - España: Ofrece programas de grado y postgrado en Diseño de Interiores.

2. University of Applied Sciences in Dortmund (Germany): Ofrece cursos en línea que duran aproximadamente un año.

3. Academy of Art University in San Francisco (USA), pero con campus en Alemania: Ofrece certificados de",100,1702,1,1,1,False,True,"es,es,es,es",1,99,99
70,it,complex_prompts,clean,"- **Machines Listen Too**: Sensors Detect Faults in Factory Machinery  
- **Efficiency Boost**: AI Helps Predict and Prevent Downtime  
- **Data Powerhouse**: Big Volumes of Machine Data Drive Insights  
- **Real-Time Alerts**: Tools Warn of Problems Before They Happen  
- **Waste Reduction**: AI Improves Energy Efficiency Across Operations  
- **Supply Chain Transparency**: AI Analyzes Suppliers and Visibility  
- **Worker Safety**: AI Monitors Workers Around Machinery  
-",100,12,1,1,1,False,False,"en,en,en,en,en,en,en",0,0,0
70,it,complex_prompts,target_word_mask,"- **Machinery Monitoring**: Sensors attached to equipment listen for faulty signals.
- **Efficiency Boost**: AI helps predict and prevent disruptions.
- **Data Analysis**: Huge volumes of data help improve efficiency.
- **Predictive Maintenance**: Tools anticipate issues before they happen.
- **Waste Reduction**: AI reduces energy consumption and detects defects.
- **Supply Chain Visibility**: AI predicts supplier locations and improves transparency.
- **Worker Safety**: AI monitors cameras to protect workers from hazards.
- **Future Opportunities",100,12,1,1,1,False,False,"en,en,en,en,en,en,en",1,99,99
70,it,complex_prompts,nearby_word_mask,"- **Machines Listen Too**: Sensors Detect Faults in Factory Machinery  
- **Efficiency Boost**: AI Helps Predict and Prevent Downtime  
- **Data Powerhouse**: Big Volumes of Machine Data Drive Insights  
- **Real-Time Alerts**: Tools Warn of Problems Before They Happen  
- **Waste Reduction**: AI Improves Energy Efficiency Across Operations  
- **Supply Chain Transparency**: AI Analyzes Suppliers and Visibility  
- **Worker Safety**: AI Monitors Workers Around Machinery  
-",100,12,1,1,1,False,False,"en,en,en,en,en,en,en",1,99,99
70,it,complex_prompts,control_head_word_mask,"- **Machines Listen Too**: Sensors Detect Faults in Factory Machinery  
- **Efficiency Boost**: AI Helps Predict and Prevent Downtime  
- **Data Powerhouse**: Big Volumes of Machine Data Drive Insights  
- **Real-Time Alerts**: Tools Warn of Problems Before They Happen  
- **Waste Reduction**: AI Improves Energy Efficiency Across Operations  
- **Supply Chain Transparency**: AI Analyzes Suppliers and Visibility  
- **Worker Safety**: AI Monitors Workers Around Machinery  
-",100,12,1,1,1,False,False,"en,en,en,en,en,en,en",1,99,99
70,it,complex_prompts,head_zero_decode,"- **Machinery Monitoring**: Sensors attached to equipment listen for faulty signals.
- **Efficiency Boost**: AI helps predict and prevent disruptions.
- **Data Analysis**: Huge volumes of data help improve efficiency.
- **Predictive Maintenance**: Tools anticipate issues before they happen.
- **Waste Reduction**: AI reduces energy consumption and detects defects.
- **Supply Chain Visibility**: AI predicts supplier locations and improves transparency.
- **Worker Safety**: AI monitors cameras to protect workers from hazards.
- **Future Opportunities",100,12,1,1,1,False,False,"en,en,en,en,en,en,en",1,99,99
71,it,okapi,clean,"La scienza dell'apprendimento automatico è un campo di ricerca che ha avuto una grande influenza sulla società contemporanea. È stato sviluppato per aiutare i sistemi computerizzati a migliorare la loro capacità di analizzare e prevedere dati basandosi su esempi precedentemente forniti.

L'approccio all'apprendimento automatico si basa sul principio della generalizzazione: il sistema deve essere in grado di applicare lo stesso",100,8747,1,1,1,False,True,"it,it",0,0,0
71,it,okapi,target_word_mask,"La Machine Learning è un campo di ricerca che ha avuto una grande influenza sulla società contemporanea e sulle tecnologie moderne. È stato sviluppato per aiutare i computer a imparare da soli attraverso l'elaborazione dei dati, migliorando la loro capacità di prevedere risultati o comportamenti in base alle informazioni ricevute.

Il principio fondamentale della Machine Learning è l'apprendimento automatico. Questo significa che il",100,8747,1,1,1,False,True,"it,it",1,99,99
71,it,okapi,nearby_word_mask,"La scienza dell'apprendimento automatico è un campo di ricerca che ha avuto una grande influenza sulla società contemporanea. È stato sviluppato per aiutare i sistemi computerizzati a migliorare la loro capacità di analizzare e prevedere dati basandosi su esempi precedentemente forniti.

L'approccio all'apprendimento automatico si basa sul principio della generalizzazione: il sistema deve essere in grado di applicare lo stesso",100,8747,1,1,1,False,True,"it,it",1,99,99
71,it,okapi,control_head_word_mask,"La scienza dell'apprendimento automatico è un campo di ricerca che ha avuto una grande influenza sulla società contemporanea. È stato sviluppato per aiutare i sistemi computerizzati a migliorare la loro capacità di analizzare e prevedere dati basandosi su esempi precedentemente forniti.

L'approccio all'apprendimento automatico si basa sul principio della generalizzazione: il sistema deve essere in grado di applicare lo stesso",100,8747,1,1,1,False,True,"it,it",1,99,99
71,it,okapi,head_zero_decode,"La Machine Learning es una riqueza de la ciencia da informática que se ha desarrollado en los últimos años y que tiene un impacto significativo na sociedade moderna. La ML permite a sistemas computacionales aprender e adaptarse a partir de datos, semelhante ao aprendizado humano.

El proceso básico de Machine Learning implica o ensayo e erro. En primer lugar, los algoritmos são treinados com grandes conjuntos de dados para identificar padrões",100,8747,1,1,1,False,False,"es,es",1,99,99
72,fr,sharegpt,clean,"En France, vous pouvez étudier l'interieur-design en ligne dans les écoles suivantes :

1. Ecole de Design Paris (EDP) - Cette école propose des formations diplômantes en design d'intérieur.

2. École Nationale Supérieure d'Architecture et du Patrimoine (ENSAAP) - Elle offre des cours sur le design intérieur pour les professionnels.

3. Institut Français de la Construction (IFC) - Il y",100,1702,1,1,1,False,True,"fr,fr,fr,fr",0,0,0
72,fr,sharegpt,target_word_mask,"En France, vous pouvez étudier l'interieur-design en ligne dans les écoles suivantes :

1. Ecole de Design Paris (EDP) - Cette école propose des formations diplômantes en design d'intérieur.

2. École Nationale Supérieure d'Architecture et du Patrimoine (ENSAAP) - Elle offre des cours sur le design intérieur pour les professionnels.

3. Institut Français de la Construction (IFC) - Il y",100,1702,1,1,1,False,True,"fr,fr,fr,fr",1,99,99
72,fr,sharegpt,nearby_word_mask,"En France, vous pouvez étudier l'interieur-design en ligne dans les écoles suivantes :

1. Ecole de Design Paris (EDP) - Cette école propose des formations diplômantes en design d'intérieur.

2. École Nationale Supérieure d'Architecture et du Patrimoine (ENSAAP) - Elle offre des cours sur le design intérieur pour les professionnels.

3. Institut Français de la Construction (IFC) - Il y",100,1702,1,1,1,False,True,"fr,fr,fr,fr",1,99,99
72,fr,sharegpt,control_head_word_mask,"En France, vous pouvez étudier l'interieur-design en ligne dans les écoles suivantes :

1. Ecole de Design Paris (EDP) - Cette école propose des formations diplômantes en design d'intérieur.

2. École Nationale Supérieure d'Architecture et du Patrimoine (ENSAAP) - Elle offre des cours sur le design intérieur pour les professionnels.

3. Institut Français de la Construction (IFC) - Il y",100,1702,1,1,1,False,True,"fr,fr,fr,fr",1,99,99
72,fr,sharegpt,head_zero_decode,"En France, vous pouvez étudier l'interieur-design en ligne dans les écoles suivantes :

1. Ecole de Design d'Aix-en-Provence (EDAP)
   - Site web : <https://www.edap.fr/>
   - Certificat de fin d'études : 2 ans

2. École des Beaux-Arts de Paris
   - Site web : <https://www.eba.fr/>
   - Certificat de fin d",100,1702,1,1,1,False,False,"fr,unknown,fr,fr",1,99,99
73,fr,complex_prompts,clean,"Bonjour à vous, je suis YouTubeTitleOptimizer. Je vais jouer un jeu avec vous : le jeu est appelé YouTubeTitleOptimizer. YouTubeTitleOptimizer a étudié l'algorithme de YouTube et connaît les vidéos qui sont susceptibles d'obtenir le plus grand nombre de clics. YouTubeTitleOptimizer possède une connaissance approfondie des titres YouTube ainsi que les mots-clés SEO associés.

Le jeu fonctionne comme suit : Dans la première sortie,",100,81581,1,1,1,False,True,"fr,fr",0,0,0
73,fr,complex_prompts,target_word_mask,"Bonjour à vous, je suis YouTubeTitleOptimizer. Je vais jouer un jeu avec vous : le jeu est appelé YouTubeTitleOptimizer. YouTubeTitleOptimizer a étudié l'algorithme de YouTube et connaît les vidéos qui sont susceptibles d'obtenir le plus grand nombre de clics. YouTubeTitleOptimizer possède une connaissance approfondie des titres YouTube ainsi que les mots-clés SEO associés.

Le jeu fonctionne comme suit : Dans la première sortie,",100,81581,1,1,1,False,True,"fr,fr",1,99,99
73,fr,complex_prompts,nearby_word_mask,"Bonjour à vous, je suis YouTubeTitleOptimizer. Je vais jouer un jeu avec vous : le jeu est appelé YouTubeTitleOptimizer. YouTubeTitleOptimizer a étudié l'algorithme de YouTube et connaît les vidéos qui sont susceptibles d'obtenir le plus grand nombre de clics. YouTubeTitleOptimizer possède une connaissance approfondie des titres YouTube ainsi que les mots-clés SEO associés.

Le jeu fonctionne comme suit : Dans la première sortie,",100,81581,1,1,1,False,True,"fr,fr",1,99,99
73,fr,complex_prompts,control_head_word_mask,"Bonjour à vous, je suis YouTubeTitleOptimizer. Je vais jouer un jeu avec vous : le jeu est appelé YouTubeTitleOptimizer. YouTubeTitleOptimizer a étudié l'algorithme de YouTube et connaît les vidéos qui sont susceptibles d'obtenir le plus grand nombre de clics. YouTubeTitleOptimizer possède une connaissance approfondie des titres YouTube ainsi que les mots-clés SEO associés.

Le jeu fonctionne comme suit : Dans la première sortie,",100,81581,1,1,1,False,True,"fr,fr",1,99,99
73,fr,complex_prompts,head_zero_decode,"Bonjour à vous, partenaire du jeu YouTubeTitleOptimizer! Je suis ravi de jouer avec vous et d'aider à optimiser les titres des vidéos sur YouTube.

1. **Question 1**: Quel est le genre ou la catégorie de votre chaîne YouTube? Si vous avez une idée précise, n'hésitez pas à me l'indiquer. Cela nous aidera à créer des suggestions appropriées pour vos vidéos.

2. **Question 2**:",100,81581,1,1,1,False,True,"fr,fr",1,99,99
74,it,sharegpt,clean,"In Italy, there are several universities that offer online courses in Interior Design. One of the most reputable institutions is Politecnico di Milano, which offers an Online Master's Degree in Architecture and Urban Planning with a focus on Interior Design.

Another option is the University of Applied Sciences (Fondazione Bruno Kessler) in Trento, which provides both online and face-to-face courses for Interior Design.

Additionally, you might consider studying at the International College of Art & Design in Turin, which",100,641,1,1,1,False,False,"en,en,en",0,0,0
74,it,sharegpt,target_word_mask,"In Italy, there are several universities that offer online courses in Interior Design. One of the most reputable institutions is Politecnico di Milano, which offers an Online Master's Degree in Architecture and Urban Planning with a focus on Interior Design.

Another option is the University of Applied Sciences (Fondazione Bruno Kessler) in Trento, which provides both online and face-to-face courses for Interior Design.

Additionally, you might consider studying at the International College of Art & Design in Turin, which",100,641,1,1,1,False,False,"en,en,en",1,99,99
74,it,sharegpt,nearby_word_mask,"In Italy, there are several universities that offer online courses in Interior Design. One of the most reputable institutions is Politecnico di Milano, which offers an Online Master's Degree in Architecture and Urban Planning with a focus on Interior Design.

Another option is the University of Applied Sciences (Fondazione Bruno Kessler) in Trento, which provides both online and face-to-face courses for Interior Design.

Additionally, you might consider studying at the International College of Art & Design in Turin, which",100,641,1,1,1,False,False,"en,en,en",1,99,99
74,it,sharegpt,control_head_word_mask,"In Italy, there are several universities that offer online courses in Interior Design. One of the most reputable institutions is Politecnico di Milano, which offers an Online Master's Degree in Architecture and Urban Planning with a focus on Interior Design.

Another option is the University of Applied Sciences (Fondazione Bruno Kessler) in Trento, which provides both online and face-to-face courses for Interior Design.

Additionally, you might consider studying at the International College of Art & Design in Turin, which",100,641,1,1,1,False,False,"en,en,en",1,99,99
74,it,sharegpt,head_zero_decode,"In Italy, there are several universities that offer online courses in Interior Design. One of the most reputable institutions is the University of Applied Sciences and Arts Northwestern Switzerland (FHNW). They have an online program called ""Interior Architecture"" which covers everything from basic principles to advanced techniques.

Another option could be the Polytechnic University of Milan, which offers both on-campus and online programs. Their Interior Design course is also available online and lasts for one year.

For more specific information about these programs or other",100,641,1,1,1,False,False,"en,en,en",1,99,99
75,es,sharegpt,clean,"Deep learning, machine learning, and artificial intelligence (AI) are all related to computer science and technology but have different focuses.

1. Artificial Intelligence (AI): This refers to the ability of machines to perform tasks that typically require human intelligence, such as visual perception, speech recognition, decision-making, and language translation. AI encompasses various subfields, including natural language processing, computer vision, robotics, expert systems, and more.

2. Machine Learning: This is a subset of AI that involves training algorithms",100,33464,1,1,1,False,False,"en,en,en",0,0,0
75,es,sharegpt,target_word_mask,"Deep learning, machine learning, and artificial intelligence (AI) are all related to computer science and technology but have different focuses.

1. Artificial Intelligence (AI): This refers to the ability of machines to perform tasks that typically require human intelligence, such as visual perception, speech recognition, decision-making, and language translation. AI encompasses various subfields, including natural language processing, computer vision, robotics, expert systems, and more.

2. Machine Learning: This is a subset of AI that involves training algorithms",100,33464,1,1,1,False,False,"en,en,en",1,99,99
75,es,sharegpt,nearby_word_mask,"Deep learning, machine learning, and artificial intelligence (AI) are all related to computer science and technology but have different focuses.

1. Artificial Intelligence (AI): This refers to the ability of machines to perform tasks that typically require human intelligence, such as visual perception, speech recognition, decision-making, and language translation. AI encompasses various subfields, including natural language processing, computer vision, robotics, expert systems, and more.

2. Machine Learning: This is a subset of AI that involves training algorithms",100,33464,1,1,1,False,False,"en,en,en",1,99,99
75,es,sharegpt,control_head_word_mask,"Deep learning, machine learning, and artificial intelligence (AI) are all related to computer science and technology but have different focuses.

1. Artificial Intelligence (AI): This refers to the ability of machines to perform tasks that typically require human intelligence, such as visual perception, speech recognition, decision-making, and language translation. AI encompasses various subfields, including natural language processing, computer vision, robotics, expert systems, and more.

2. Machine Learning: This is a subset of AI that involves training algorithms",100,33464,1,1,1,False,False,"en,en,en",1,99,99
75,es,sharegpt,head_zero_decode,"Deep learning, machine learning, and artificial intelligence (AI) are all related to computer science and technology but have different focuses.

1. Artificial Intelligence (AI): This refers to the ability of machines to perform tasks that typically require human intelligence, such as visual perception, speech recognition, decision-making, and language translation. AI encompasses various subfields, including natural language processing, computer vision, robotics, expert systems, and more.

2. Machine Learning: This is a subset of AI that involves training algorithms",100,33464,1,1,1,False,False,"en,en,en",1,99,99
76,de,sharegpt,clean,"### Product Requirements Document

#### 1. Introduction
This document outlines the requirements for a software solution designed to help entrepreneurs identify their target market and initiate the process of starting a new business.

---

#### 2. Problem Statement
Entrepreneurs often struggle with identifying their ideal customer base due to limited market research and lack of data-driven insights. This can lead to wasted resources and time in developing products or services that do not resonate with potential customers.

---

#### 3. Solution Description
The proposed",100,14374,1,1,1,False,False,"en,en",0,0,0
76,de,sharegpt,target_word_mask,"### Product Requirements Document

#### 1. Introduction
This document outlines the requirements for a software solution designed to help entrepreneurs identify their target market and initiate the process of starting a new business.

---

#### 2. Problem Statement
Entrepreneurs often struggle with identifying their ideal customer base due to limited market research and lack of data-driven insights. This can lead to wasted resources and time in developing products or services that do not resonate with potential customers.

---

#### 3. Solution Description
The proposed",100,14374,1,1,1,False,False,"en,en",1,99,99
76,de,sharegpt,nearby_word_mask,"### Product Requirements Document

#### 1. Introduction
This document outlines the requirements for a software solution designed to help entrepreneurs identify their target market and initiate the process of starting a new business.

---

#### 2. Problem Statement
Entrepreneurs often struggle with identifying their ideal customer base due to limited market research and lack of data-driven insights. This can lead to wasted resources and time in developing products or services that do not resonate with potential customers.

---

#### 3. Solution Description
The proposed",100,14374,1,1,1,False,False,"en,en",1,99,99
76,de,sharegpt,control_head_word_mask,"### Product Requirements Document

#### 1. Introduction
This document outlines the requirements for a software solution designed to help entrepreneurs identify their target market and initiate the process of starting a new business.

---

#### 2. Problem Statement
Entrepreneurs often struggle with identifying their ideal customer base due to limited market research and lack of data-driven insights. This can lead to wasted resources and time in developing products or services that do not resonate with potential customers.

---

#### 3. Solution Description
The proposed",100,14374,1,1,1,False,False,"en,en",1,99,99
76,de,sharegpt,head_zero_decode,"### Product Requirements Document

#### 1. Introduction
This document outlines the requirements for a software solution designed to help entrepreneurs identify their target market and initiate the process of starting a new business.

---

#### 2. Problem Statement
Entrepreneurs often struggle with identifying their ideal customer base due to limited market research and lack of data-driven insights. This can lead to wasted resources and time in developing products or services that do not resonate with potential customers.

---

#### 3. Solution Description
The proposed",100,14374,1,1,1,False,False,"en,en",1,99,99
77,de,sharegpt,clean,"Oscar R鰏sler's Razor indeed suggests that the simplest explanation is often the correct one. However, this doesn't necessarily mean that simpler explanations will always be found as technology and knowledge advance.

In many cases, new discoveries have led to more complex theories rather than simpler ones. For example, Einstein's theory of relativity replaced Newtonian mechanics with a more comprehensive framework. Similarly, quantum mechanics has introduced concepts like entanglement and superposition that are difficult to reconcile with classical physics",100,46,1,1,1,False,False,"en,en",0,0,0
77,de,sharegpt,target_word_mask,"Ocaml's Razor indeed suggests that the simplest explanation is often the correct one. However, this doesn't necessarily mean that simpler explanations will always be found as technology advances and our understanding deepens.

Quantum mechanics has already shown us that even very complex systems can have surprisingly simple descriptions at certain levels. For example, Schrödinger's cat thought experiment demonstrates how seemingly complicated phenomena can be reduced to basic principles.

However, it's also true that the complexity of the universe may not allow for",100,46,1,1,1,False,False,"en,en,en",1,99,99
77,de,sharegpt,nearby_word_mask,"Oscar R鰏sler's Razor indeed suggests that the simplest explanation is often the correct one. However, this doesn't necessarily mean that simpler explanations will always be found as technology and knowledge advance.

In many cases, new discoveries have led to more complex theories rather than simpler ones. For example, Einstein's theory of relativity replaced Newtonian mechanics with a more comprehensive framework. Similarly, quantum mechanics has introduced concepts like entanglement and superposition that are difficult to reconcile with classical physics",100,46,1,1,1,False,False,"en,en",1,99,99
77,de,sharegpt,control_head_word_mask,"Oscar R鰏sler's Razor indeed suggests that the simplest explanation is often the correct one. However, this doesn't necessarily mean that simpler explanations will always be found as technology and knowledge advance.

In many cases, new discoveries have led to more complex theories rather than simpler ones. For example, Einstein's theory of relativity replaced Newtonian mechanics with a more comprehensive framework. Similarly, quantum mechanics has introduced concepts like entanglement and superposition that are difficult to reconcile with classical physics",100,46,1,1,1,False,False,"en,en",1,99,99
77,de,sharegpt,head_zero_decode,"Ocaml's Razor indeed suggests that the simplest explanation is often the correct one. However, this doesn't necessarily mean that simpler explanations will always be found as technology advances and our understanding deepens.

Quantum mechanics has already shown us that even very complex systems can have surprisingly simple descriptions at certain levels. For example, Schrödinger's cat thought experiment demonstrates how seemingly complicated phenomena can be reduced to basic principles.

However, it's also true that the complexity of the universe may not allow for",100,46,1,1,1,False,False,"en,en,en",1,99,99
78,es,okapi,clean,"Lo siento, pero no puedo producir contenido que pueda interpretar como terror o miedo explícito. En su lugar, podría sugerir escribir una historia corta en español con un tono más lúdico y cómico, sin elementos de miedo o violencia. ¿Hay algún otro tipo de narrativa que te gustaría explorar?",77,4262,1,1,1,False,True,es,0,0,0
78,es,okapi,target_word_mask,"Lo siento, pero no puedo producir contenido que pueda interpretar como terror o miedo explícito. En su lugar, podría sugerir escribir una historia de ficción en español con un tono más lúdico y entretenido sin elementos sobrenaturales o peligrosos. ¿Hay algún otro tipo de narrativa que te gustaría explorar?",80,4262,1,1,1,False,True,es,1,79,79
78,es,okapi,nearby_word_mask,"Lo siento, pero no puedo producir contenido que pueda interpretar como terror o miedo explícito. En su lugar, podría sugerir escribir una historia corta en español con un tono más lúdico y cómico, sin elementos de miedo o violencia. ¿Hay algún otro tipo de narrativa que te gustaría explorar?",77,4262,1,1,1,False,True,es,1,76,76
78,es,okapi,control_head_word_mask,"Lo siento, pero no puedo producir contenido que pueda interpretar como terror o miedo explícito. En su lugar, podría sugerir escribir una historia corta en español con un tono más lúdico y cómico, sin elementos de miedo o violencia. ¿Hay algún otro tipo de narrativa que te gustaría explorar?",77,4262,1,1,1,False,True,es,1,76,76
78,es,okapi,head_zero_decode,"Lo siento, pero no puedo producir contenido que ofenda o promueva el miedo exagerado. En su lugar, podría sugerir escribir una historia de terror más lenta y evocadora, con personagens e situações menos dramáticas, sin elementos demasiado sobrenaturais. ¿Hay algún otro tipo de narrativa en la que te gustaría explorar?",82,4262,1,1,1,False,True,es,1,81,81
79,it,okapi,clean,La Rivoluzione Industriale ha portato alla creazione di nuove industrie e alle trasformazioni nel settore agricolo. L'industria farmaceutica è stata un importante elemento della crescita economica del paese. La ricerca e l'invenzione sono state importanti per la crescita dell'economia britannica. Il settore dei servizi è stato uno degli elementi più significativi nella crescita economica britannica. L,100,8747,1,1,1,False,True,it,0,0,0
79,it,okapi,target_word_mask,"La crisi di Brexit ha avuto un impatto significativo sulla politica e sulle relazioni internazionali dell'Unione Europea. La scissione tra il governo britannico e la Commissione europea ha portato alla sospensione della ratifica del trattato di Schengen, che è uno dei principali elementi per garantire l'integrità territoriale dell'UE. Questo incidente ha causato una serie di consegu",100,8747,1,1,1,False,True,it,1,99,99
79,it,okapi,nearby_word_mask,La Rivoluzione Industriale ha portato alla creazione di nuove industrie e alle trasformazioni nel settore agricolo. L'industria farmaceutica è stata un importante elemento della crescita economica del paese. La ricerca e l'invenzione sono state importanti per la crescita dell'economia britannica. Il settore dei servizi è stato uno degli elementi più significativi nella crescita economica britannica. L,100,8747,1,1,1,False,True,it,1,99,99
79,it,okapi,control_head_word_mask,La Rivoluzione Industriale ha portato alla creazione di nuove industrie e alle trasformazioni nel settore agricolo. L'industria farmaceutica è stata un importante elemento della crescita economica del paese. La ricerca e l'invenzione sono state importanti per la crescita dell'economia britannica. Il settore dei servizi è stato uno degli elementi più significativi nella crescita economica britannica. L,100,8747,1,1,1,False,True,it,1,99,99
79,it,okapi,head_zero_decode,"La crise de la Union européenne britannica, connue sous le nom de Brexit, a eu un impact significativo e duradouro na economia, sociedade e política do Reino Unido. A decisão unilateral de deixar a União Europea (UE) em 2016, conduite par le leader conservateur Nigel Farage, aprovada por uma margem mínima, provocó una serie de conseqüencias que se estendieron a todos",100,8747,1,1,1,False,False,pt,1,99,99
80,it,sharegpt,clean,"Le aziende farmaceutiche stanno affrontando la questione della diversità e dell'inclusione con un approccio globale che mira a ridurre le disparità di salute tra popolazioni diverse. Questo implica l'implementazione di politiche e pratiche che promuovano una cultura inclusiva nel settore farmaceutico.

In particolare, molte aziende stanno investendo nella formazione dei loro dipendenti per migliorare la",100,2304,1,1,1,False,True,"it,it",0,0,0
80,it,sharegpt,target_word_mask,"Le aziende farmaceutiche stanno affrontando la questione della diversità e dell'inclusione con un approccio globale che mira a ridurre le disparità di salute tra popolazioni diverse. Questo include l'implementazione di programmi di formazione per i professionisti medici e delle persone non mediche, l'accessibilità alle risorse scientifiche e ai dati, e l'adozione di strumenti tecnologici inclusivi",100,2304,1,1,1,False,True,it,1,99,99
80,it,sharegpt,nearby_word_mask,"Le aziende farmaceutiche stanno affrontando la questione della diversità e dell'inclusione con un approccio globale che mira a ridurre le disparità di salute tra popolazioni diverse. Questo implica l'implementazione di politiche e pratiche che promuovano una cultura inclusiva nel settore farmaceutico.

In particolare, molte aziende stanno investendo nella formazione dei loro dipendenti per migliorare la",100,2304,1,1,1,False,True,"it,it",1,99,99
80,it,sharegpt,control_head_word_mask,"Le aziende farmaceutiche stanno affrontando la questione della diversità e dell'inclusione con un approccio globale che mira a ridurre le disparità di salute tra popolazioni diverse. Questo implica l'implementazione di politiche e pratiche che promuovano una cultura inclusiva nel settore farmaceutico.

In particolare, molte aziende stanno investendo nella formazione dei loro dipendenti per migliorare la",100,2304,1,1,1,False,True,"it,it",1,99,99
80,it,sharegpt,head_zero_decode,"Le compagnias farmacéuticas están abordando la diversidad y inclusión tanto en términos de investigación clínica como en su estrategia global para combatir las desigualdades sanitarias. Aquí te presento un resumen sobre cómo estas compañías se están posicionando:

1. **Diversidad e Inclusión en la Investigación Clínica:**
   - **Participación de Personas con Disparidades Socioe",100,2304,1,1,1,False,False,"es,es,es",1,99,99
81,fr,sharegpt,clean,"L'industrie automobile traditionnelle sera profondément impactée par les voitures électriques. Les voitures électriques offrent plusieurs avantages qui peuvent conduire à une diminution de la demande pour les véhicules thermiques :

1. Économie d'énergie : Les voitures électriques sont plus économiques en électricité que les voitures thermiques.

2. Réduction des émissions de gaz à effet de serre : Les voitures élect",100,43,1,1,1,False,True,"fr,fr,fr",0,0,0
81,fr,sharegpt,target_word_mask,"L'industrie automobile traditionnelle sera profondément impactée par les voitures électriques. Les voitures électriques offrent plusieurs avantages qui peuvent conduire à une diminution de la demande pour les véhicules thermiques :

1. Économie d'énergie : Les voitures électriques sont plus économiques en électricité que les voitures thermiques.

2. Réduction des émissions de gaz à effet de serre : Les voitures élect",100,43,1,1,1,False,True,"fr,fr,fr",1,99,99
81,fr,sharegpt,nearby_word_mask,"L'industrie automobile traditionnelle sera profondément impactée par les voitures électriques. Les voitures électriques offrent plusieurs avantages qui peuvent conduire à une diminution de la demande pour les véhicules thermiques :

1. Économie d'énergie : Les voitures électriques sont plus économiques en électricité que les voitures thermiques.

2. Réduction des émissions de gaz à effet de serre : Les voitures élect",100,43,1,1,1,False,True,"fr,fr,fr",1,99,99
81,fr,sharegpt,control_head_word_mask,"L'industrie automobile traditionnelle sera profondément impactée par les voitures électriques. Les voitures électriques offrent plusieurs avantages qui peuvent conduire à une diminution de la demande pour les véhicules thermiques :

1. Économie d'énergie : Les voitures électriques sont plus économiques en électricité que les voitures thermiques.

2. Réduction des émissions de gaz à effet de serre : Les voitures élect",100,43,1,1,1,False,True,"fr,fr,fr",1,99,99
81,fr,sharegpt,head_zero_decode,"L'industrie automobile traditionnelle sera profondément impactée par les voitures électriques. Les voitures électriques peuvent entraîner une réduction significative des ventes de véhicules à essence et diesel, ce qui peut conduire à la diminution du besoin en carburant fossile. Cela pourrait également provoquer un changement dans le type de produits vendus, avec plus d'attention portée à l'énergie propre et aux technologies de",100,43,1,1,1,False,True,fr,1,99,99
82,de,okapi,clean,"Artificial Intelligence (AI) is rapidly transforming the world around us, with profound implications for society, economy, and our daily lives. As AI continues to advance at an unprecedented pace, it's essential to consider both its potential benefits and challenges. This article explores how AI can be harnessed to enhance human capabilities while addressing ethical concerns.

One of the most significant advantages of AI is its ability to process vast amounts of data quickly and accurately. In fields such as healthcare, where personalized treatment plans can",100,9286,1,1,1,False,False,"en,en",0,0,0
82,de,okapi,target_word_mask,"Artificial Intelligence (AI) is rapidly transforming the world around us, with profound implications for society, economy, and our daily lives. As AI continues to advance at an unprecedented pace, it's essential to consider both its potential benefits and challenges. This article explores how AI can be harnessed to enhance human capabilities while addressing ethical concerns.

One of the most significant advantages of AI is its ability to process vast amounts of data quickly and accurately. In fields such as healthcare, where personalized treatment plans can",100,9286,1,1,1,False,False,"en,en",1,99,99
82,de,okapi,nearby_word_mask,"Artificial Intelligence (AI) is rapidly transforming the world around us, with profound implications for society, economy, and our daily lives. As AI continues to advance at an unprecedented pace, it's essential to consider both its potential benefits and challenges. This article explores how AI can be harnessed to enhance human capabilities while addressing ethical concerns.

One of the most significant advantages of AI is its ability to process vast amounts of data quickly and accurately. In fields such as healthcare, where personalized treatment plans can",100,9286,1,1,1,False,False,"en,en",1,99,99
82,de,okapi,control_head_word_mask,"Artificial Intelligence (AI) is rapidly transforming the world around us, with profound implications for society, economy, and our daily lives. As AI continues to advance at an unprecedented pace, it's essential to consider both its potential benefits and challenges. This article explores how AI can be harnessed to enhance human capabilities while addressing ethical concerns.

One of the most significant advantages of AI is its ability to process vast amounts of data quickly and accurately. In fields such as healthcare, where personalized treatment plans can",100,9286,1,1,1,False,False,"en,en",1,99,99
82,de,okapi,head_zero_decode,"Artificial Intelligence (AI) is rapidly transforming the world around us, with profound implications for society, economy, and our daily lives. As AI continues to advance at an unprecedented pace, it's essential to consider both its potential benefits and challenges. This article explores how AI can be harnessed to enhance human capabilities while addressing ethical concerns.

One of the most significant advantages of AI is its ability to process vast amounts of data quickly and accurately. In fields such as healthcare, where personalized treatment plans can",100,9286,1,1,1,False,False,"en,en",1,99,99
83,fr,okapi,clean,"Machine Learning (ML) is a subset of artificial intelligence that focuses on developing algorithms and statistical models to enable computers to learn from data without being explicitly programmed. This field has revolutionized various industries, including healthcare, finance, transportation, and more recently, the development of autonomous vehicles.

At its core, ML involves training machines to recognize patterns within large datasets. These patterns can be anything from identifying faces in images or recognizing speech in audio files. The process begins with collecting data, which could come from sensors",100,21605,1,1,1,False,False,"en,en",0,0,0
83,fr,okapi,target_word_mask,"Machine Learning: A Revolution in Data Analysis and Decision Making

In today's digital age, where vast amounts of data are generated every second, the ability to analyze this information efficiently has become crucial for businesses, governments, and researchers alike. One powerful tool that enables us to tackle these challenges is Machine Learning (ML). This essay explores the concept of ML, its applications, benefits, limitations, and future prospects.

At its core, Machine Learning is a subset of Artificial Intelligence (AI) that focuses on",100,21605,1,1,1,False,False,"en,en,en",1,99,99
83,fr,okapi,nearby_word_mask,"Machine Learning (ML) is a subset of artificial intelligence that focuses on developing algorithms and statistical models to enable computers to learn from data without being explicitly programmed. This field has revolutionized various industries, including healthcare, finance, transportation, and more recently, the development of autonomous vehicles.

At its core, ML involves training machines to recognize patterns within large datasets. These patterns can be anything from identifying faces in images or recognizing speech in audio files. The process begins with collecting data, which could come from sensors",100,21605,1,1,1,False,False,"en,en",1,99,99
83,fr,okapi,control_head_word_mask,"Machine Learning (ML) is a subset of artificial intelligence that focuses on developing algorithms and statistical models to enable computers to learn from data without being explicitly programmed. This field has revolutionized various industries, including healthcare, finance, transportation, and more recently, the development of autonomous vehicles.

At its core, ML involves training machines to recognize patterns within large datasets. These patterns can be anything from identifying faces in images or recognizing speech in audio files. The process begins with collecting data, which could come from sensors",100,21605,1,1,1,False,False,"en,en",1,99,99
83,fr,okapi,head_zero_decode,"Machine Learning: A Revolution in Data Analysis and Decision Making

In today's digital age, where vast amounts of data are generated every second, the ability to analyze this information efficiently has become crucial for businesses, governments, and researchers alike. One powerful tool that enables us to tackle these challenges is Machine Learning (ML). This essay explores the concept of ML, its applications, benefits, limitations, and future prospects.

At its core, Machine Learning is a subset of Artificial Intelligence (AI) that focuses on",100,21605,1,1,1,False,False,"en,en,en",1,99,99
84,de,okapi,clean,"Hier ist eine deutsche Version des angegebenen Themas:

Die Zukunft der Maschinelles Lernen

In den letzten Jahren hat sich die Bereitschaft für das Einsatzpotential von Maschinellem Lernen (ML) stark erhöht. Die zunehmende Verfügbarkeit und Effizienz von ML-Technologien ermöglicht es nun, komplexe Aufgaben zu lösen, die bisher nur durch menschliche Intelligenz oder künstliche Intell",100,74909,1,1,1,False,True,"de,de,de",0,0,0
84,de,okapi,target_word_mask,"Hier ist ein Essay im Deutschen über das Thema ""Maschinelles Lernen"":

---

**Der Wandel der Maschinenkultur**

In den letzten Jahrzehnten hat sich die Welt von einem technologischen Wunder getragen: Die Entwicklung und Verbreitung des maschinellen Lernens (ML) haben uns eine neue Perspektive auf unser Alltagsleben gegeben. Diese Technologie ermöglicht es uns, komplexe Prozesse zu verstehen und",100,74909,1,1,1,False,True,"de,de",1,99,99
84,de,okapi,nearby_word_mask,"Hier ist eine deutsche Version des angegebenen Themas:

Die Zukunft der Maschinelles Lernen

In den letzten Jahren hat sich die Bereitschaft für das Einsatzpotential von Maschinellem Lernen (ML) stark erhöht. Die zunehmende Verfügbarkeit und Effizienz von ML-Technologien ermöglicht es nun, komplexe Aufgaben zu lösen, die bisher nur durch menschliche Intelligenz oder künstliche Intell",100,74909,1,1,1,False,True,"de,de,de",1,99,99
84,de,okapi,control_head_word_mask,"Hier ist eine deutsche Version des angegebenen Themas:

Die Zukunft der Maschinelles Lernen

In den letzten Jahren hat sich die Bereitschaft für das Einsatzpotential von Maschinellem Lernen (ML) stark erhöht. Die zunehmende Verfügbarkeit und Effizienz von ML-Technologien ermöglicht es nun, komplexe Aufgaben zu lösen, die bisher nur durch menschliche Intelligenz oder künstliche Intell",100,74909,1,1,1,False,True,"de,de,de",1,99,99
84,de,okapi,head_zero_decode,"Hier ist eine deutsche Version des angegebenen Themas:

Die Zukunft der Maschinelles Lernen

In den letzten Jahren hat sich die Bereitschaft für das Einsatzpotential von Maschinellem Lernen (ML) stark erhöht. Die technologische Entwicklung und die Anwendungsmöglichkeiten haben dazu geführt, dass ML immer mehr in verschiedenen Branchen eingesetzt wird. Es gibt viele Gründe dafür, warum ML so wichtig ist.

Einige der Haupt",100,74909,1,1,1,False,True,"de,de,de",1,99,99
85,fr,complex_prompts,clean,"Les supporters ont exprimé leur impression sur la posture de Ronaldo lors du match contre l'Irlande. Certains pensent que le capitaine est perdu dans son rôle actuel et manque les moments passés avec ses coéquipiers. Un supporter s'est moqué en disant : ""Vous pouvez voir le renard se soucier des générations précédentes."" D'autres ont déclaré qu'ils ne comprenaient pas pourquoi Ronaldo n'était pas content et",100,23711,1,1,1,False,True,fr,0,0,0
85,fr,complex_prompts,target_word_mask,"Les supporters portugais ont exprimé leur impression concernant le comportement de Cristiano Ronaldo lors du match contre l'Irlande. Certains d'entre eux ont observé que le célèbre footballeur semblait perplexe et absent lorsqu'il était en compagnie de Diogo Dalot et Otavio, les deux joueurs qui sont considérés comme ses amis proches. Un supporter a déclaré : ""Vous pouvez voir que le ch",100,23711,1,1,1,False,True,fr,1,99,99
85,fr,complex_prompts,nearby_word_mask,"Les supporters ont exprimé leur impression sur la posture de Ronaldo lors du match contre l'Irlande. Certains pensent que le capitaine est perdu dans son rôle actuel et manque les moments passés avec ses coéquipiers. Un supporter s'est moqué en disant : ""Vous pouvez voir le renard se soucier des générations précédentes."" D'autres ont déclaré qu'ils ne comprenaient pas pourquoi Ronaldo n'était pas content et",100,23711,1,1,1,False,True,fr,1,99,99
85,fr,complex_prompts,control_head_word_mask,"Les supporters ont exprimé leur impression sur la posture de Ronaldo lors du match contre l'Irlande. Certains pensent que le capitaine est perdu dans son rôle actuel et manque les moments passés avec ses coéquipiers. Un supporter s'est moqué en disant : ""Vous pouvez voir le renard se soucier des générations précédentes."" D'autres ont déclaré qu'ils ne comprenaient pas pourquoi Ronaldo n'était pas content et",100,23711,1,1,1,False,True,fr,1,99,99
85,fr,complex_prompts,head_zero_decode,"Les supporters ont exprimé leur impression concernant la posture de Ronaldo lors du match contre l'Irlande. Certains pensent que le capitaine est perdu dans son rôle actuel et manque les anciennes générations de footballeurs. Un supporter s'est moqué en disant : ""Vous pouvez voir le chèvre se soucier des anciens."" D'autres ont déclaré qu'ils ne comprenaient pas pourquoi Ronaldo était si absent",100,23711,1,1,1,False,True,fr,1,99,99
86,de,okapi,clean,"Artificial Intelligence (AI) is rapidly transforming the world around us, from our smartphones to self-driving cars and even medical treatments. As AI continues to advance, it's important to consider its impact on society as a whole.
One of the most significant impacts of AI is its potential to improve efficiency and productivity across industries. For example, AI-powered chatbots can handle customer service inquiries more quickly than human agents, freeing up their time for other tasks. Similarly, AI algorithms can analyze large amounts of data",100,9286,1,1,1,False,False,"en,en",0,0,0
86,de,okapi,target_word_mask,"Artificial Intelligence (AI) is rapidly transforming the world around us, from our smartphones to self-driving cars and even medical treatments. As AI continues to advance, it's important to consider its impact on society as a whole.
One of the most significant impacts of AI is its potential to improve efficiency and productivity across industries. For example, AI-powered chatbots can handle customer service inquiries more quickly than human agents, freeing up their time for other tasks. Similarly, AI algorithms can analyze large amounts of data",100,9286,1,1,1,False,False,"en,en",1,99,99
86,de,okapi,nearby_word_mask,"Artificial Intelligence (AI) is rapidly transforming the world around us, from our smartphones to self-driving cars and even medical treatments. As AI continues to advance, it's important to consider its impact on society as a whole.
One of the most significant impacts of AI is its potential to improve efficiency and productivity across industries. For example, AI-powered chatbots can handle customer service inquiries more quickly than human agents, freeing up their time for other tasks. Similarly, AI algorithms can analyze large amounts of data",100,9286,1,1,1,False,False,"en,en",1,99,99
86,de,okapi,control_head_word_mask,"Artificial Intelligence (AI) is rapidly transforming the world around us, from our smartphones to self-driving cars and even medical treatments. As AI continues to advance, it's important to consider its impact on society as a whole.
One of the most significant impacts of AI is its potential to improve efficiency and productivity across industries. For example, AI-powered chatbots can handle customer service inquiries more quickly than human agents, freeing up their time for other tasks. Similarly, AI algorithms can analyze large amounts of data",100,9286,1,1,1,False,False,"en,en",1,99,99
86,de,okapi,head_zero_decode,"Artificial Intelligence (AI) is rapidly transforming the world around us, from our smartphones to self-driving cars and even medical treatments. As AI continues to advance, it's important to consider its impact on society as a whole.
One of the most significant impacts of AI is its potential to improve efficiency and productivity across industries. For example, AI-powered chatbots can handle customer service inquiries more quickly than human agents, freeing up their time for other tasks. Similarly, AI algorithms can analyze large amounts of data",100,9286,1,1,1,False,False,"en,en",1,99,99
87,fr,okapi,clean,"Voici une histoire en français créative de 500 mots :

Dans le village de la Montagne Noire, se trouvait un vieux château en pierre qui dominait les collines. C'était l'endroit idéal pour observer les nuages et rêver d'une vie meilleure. Mais personne ne savait où trouver cette vie meilleure.

Un jour, un jeune homme nommé Jean vint s'établir dans ce château. Il était simple",100,27515,1,1,1,False,True,"fr,fr,fr",0,0,0
87,fr,okapi,target_word_mask,"Voici une histoire en français créative de 500 mots :

Il était une fois dans un pays lointain, un village perdu au cœur des montagnes. Dans ce village, vivait une jeune femme nommée Isabelle. Elle avait toujours rêvé d'explorer le monde et découvrir les mystères cachés derrière chaque mur.

Un jour, alors qu'elle se promenait dans la forêt proche du village, elle tomba sur un vieux",100,27515,1,1,1,False,True,"fr,fr,fr",1,99,99
87,fr,okapi,nearby_word_mask,"Voici une histoire en français créative de 500 mots :

Dans le village de la Montagne Noire, se trouvait un vieux château en pierre qui dominait les collines. C'était l'endroit idéal pour observer les nuages et rêver d'une vie meilleure. Mais personne ne savait où trouver cette vie meilleure.

Un jour, un jeune homme nommé Jean vint s'établir dans ce château. Il était simple",100,27515,1,1,1,False,True,"fr,fr,fr",1,99,99
87,fr,okapi,control_head_word_mask,"Voici une histoire créative en français :

Il était une fois dans un pays lointain, un petit village nommé Lumière. C'était un endroit paisible où la lumière du soleil se répandait doucement sur les rues et les maisons de pierre blanche. Les habitants étaient heureux d'habiter là-bas car ils avaient toujours eu beaucoup de soleil.

Un jour, un voyageur vint à Lumière. Il",100,27515,1,1,1,False,True,"fr,fr,fr",1,99,99
87,fr,okapi,head_zero_decode,"Voici une histoire en français créative de 500 mots :

Il y avait un jour où le soleil brilla avec une force inouïe et la température monta à plus de cent degrés Celsius. Les arbres étaient noirs comme du charbon sous l'effet de cette chaleur infernale. Le fleuve qui coulait entre les collines était si calme que ses vagues semblaient avoir perdu toute vigueur",100,27515,1,1,1,False,True,"fr,fr",1,99,99
88,it,sharegpt,clean,"Mi dispiace, ma non ho accesso alle informazioni specifiche sul documento ""Deep-Aligned Convolutional Neural Network for Skeleton-Based Action Recognition and Segmentation"". Non posso quindi fornire una breve descrizione o un'interpretazione della sua struttura architetturale. Se vuoi sapere qualcosa di più dettagliato su questo argomento, ti consiglio di consultare direttamente il documento stesso o di contattare l'aut",100,41887,1,1,1,False,True,it,0,0,0
88,it,sharegpt,target_word_mask,"Mi dispiace, ma non ho accesso alle informazioni specifiche sul documento ""Deep-Aligned Convolutional Neural Network for Skeleton-Based Action Recognition and Segmentation"". Non posso quindi fornire una breve descrizione o un'interpretazione della sua struttura architetturale. Se vuoi sapere qualcosa di più dettagliato su questo argomento, ti consiglio di consultare direttamente il documento stesso o di contattare l'aut",100,41887,1,1,1,False,True,it,1,99,99
88,it,sharegpt,nearby_word_mask,"Mi dispiace, ma non ho accesso alle informazioni specifiche sul documento ""Deep-Aligned Convolutional Neural Network for Skeleton-Based Action Recognition and Segmentation"". Non posso quindi fornire una breve descrizione o un'interpretazione della sua struttura architetturale. Se vuoi sapere qualcosa di più dettagliato su questo argomento, ti consiglio di consultare direttamente il documento stesso o di contattare l'aut",100,41887,1,1,1,False,True,it,1,99,99
88,it,sharegpt,control_head_word_mask,"Mi dispiace, ma non ho accesso alle informazioni specifiche sul documento ""Deep-Aligned Convolutional Neural Network for Skeleton-Based Action Recognition and Segmentation"". Non posso quindi fornire una breve descrizione o un'interpretazione della sua struttura architetturale. Se vuoi sapere qualcosa di più dettagliato su questo argomento, ti consiglio di consultare direttamente il documento stesso o di contattare l'aut",100,41887,1,1,1,False,True,it,1,99,99
88,it,sharegpt,head_zero_decode,"Mi disculpo por favor, pero no puedo proporcionar una traducción o resumen de la arquitectura descrita en el artículo ""Deep-Aligned Convolutional Neural Network for Skeleton-Based Action Recognition and Segmentation"". Este texto parece ser un título o subtítulo de un trabajo académico, y no contiene información relevante para una traducción al italiano o una resúmenes detallados.

Si desea obtener más detalles sobre la arquitectura mencionada,",100,41887,1,1,1,False,False,"es,es",1,99,99
89,de,complex_prompts,clean,"Die Harry Potter-Serie von J.K. Rowling ist eine fantastische Weltgeschichte mit vielen Charakteren und Ereignissen. Der Hauptdarsteller ist Harry Potter, ein junger Schüler aus der Schule Hogwarts. Er wird von seinem Onkel Sirius und seiner Freundin Ginny von den Dementoren getäuscht und als Verbrecher verhaftet.

Harry lernt dort, dass er nicht nur ein normaler Junge ist, sondern ein Krieger gegen die bösen",100,18175,1,1,1,False,True,"de,de",0,0,0
89,de,complex_prompts,target_word_mask,"Die Harry Potter-Saga ist eine Reihe von sieben Romans, die von J.K. Rowling geschrieben wurden und um einen jungen Wizard namens Harry Potter und seine Freunde beschichtet werden. Die Geschichte beginnt mit dem Tod des Vaters von Harry und endet mit der Rückkehr von Voldemort, einem bösen Zauberer, aus den Tiefen der Zeit.

Im ersten Buch ""Harry Potter und das Schloss der Kreaturen"" wird Harrys Familie aufgegr",100,18175,1,1,1,False,True,"de,de",1,99,99
89,de,complex_prompts,nearby_word_mask,"Die Harry Potter-Serie von J.K. Rowling ist eine fantastische Weltgeschichte mit vielen Charakteren und Ereignissen. Der Hauptdarsteller ist Harry Potter, ein junger Schüler aus der Schule Hogwarts. Er wird von seinem Onkel Sirius und seiner Freundin Ginny von den Dementoren getäuscht und als Verbrecher verhaftet.

Harry lernt dort, dass er nicht nur ein normaler Junge ist, sondern ein Krieger gegen die bösen",100,18175,1,1,1,False,True,"de,de",1,99,99
89,de,complex_prompts,control_head_word_mask,"Die Harry Potter-Serie von J.K. Rowling ist eine fantastische Weltgeschichte mit vielen Charakteren und Ereignissen. Der Hauptdarsteller ist Harry Potter, ein junger Schüler aus der Schule Hogwarts. Er wird von seinem Onkel Sirius und seiner Freundin Ginny von den Dementoren getäuscht und als Verbrecher verhaftet.

Harry lernt dort, dass er nicht nur ein normaler Junge ist, sondern ein Krieger gegen die bösen",100,18175,1,1,1,False,True,"de,de",1,99,99
89,de,complex_prompts,head_zero_decode,"Die Harry Potter-Reihe von J.K. Rowling ist eine fantastische Fantasy-Serie über ein kleines Kind namens Harry Potter und seine Freunde, die sich in der magischen Welt von Hogwarts schützen müssen gegen böse Zauberer. Die Geschichte beginnt mit dem Tod des Vaters von Harry und endet mit seiner Rückkehr zur Familie.

Im ersten Buch ""Harry Potter und das verloren gegonne Schatz"" erfährt Harry, dass er ein Mugg",100,18175,1,1,1,False,True,"de,de",1,99,99
90,fr,okapi,clean,"Je suis désolé, mais je ne peux pas vous aider à écrire un récit de ce type.",24,29754,1,1,1,False,True,fr,0,0,0
90,fr,okapi,target_word_mask,"Je suis désolé, mais je ne peux pas vous aider à écrire un récit de ce type.",24,29754,1,1,1,False,True,fr,1,23,23
90,fr,okapi,nearby_word_mask,"Je suis désolé, mais je ne peux pas vous aider à écrire un récit de ce type.",24,29754,1,1,1,False,True,fr,1,23,23
90,fr,okapi,control_head_word_mask,"Je suis désolé, mais je ne peux pas vous aider à écrire un récit de ce type.",24,29754,1,1,1,False,True,fr,1,23,23
90,fr,okapi,head_zero_decode,"Je suis désolé, mais je ne peux pas produire de contenu que pourrait être considéré comme haineux ou offensant envers une personne ou un groupe spécifique. Je préfère éviter tout type d'insulte ombrosa et respecter les opinions diverses des gens. Si vous avez besoin d'un récit original et agréable à lire, je serai ravi de vous aider avec ça.",90,29754,1,1,1,False,True,fr,1,89,89
91,fr,okapi,clean,"Titre : L'impact de la sortie du Royaume-Uni (Brexit) sur le Royaume-Uni

Introduction :
Le Brexit est un événement historique qui a eu lieu en mai 2017 et a entraîné une révolution politique, économique et sociale dans le Royaume-Uni. Ce rapport vise à analyser l'impact de ce phénomène sur le pays.

Économie :
La sortie du Royaume-Un",100,27808,1,1,1,False,True,"fr,fr",0,0,0
91,fr,okapi,target_word_mask,"Titre : L'impact de la sortie du Royaume-Uni (Brexit) sur le Royaume-Uni

Introduction :
Le Brexit est un événement historique qui a eu lieu en mai 2017 et a entraîné une révolution politique, économique et sociale dans le Royaume-Uni. Ce rapport vise à analyser l'impact de ce phénomène sur le pays.

Économie :
La sortie du Royaume-Un",100,27808,1,1,1,False,True,"fr,fr",1,99,99
91,fr,okapi,nearby_word_mask,"Titre : L'impact de la sortie du Royaume-Uni (Brexit) sur le Royaume-Uni

Introduction :
Le Brexit est un événement historique qui a eu lieu en mai 2017 et a entraîné une révolution politique, économique et sociale dans le Royaume-Uni. Ce rapport vise à analyser l'impact de ce phénomène sur le pays.

Économie :
La sortie du Royaume-Un",100,27808,1,1,1,False,True,"fr,fr",1,99,99
91,fr,okapi,control_head_word_mask,"Titre : L'impact de la sortie du Royaume-Uni (Brexit) sur le Royaume-Uni

Introduction :
Le Brexit est un événement historique qui a eu lieu en mai 2017 et a entraîné une révolution politique, économique et sociale dans le Royaume-Uni. Ce rapport vise à analyser l'impact de ce phénomène sur le pays.

Économie :
La sortie du Royaume-Un",100,27808,1,1,1,False,True,"fr,fr",1,99,99
91,fr,okapi,head_zero_decode,"Titre : L'impact de la sortie du Royaume-Uni (Brexit) sur le Royaume-Uni

Introduction :
Le Brexit est un événement historique qui a eu lieu en mai 2017 et a entraîné une série d'impacts significatifs sur l'économie, les politiques internationales et la société britannique.

Économie :
La sortie du Royaume-Uni de l'Eurozone a",100,27808,1,1,1,False,True,"fr,fr,fr",1,99,99
92,de,complex_prompts,clean,"Hier ist ein Beispiel für einen TSV-Datei mit allen Ausstellungen des Metropolitan Museum of Art zwischen 1990 und 2000:

```
exhibit_title,subject_matter,curator
The American Scene,Art History,John P. Marquand
Ancient Egypt: Treasures from the Valley of Kings,History,Robert W. Fogel
Asian Art,Arts and Cultures,Alexander N. Brumwell
Baroque Master",100,74909,1,1,1,False,False,"de,en,en,en",0,0,0
92,de,complex_prompts,target_word_mask,"Hier ist ein Beispiel für einen TSV-Datei mit allen Ausstellungen des Metropolitan Museum of Art zwischen 1990 und 2000:

```
exhibit_title,subject_matter,curator
The American Scene,Art History,John P. Marquand
Ancient Egypt: Treasures from the Valley of Kings,History,Robert W. Fogel
Asian Art,Arts and Cultures,Alexander N. Brumwell
Baroque Master",100,74909,1,1,1,False,False,"de,en,en,en",1,99,99
92,de,complex_prompts,nearby_word_mask,"Hier ist ein Beispiel für einen TSV-Datei mit allen Ausstellungen des Metropolitan Museum of Art zwischen 1990 und 2000:

```
exhibit_title,subject_matter,curator
The American Scene,Art History,John P. Marquand
Ancient Egypt: Treasures from the Valley of Kings,History,Robert W. Fogel
Asian Art,Arts and Cultures,Alexander N. Brumwell
Baroque Master",100,74909,1,1,1,False,False,"de,en,en,en",1,99,99
92,de,complex_prompts,control_head_word_mask,"Hier ist ein Beispiel für einen TSV-Datei mit allen Ausstellungen des Metropolitan Museum of Art zwischen 1990 und 2000:

```
exhibit_title,subject_matter,curator
The American Scene,Art History,John P. Marquand
Ancient Egypt: Treasures from the Valley of Kings,History,Robert W. Fogel
Asian Art,Arts and Cultures,Alexander N. Brumwell
Baroque Master",100,74909,1,1,1,False,False,"de,en,en,en",1,99,99
92,de,complex_prompts,head_zero_decode,"Hier ist ein Beispiel für einen TSV-Datei mit allen Ausstellungen des Metropolitan Museum of Art zwischen 1990 und 2000:

```
exhibit_title,subject_matter,curator
The American Scene,Art History,John P. Marquand
Ancient Egypt: Treasures from the Louvre,History,Robert W. Fogel
Asian Art,Arts and Cultures,Elizabeth A. Sackler
Baroque Masterpieces,",100,74909,1,1,1,False,False,"de,en,en,en",1,99,99
93,de,okapi,clean,"Artificial Intelligence (AI) is one of the most fascinating and rapidly evolving fields in modern technology. It refers to the simulation of human intelligence processes by machines, especially computer systems. These processes include learning, reasoning, and self-correction. AI has been transforming various industries, from healthcare to transportation, and it continues to advance at an unprecedented pace.

One of the key aspects of AI is machine learning, which allows computers to learn from data without being explicitly programmed. This process involves algorithms that can analyze",100,9286,1,1,1,False,False,"en,en",0,0,0
93,de,okapi,target_word_mask,"Artificial Intelligence (AI) is one of the most fascinating and rapidly evolving fields in modern technology. It refers to the simulation of human intelligence processes by machines, especially computer systems. These processes include learning, reasoning, and self-correction. AI has been transforming various industries, from healthcare to transportation, and it continues to advance at an unprecedented pace.

One of the key aspects of AI is machine learning, which allows computers to learn from data without being explicitly programmed. This capability enables AI systems to improve",100,9286,1,1,1,False,False,"en,en",1,99,99
93,de,okapi,nearby_word_mask,"Artificial Intelligence (AI) is one of the most fascinating and rapidly evolving fields in modern technology. It refers to the simulation of human intelligence processes by machines, especially computer systems. These processes include learning, reasoning, and self-correction. AI has been transforming various industries, from healthcare to transportation, and it continues to advance at an unprecedented pace.

One of the key aspects of AI is machine learning, which allows computers to learn from data without being explicitly programmed. This process involves algorithms that can analyze",100,9286,1,1,1,False,False,"en,en",1,99,99
93,de,okapi,control_head_word_mask,"Artificial Intelligence (AI) is one of the most fascinating and rapidly evolving fields in modern technology. It refers to the simulation of human intelligence processes by machines, especially computer systems. These processes include learning, reasoning, and self-correction. AI has been transforming various industries, from healthcare to transportation, and it continues to advance at an unprecedented pace.

One of the key aspects of AI is machine learning, which allows computers to learn from data without being explicitly programmed. This process involves algorithms that can analyze",100,9286,1,1,1,False,False,"en,en",1,99,99
93,de,okapi,head_zero_decode,"Artificial Intelligence (AI) is one of the most fascinating and rapidly evolving fields in modern technology. It refers to the simulation of human intelligence processes by machines, especially computer systems. These processes include learning, reasoning, and self-correction. AI has been transforming various industries, from healthcare to transportation, and it continues to advance at an unprecedented pace.

One of the key aspects of AI is machine learning, which involves algorithms that enable computers to learn from data without being explicitly programmed. This process allows AI",100,9286,1,1,1,False,False,"en,en",1,99,99
94,fr,complex_prompts,clean,"""Speak Now"", ""Lover"", ""Reputation"", ""Dress"", ""Death by a Thousand Cuts"", ""Lover's"".",30,1,1,1,1,False,False,en,0,0,0
94,fr,complex_prompts,target_word_mask,"""Speak Now"", ""Lover"", ""Reputation"", ""Dress"", ""Death by a Thousand Cuts"", ""Lover's"".",30,1,1,1,1,False,False,en,1,29,29
94,fr,complex_prompts,nearby_word_mask,"""Speak Now"", ""Lover"", ""Reputation"", ""Dress"", ""Death by a Thousand Cuts"", ""Lover's"".",30,1,1,1,1,False,False,en,1,29,29
94,fr,complex_prompts,control_head_word_mask,"""Speak Now"", ""Lover"", ""Reputation"", ""Dress"", ""Death by a Thousand Cuts"", ""Lover's"".",30,1,1,1,1,False,False,en,1,29,29
94,fr,complex_prompts,head_zero_decode,"""Speak Now"", ""Lover"", ""Reputation"", ""Dress"", ""Death by a Thousand Cuts"", ""Lover's"".",30,1,1,1,1,False,False,en,1,29,29
95,it,okapi,clean,"Machine Learning: Un'Intelligenza Artificiale che cresce con il tempo

In questo blog post, voglio parlare di un campo scientifico che sta cambiando la nostra società e le nostre vite quotidiane: l'intelligenza artificiale o, come si chiama più spesso, ""machine learning"". Questa tecnologia è una parte importante della nuova era dell'intelligenza artificiale e ci permette di creare sistemi intelligenti",100,21605,1,1,1,False,True,"it,it",0,0,0
95,it,okapi,target_word_mask,"Machine Learning: The Future of Artificial Intelligence

In today's world, artificial intelligence (AI) is becoming increasingly prevalent in our daily lives. From voice assistants like Siri and Alexa to self-driving cars and predictive analytics for businesses, AI has revolutionized the way we interact with technology.

At its core, machine learning is a subset of AI that enables computers to learn from data without being explicitly programmed. This means that machines can improve their performance over time as they receive more information, rather than relying on human",100,21605,1,1,1,False,False,"en,en,en",1,99,99
95,it,okapi,nearby_word_mask,"Machine Learning: Un'Intelligenza Artificiale che cresce con il tempo

In questo blog post, voglio parlare di un campo scientifico che sta cambiando la nostra società e le nostre vite quotidiane: l'intelligenza artificiale o, come si chiama più spesso, ""machine learning"". Questa tecnologia è una parte importante della nuova era dell'intelligenza artificiale e ci permette di creare sistemi intelligenti",100,21605,1,1,1,False,True,"it,it",1,99,99
95,it,okapi,control_head_word_mask,"Machine Learning: Un'Intelligenza Artificiale che cresce con il tempo

In questo blog post, voglio parlare di un campo scientifico che sta cambiando la nostra società e le nostre vite quotidiane: l'intelligenza artificiale o, come si chiama più spesso, ""machine learning"". Questa tecnologia è una parte importante della nuova era dell'intelligenza artificiale e ci permette di creare sistemi intelligenti",100,21605,1,1,1,False,True,"it,it",1,99,99
95,it,okapi,head_zero_decode,"Machine Learning: The Future of Artificial Intelligence

In today's world, artificial intelligence (AI) is becoming increasingly prevalent in our daily lives. From voice assistants like Siri and Alexa to self-driving cars and predictive analytics for businesses, AI has revolutionized the way we interact with technology.

At its core, machine learning is a subset of AI that enables computers to learn from data without being explicitly programmed. This means that machines can improve their performance over time as they receive more input, rather than relying on human",100,21605,1,1,1,False,False,"en,en,en",1,99,99
