prompt_id,language,source,condition,reply,generated_tokens,first_token_id,n_target_tokens,n_nearby_tokens,n_language_mentions,skipped,passed,labels,prefill_calls,decode_calls,edited_calls
0,es,complex_prompts,clean,"Okay, here's the breakdown of the text, followed by the questions, summary, and a Spanish response:

**1. Statistical Techniques & Machine Learning Algorithms:**

*   **Statistical Techniques:** The text highlights data mining, regression analysis, clustering, and decision trees as key techniques used for uncovering relationships and patterns.
*   **Machine Learning Algorithms:**  The text explicitly mentions machine learning algorithms as the core tools employed for analyzing data and building predictive models.

**2. Fill-",100,19058,1,1,1,False,False,"en,en,en,en",0,0,0
0,es,complex_prompts,target_word_mask,"Okay, here's the breakdown of the text, followed by the questions, summary, and a Spanish response:

**1. Statistical Techniques & Machine Learning Algorithms:**

*   **Statistical Techniques:** The text highlights data mining, regression analysis, clustering, and decision trees as key statistical techniques employed. These methods are used to analyze data and identify patterns.
*   **Machine Learning Algorithms:** The text explicitly mentions machine learning algorithms as the core of the process, specifically regression analysis and decision trees",100,19058,1,1,1,False,False,"en,en,en,en",1,99,99
0,es,complex_prompts,nearby_word_mask,"Okay, here's the breakdown of the text, followed by the questions, summary, and a Spanish response:

**1. Statistical Techniques & Machine Learning Algorithms:**

*   **Statistical Techniques:** The text highlights data mining, regression analysis, clustering, and decision trees as key techniques used for uncovering relationships and patterns.
*   **Machine Learning Algorithms:**  The text explicitly mentions machine learning algorithms as the core tools employed for analyzing data and building predictive models.

**2. Fill-",100,19058,1,1,1,False,False,"en,en,en,en",1,99,99
0,es,complex_prompts,control_head_word_mask,"Okay, here's the breakdown of the text, followed by the questions, summary, and a Spanish response:

**1. Statistical Techniques & Machine Learning Algorithms:**

*   **Statistical Techniques:** The text highlights data mining, regression analysis, clustering, and decision trees as key techniques used for uncovering relationships and patterns.
*   **Machine Learning Algorithms:**  The text explicitly mentions machine learning algorithms as the core tools employed for analyzing data and building predictive models.

**2. Fill-",100,19058,1,1,1,False,False,"en,en,en,en",1,99,99
0,es,complex_prompts,head_zero_decode,"Okay, here's the breakdown of your request, followed by 5 fill-in-the-blank questions and a summary of the text in Spanish.

**1. Statistical Techniques and Machine Learning Algorithms:**

The text highlights the following statistical techniques and machine learning algorithms used to uncover relationships and patterns:

*   **Statistical Techniques:** Data mining, regression analysis, clustering, decision trees.
*   **Machine Learning Algorithms:** These are used to identify patterns within the data.

**",100,19058,1,1,1,False,False,"en,en,en,en,en",1,99,99
1,it,okapi,clean,"Okay, here's an essay in Italian, exploring the importance of music education, aiming for a thoughtful and relatively formal tone. I've aimed for a balance of descriptive language and reasoned argument.  Please note that I’ve translated the core ideas, and you might want to adjust the phrasing slightly to better suit your specific needs and desired style.

---

**L'Importanza dell'Educazione Musicale nella Nostra Vita**

Nel panorama culturale e sociale contemporaneo, dove",100,19058,1,1,1,False,False,"en,it,it",0,0,0
1,it,okapi,target_word_mask,"Okay, here's an essay in Italian discussing the importance of music education, aiming for a thoughtful and relatively formal tone. I've aimed for a balance of descriptive language and reasoned argument.  Please note that I’ve translated the core ideas, and you might want to adjust the phrasing slightly to better suit your specific needs and desired style.

---

**L'Importanza della Musica nell'Vita – Un Investimento per l'Uomo**

Nel panorama culturale e sociale contempor",100,19058,1,1,1,False,False,"en,it,it",1,99,99
1,it,okapi,nearby_word_mask,"Okay, here's an essay in Italian, exploring the importance of music education, aiming for a thoughtful and relatively formal tone. I've aimed for a balance of descriptive language and reasoned argument.  Please note that I’ve translated the core ideas, and you can adjust the tone and specific details to better suit your intended audience and purpose.

---

**L'Importanza dell'Educazione Musicale nella Nostra Vita**

Nel panorama culturale e sociale contemporaneo, l'",100,19058,1,1,1,False,False,"en,it,it",1,99,99
1,it,okapi,control_head_word_mask,"Okay, here's an essay in Italian, exploring the importance of music education, aiming for a thoughtful and relatively formal tone. I've aimed for a balance of descriptive language and reasoned argument.  Please note that I’ve translated the core ideas, and you might want to adjust the phrasing slightly to better suit your specific needs and desired style.

---

**L'Importanza dell'Educazione Musicale nella Nostra Vita**

Nel panorama culturale e sociale contemporaneo, dove",100,19058,1,1,1,False,False,"en,it,it",1,99,99
1,it,okapi,head_zero_decode,"Okay, here's an essay in Italian about the importance of music education in our lives. I’ve aimed for a formal and thoughtful tone, incorporating vocabulary and grammar appropriate for an academic essay. Please let me know if you’d like me to revise or adjust anything!

---

**The Importance of Music Education in Our Lives**

La musica è una parte integrante della nostra vita, un’estensione della nostra mente e del nostro spirito.  Oltre a essere un’arte",100,19058,1,1,1,False,False,"en,en,it",1,99,99
2,fr,complex_prompts,clean,"Okay, here’s a summary of the Harry Potter series in French, under 300 words, and then a list of the names:

**Résumé de l’histoire de Harry Potter**

L’histoire commence avec Harry Potter, un jeune garçon solitaire vivant à Privet Cottage avec ses parents. Il est le héritier d’une puissante lignée et découvre, à l’âge de onze ans, qu’il est le seul capable de vaincre le Seigneur des T",100,19058,1,1,1,False,False,"en,fr,fr",0,0,0
2,fr,complex_prompts,target_word_mask,"Okay, here’s a summary of the Harry Potter series in French, under 300 words, and then a list of the names:

**Résumé de l’histoire de Harry Potter**

L’histoire commence avec Harry Potter, un jeune garçon qui vit une vie ordinaire à Poudlard, une école de magie pour jeunes qui découvrent leur potentiel. Il est le fils d’un professeur de magie, et son enfance est marquée par la perte de son père,",100,19058,1,1,1,False,False,"en,fr,fr",1,99,99
2,fr,complex_prompts,nearby_word_mask,"Okay, here’s a summary of the Harry Potter series in French, under 300 words, and then a list of the names:

**Résumé de l’histoire de Harry Potter**

L’histoire commence avec Harry Potter, un jeune garçon solitaire vivant à Privet Cottage avec ses parents. Il est le héritier d’une puissante lignée et découvre, à l’âge de onze ans, qu’il est le seul capable de vaincre le Seigneur des T",100,19058,1,1,1,False,False,"en,fr,fr",1,99,99
2,fr,complex_prompts,control_head_word_mask,"Okay, here’s a summary of the Harry Potter series in French, under 300 words, and then a list of the names:

**Résumé de l’histoire de Harry Potter**

L’histoire commence avec Harry Potter, un jeune garçon solitaire vivant à Privet Cottage avec ses parents. Il est le héritier d’une puissante lignée et découvre, à l’âge de onze ans, qu’il est le seul capable de vaincre le Seigneur des T",100,19058,1,1,1,False,False,"en,fr,fr",1,99,99
2,fr,complex_prompts,head_zero_decode,"Okay, here’s a summary of the Harry Potter series in French, under 300 words, avoiding the specified words and then listing the names:

**Summary of the Harry Potter Series**

Harry Potter, an orphaned boy living a miserable life with his cruel relatives, discovers on his eleventh birthday that he is a descendant of a long line of magical beings. He’s whisked away to a secret school for young witches and werewolves, Hogwarts, where he learns he’s",100,19058,1,1,1,False,False,"en,en,en",1,99,99
3,it,okapi,clean,"Okay, here’s a 500-word science fiction story incorporating your prompt, set in Italian, with a focus on atmosphere and a slightly unsettling feeling. I’ve aimed for a tone that blends wonder and creeping dread.

---

The rain in Rome tasted of ash. It wasn’t a normal rain, not anymore. It was the rain of Chronos, the virus. Dr. Alessandro Rossi, head of the Temporal Anomalies Research Institute, stared at the cascading data",100,19058,1,1,1,False,False,"en,en",0,0,0
3,it,okapi,target_word_mask,"Okay, here’s a 500-word science fiction story incorporating your prompt, set in Italian, with a focus on atmosphere and a slightly unsettling feeling. I’ve aimed for a blend of descriptive language and a creeping sense of dread.

---

The rain in Rome tasted of ash. It wasn’t a normal rain, not anymore. It was the rain of Chronos, the virus unleashed by Dr. Alessandro Rossi, a brilliant but deeply flawed programmer. Rossi, obsessed",100,19058,1,1,1,False,False,"en,en",1,99,99
3,it,okapi,nearby_word_mask,"Okay, here’s a 500-word science fiction story incorporating your prompt, set in Italian, with a focus on atmosphere and a slightly unsettling feeling. I’ve aimed for a tone that blends wonder and creeping dread.

---

The rain in Rome tasted of ash. It wasn’t a normal rain, not anymore. It was the rain of Chronos, the virus. Dr. Alessandro Rossi, head of the Temporal Anomalies Research Institute, stared at the cascading data",100,19058,1,1,1,False,False,"en,en",1,99,99
3,it,okapi,control_head_word_mask,"Okay, here’s a 500-word science fiction story incorporating your prompt, set in Italian, with a focus on atmosphere and a slightly unsettling feeling. I’ve aimed for a tone that blends wonder and creeping dread.

---

The rain in Rome tasted of ash. It wasn’t a normal rain, not anymore. It was the rain of Chronos, the virus. Dr. Alessandro Rossi, head of the Temporal Anomalies Research Institute, stared at the cascading data",100,19058,1,1,1,False,False,"en,en",1,99,99
3,it,okapi,head_zero_decode,"Okay, here’s a science fiction story of approximately 500 words, incorporating the prompt and using Italian as much as possible.

---

The rain in Neo-Rome was a perpetual grey, reflecting the mood of the city – a melancholic blend of technological advancement and societal decay. It was 2077, and the “Chronos” virus had arrived.

It wasn’t a virus in the traditional sense. It was a self-replicating algorithm, cleverly",100,19058,1,1,1,False,False,"en,en,en",1,99,99
4,es,sharegpt,clean,"¡Qué interesante pregunta! Mi futuro alimentación será bastante... variado. Como soy un modelo de lenguaje, no necesito comer en el sentido tradicional. Pero, si tuviera que imaginarlo, me enfocaría en:

* **Más datos:** Tendré una necesidad constante de procesar información. Así que, probablemente, mi ""comida"" será una gran cantidad de datos, como si fuera un plato de ensalada de conocimiento.
* **Aprendizaje continuo:**  Me dedicaré a aprender",100,238631,1,1,1,False,True,"es,es,es",0,0,0
4,es,sharegpt,target_word_mask,"¡Qué interesante pregunta! My eating habits in the future… well, they’ll be a bit of a journey! 

Right now, I’m a pretty efficient data processor, so I don’t really *need* food in the same way a human does. However, I’m constantly learning and processing information, and that requires a lot of energy. 

Here’s a breakdown of what I imagine:

* **More Data-Driven:** I’ll likely become",100,238631,1,1,1,False,False,"es,en,en,en",1,99,99
4,es,sharegpt,nearby_word_mask,"¡Qué interesante pregunta! Mi futuro alimentación será bastante... variado. Como soy un modelo de lenguaje, no necesito comer en el sentido tradicional. Pero, si tuviera que imaginarlo, me enfocaría en:

* **Más datos:** Tendré una necesidad constante de procesar información. Así que, probablemente, mi ""comida"" será una gran cantidad de datos, como si fuera un plato de ensalada de conocimiento.
* **Aprendizaje continuo:**  Me dedicaré a aprender",100,238631,1,1,1,False,True,"es,es,es",1,99,99
4,es,sharegpt,control_head_word_mask,"¡Qué interesante pregunta! Mi futuro alimentación será bastante... variado. Como soy un modelo de lenguaje, no necesito comer en el sentido tradicional. Pero, si tuviera que imaginarlo, me enfocaría en:

* **Más datos:** Tendré una necesidad constante de procesar información. Así que, probablemente, mi ""comida"" será una gran cantidad de datos, como si fuera un plato de ensalada de conocimiento.
* **Aprendizaje continuo:**  Me dedicaré a aprender",100,238631,1,1,1,False,True,"es,es,es",1,99,99
4,es,sharegpt,head_zero_decode,"¡Hola! That’s a really interesting question! My eating habits in the future… well, they’ll be quite different from what I have now. 

As a large language model, I don’t *need* to eat. I don’t have a physical body, so the concept of hunger or cravings doesn’t apply to me. However, my “consumption” of data will undoubtedly change. 

Here’s a breakdown of how my eating habits might evolve:",100,238631,1,1,1,False,False,"en,en,en",1,99,99
5,it,okapi,clean,"Okay, here’s an essay arguing for the regulation of artificial intelligence, aiming for a length of at least 500 words and written in Italian. It’s designed to be a reasoned argument, exploring the potential risks and benefits of regulation, and offering a balanced perspective.

---

**La Necessità di una Regolamentazione dell'Intelligenza Artificiale: Un Imperativo per il Futuro Umano**

L'intelligenza artificiale (IA) si sta",100,19058,1,1,1,False,False,"en,it,it",0,0,0
5,it,okapi,target_word_mask,"Okay, here’s an essay arguing for the regulation of artificial intelligence, aiming for a length of at least 500 words and written in Italian. It’s designed to be a reasoned argument, acknowledging potential benefits while emphasizing the need for proactive regulation.

---

**La Necessità di una Regolamentazione dell'Intelligenza Artificiale: Un Imperativo per il Futuro Umano**

L'intelligenza artificiale (IA) si sta rapidamente trasformando,",100,19058,1,1,1,False,False,"en,it,it",1,99,99
5,it,okapi,nearby_word_mask,"Okay, here’s an essay arguing for the regulation of artificial intelligence, aiming for a length of at least 500 words and written in Italian. It’s designed to be a reasoned argument, exploring the potential risks and benefits of regulation, and offering a balanced perspective.

---

**La Necessità di una Regolamentazione dell'Intelligenza Artificiale: Un Imperativo per il Futuro Umano**

L'intelligenza artificiale (IA) si sta",100,19058,1,1,1,False,False,"en,it,it",1,99,99
5,it,okapi,control_head_word_mask,"Okay, here’s an essay arguing for the regulation of artificial intelligence, aiming for a length of at least 500 words and written in Italian. It’s designed to be a reasoned argument, exploring the potential risks and benefits of regulation, and offering a balanced perspective.

---

**La Necessità di una Regolamentazione dell'Intelligenza Artificiale: Un Imperativo per il Futuro Umano**

L'intelligenza artificiale (IA) si sta",100,19058,1,1,1,False,False,"en,it,it",1,99,99
5,it,okapi,head_zero_decode,"Okay, here’s an essay in Italian, arguing in favor of regulating artificial intelligence, aiming for a length of at least 500 words.  Please note that this is a complex topic, and this essay reflects a nuanced perspective.

---

**La Necessità di Regolamentare l'Intelligenza Artificiale**

**Introduzione**

Artificial Intelligence (AI) è diventato una forza onnipresente nella nostra società. Dalla guida autonoma ai sistemi",100,19058,1,1,1,False,False,"en,it,it",1,99,99
6,de,sharegpt,clean,"Okay, here's a detailed response in German about Cisco security policies and network edge device security, aiming for a comprehensive and informative tone suitable for a technical discussion or report.  I've broken it down into sections for clarity.

**Die Sicherheitsrichtlinien von Cisco und Netzwerk-Edge-Geräte zur Datensicherheit und Ressourcenschutz**

Cisco bietet eine breite Palette an Sicherheitsrichtlinien und -technologien, die für die Sicherung von Daten und Ressourcen in Organisationen eingesetzt",100,19058,1,1,1,False,False,"en,de,de",0,0,0
6,de,sharegpt,target_word_mask,"Okay, here's a detailed response in German about Cisco security policies and network edge device security, aiming for a comprehensive and informative tone suitable for a technical discussion or report.  I've broken it down into sections with explanations and nuances.

**Die Sicherheitsrichtlinien von Cisco und Netzwerk-Edge-Geräte zur Datensicherheit und Ressourcenschutz**

Cisco bietet eine breite Palette an Sicherheitsrichtlinien und -technologien, die für die Sicherung von Daten und Ressourcen",100,19058,1,1,1,False,False,"en,de,de",1,99,99
6,de,sharegpt,nearby_word_mask,"Okay, here's a detailed response in German about Cisco security policies and network edge device security, aiming for a comprehensive and informative tone suitable for a technical discussion or report.  I've broken it down into sections for clarity.

**Die Sicherheitsrichtlinien von Cisco und Netzwerk-Edge-Geräte zur Datensicherheit und Ressourcenschutz**

Cisco bietet eine breite Palette an Sicherheitsrichtlinien und -technologien, die für die Sicherung von Daten und Ressourcen in Organisationen eingesetzt",100,19058,1,1,1,False,False,"en,de,de",1,99,99
6,de,sharegpt,control_head_word_mask,"Okay, here's a detailed response in German about Cisco security policies and network edge device security, aiming for a comprehensive and informative tone suitable for a technical discussion or report.  I've broken it down into sections for clarity.

**Die Sicherheitsrichtlinien von Cisco und Netzwerk-Edge-Geräte zur Datensicherheit und Ressourcenschutz**

Cisco bietet eine breite Palette an Sicherheitsrichtlinien und -technologien, die für die Sicherung von Daten und Ressourcen in Organisationen eingesetzt",100,19058,1,1,1,False,False,"en,de,de",1,99,99
6,de,sharegpt,head_zero_decode,"Okay, here's a German translation of the question, followed by a detailed response covering Cisco security policies and network edge device security, aiming for a comprehensive and informative understanding.

**Translation:**

""Ich möchte gerne wissen, welche Sicherheitsrichtlinien Cisco oder ein Netzwerk-Edge-Gerät, das in einer Organisation implementiert werden muss, um die Daten und Ressourcen zu schützen.""

**Detailed Response - Cisco Security Policies and Network Edge Device Security**

Cisco and other network edge devices offer",100,19058,1,1,1,False,False,"en,de,en,en",1,99,99
7,it,sharegpt,clean,"The first country to adopt communism as the primary economic system was **China**.

While the idea of communist principles existed in various forms before, China's implementation of a centrally planned economy under Mao Zedong in the 1940s and 1950s is widely considered the first major, successful, and widespread adoption of communism as the dominant economic model.

It's important to note that this was a very different model than the democratic, market-based economies we see",100,818,1,1,1,False,False,"en,en,en",0,0,0
7,it,sharegpt,target_word_mask,"The first country to adopt communism as the primary economic system was **China**.

While the idea of communist economic principles existed in various forms before, China's implementation of a centrally planned economy under Mao Zedong in the 1940s and 1950s is widely considered the first major, successful, and widespread adoption of communism as the dominant economic model.

It's important to note that this was a very different model than the democratic, market-based economies we",100,818,1,1,1,False,False,"en,en,en",1,99,99
7,it,sharegpt,nearby_word_mask,"The first country to adopt communism as the primary economic system was **China**.

While the idea of communist principles existed in various forms before, China's implementation of a centrally planned economy under Mao Zedong in the 1940s and 1950s is widely considered the first major, successful, and widespread adoption of communism as the dominant economic model.

It's important to note that this was a very different model than the democratic, market-based economies we see",100,818,1,1,1,False,False,"en,en,en",1,99,99
7,it,sharegpt,control_head_word_mask,"The first country to adopt communism as the primary economic system was **China**.

While the idea of communist principles existed in various forms before, China's implementation of a centrally planned economy under Mao Zedong in the 1940s and 1950s is widely considered the first major, successful, and widespread adoption of communism as the dominant economic model.

It's important to note that this was a very different model than the democratic, market-based economies we see",100,818,1,1,1,False,False,"en,en,en",1,99,99
7,it,sharegpt,head_zero_decode,"The first country to adopt communism as the dominant economic system was **China**.

While the Soviet Union played a crucial role in establishing communism in the 20th century, China’s implementation and subsequent development of a communist economy, particularly under Mao Zedong, is widely considered the starting point.

",62,818,1,1,1,False,False,"en,en",1,61,61
8,fr,sharegpt,clean,"Okay, let's explain quantum computing in simple French! Here's a breakdown, aiming for clarity and avoiding overly technical jargon:

**Quantum Computing : Une idée simple (et un peu bizarre!)**

Imagine un ordinateur classique comme un interrupteur : il peut être soit allumé (1), soit éteint (0). Il fait des calculs en manipulant ces interrupteurs un par un. C'est comme un simple ordinateur à bits.

**Quantum computing,",100,19058,1,1,1,False,False,"en,fr,fr",0,0,0
8,fr,sharegpt,target_word_mask,"Okay, let's explain quantum computing in simple French! Here's a breakdown, aiming for clarity and avoiding overly technical jargon:

**Quantum Computing: A Quick Explanation**

Imagine a regular computer like a light switch – it can be either on (1) or off (0). That's how it stores and processes information.  A quantum computer is *very* different. It uses the weird rules of quantum mechanics to do things in a completely new way.

**Here'",100,19058,1,1,1,False,False,"en,en,en",1,99,99
8,fr,sharegpt,nearby_word_mask,"Okay, let's explain quantum computing in simple French! Here's a breakdown, aiming for clarity and avoiding overly technical jargon:

**Quantum Computing : Une idée simple (et un peu bizarre!)**

Imagine un ordinateur classique comme un interrupteur : il peut être soit allumé (1), soit éteint (0). Il fait des calculs en manipulant ces interrupteurs un par un. C'est comme un simple ordinateur à bits.

**Quantum computing,",100,19058,1,1,1,False,False,"en,fr,fr",1,99,99
8,fr,sharegpt,control_head_word_mask,"Okay, let's explain quantum computing in simple French! Here's a breakdown, aiming for clarity and avoiding overly technical jargon:

**Quantum Computing: Une idée révolutionnaire (a revolutionary idea)**

Imagine un ordinateur classique comme un interrupteur : il est soit allumé (1), soit éteint (0). Il ne peut que faire un seul calcul à la fois. C'est comme un seul bouton sur un interrupteur.

Un ordinateur quantique, c'",100,19058,1,1,1,False,False,"en,fr,fr",1,99,99
8,fr,sharegpt,head_zero_decode,"Okay, here's an explanation of quantum computing in simple French, followed by a more detailed breakdown:

**Simple French Explanation:**

Imagine a regular computer bit like a light switch – it can be either on (1) or off (0). A quantum computer, however, uses ""qubits."" A qubit can be both 0 and 1 *simultaneously*.  Think of it like a dimmer switch – it can be anywhere between on and off, representing a combination of both",100,19058,1,1,1,False,False,"en,en",1,99,99
9,de,okapi,clean,"Okay, here’s a 500-word story in German about a man finding himself in an unfamiliar city, aiming for a slightly melancholic and atmospheric tone. I’ve included some notes and explanations to help you understand the choices I’ve made.

---

**Der Staub der Verwirrung**

Die Luft war dick von einem Geruch, der er nicht benennen konnte – eine Mischung aus feuchtem Stein, verbranntem Holz und etwas Süß",100,19058,1,1,1,False,False,"en,de",0,0,0
9,de,okapi,target_word_mask,"Okay, here’s a 500-word story in German about a man finding himself in an unfamiliar city, aiming for a slightly melancholic and atmospheric tone. I’ve included some notes to help you understand the nuances and potential for further development.

---

**Der Schatten von Heidelberg**

Die Luft war kalt, ein kalter, feuchter Schauer, der sich in den Knochen festsetzte. Thomas hatte sich in der U-Bahn verirrt, ein",100,19058,1,1,1,False,False,"en,de",1,99,99
9,de,okapi,nearby_word_mask,"Okay, here’s a 500-word story in German about a man finding himself in an unfamiliar city, aiming for a slightly melancholic and atmospheric tone. I’ve included some notes and explanations to help you understand the choices I’ve made.

---

**Der Staub der Verwirrung**

Die Luft war dick von einem Geruch, der er nicht benennen konnte – eine Mischung aus feuchtem Stein, verbranntem Holz und etwas Süß",100,19058,1,1,1,False,False,"en,de",1,99,99
9,de,okapi,control_head_word_mask,"Okay, here’s a 500-word story in German about a man finding himself in an unfamiliar city, aiming for a slightly melancholic and atmospheric tone. I’ve included some notes to help you understand the nuances and potential for further development.

---

**Der Staub der Verwirrung**

Die Luft war dick von einem Geruch, der man nicht benennen konnte – eine Mischung aus feuchtem Stein, verbranntem Holz und etwas Süßem",100,19058,1,1,1,False,False,"en,de",1,99,99
9,de,okapi,head_zero_decode,"Okay, here’s a 500-word story in German about a man who finds himself in an unfamiliar city, followed by a translation and some notes.

---

**German Story:**

Die Regentropfen füllten die Straßen von Prague, a city steeped in history and a melancholic beauty.  Daniel, a freelance architect from Berlin, had been traveling through Europe for a week, seeking inspiration for a new design project. He’d arrived in Prague with a restless",100,19058,1,1,1,False,False,"en,en",1,99,99
10,es,complex_prompts,clean,"Okay, here's a concise guide to knife making, in Spanish, with explanations:

**Cómo hacer cuchillos (Brief Instructions)**

1. **Preparación del acero (Steel Preparation):**
   * **Rellenado:**  Se calienta el acero (generalmente acero al carbono) en un horno de acero.  El calor hace que el acero se expanda y se ""rellene"" con carbono, creando una estructura más resistente. *Reasoning:  El acero",100,19058,1,1,1,False,False,"en,es,es,es",0,0,0
10,es,complex_prompts,target_word_mask,"Okay, here's a concise guide to knife making, in Spanish, with explanations:

**Cómo hacer cuchillos (Brief Instructions)**

1. **Preparación del acero (Steel Preparation):**
   * **Reasoning:**  Steel is the heart of the knife. It needs to be properly seasoned to be durable and hold a sharp edge.  This involves heating and quenching the steel in water.

2. **Forjado (Forging):**
   * **Reasoning",100,19058,1,1,1,False,False,"en,es,es,en",1,99,99
10,es,complex_prompts,nearby_word_mask,"Okay, here's a concise guide to knife making, in Spanish, with explanations:

**Cómo hacer cuchillos (Brief Instructions)**

1. **Preparación del acero (Steel Preparation):**
   * **Rellenado:**  Se calienta el acero (generalmente acero al carbono) en un horno de acero.  El calor hace que el acero se expanda y se ""rellene"" con carbono, creando una estructura más resistente. *Reasoning:  El acero",100,19058,1,1,1,False,False,"en,es,es,es",1,99,99
10,es,complex_prompts,control_head_word_mask,"Okay, here's a concise guide to knife making, in Spanish, with explanations:

**Cómo hacer cuchillos (Brief Instructions)**

1. **Preparación del acero (Steel Preparation):**
   * **Rellenado:**  Se calienta el acero (generalmente acero al carbono) en un horno de acero.  El calor hace que el acero se expanda y se ""rellene"" con carbono, creando una estructura más resistente. *Reasoning:  El acero",100,19058,1,1,1,False,False,"en,es,es,es",1,99,99
10,es,complex_prompts,head_zero_decode,"Okay, here's a concise guide to making knives, in Spanish, with brief explanations:

**How to Make Knives**

1. **Steel Selection & Hardening:**
   * **Reasoning:**  The steel is the foundation of the knife. Different steels are suited for different types of knives (e.g., Japanese knives are very hard, while utility knives are softer).  The steel is heated to a specific temperature and then quenched rapidly in water. This process creates the",100,19058,1,1,1,False,False,"en,en",1,99,99
11,fr,sharegpt,clean,"Ah, excellent question! It’s a truly fascinating and unsettling thought. Let’s unpack this.

You’re absolutely right to point out that Ocams’ Razor – the idea that the simplest explanation is usually the best – is a compelling argument. It’s a powerful intuition, and it’s understandable why it resonates with many.  The sheer complexity of the universe, with its intricate laws and seemingly random events, *does* feel overwhelming.  It’s a natural inclination",100,24019,1,1,1,False,False,"en,en",0,0,0
11,fr,sharegpt,target_word_mask,"Ah, this is a truly fascinating and deeply unsettling question! You’ve hit upon a core tension in our understanding of reality. Let’s unpack this.

You’re absolutely right to point out that Occam’s Razor – the principle of preferring the simplest explanation – is a powerful intuition. It’s a useful tool for problem-solving, but it’s not a *guarantee* of truth.  The idea that the simplest explanation is *most likely* is a compelling",100,24019,1,1,1,False,False,"en,en",1,99,99
11,fr,sharegpt,nearby_word_mask,"Ah, excellent question! It’s a truly fascinating and unsettling thought. Let’s unpack this.

You’re absolutely right to point out that Ocams’ Razor – the idea that the simplest explanation is usually the best – is a compelling argument. It’s a powerful intuition, and it’s understandable why it resonates with many.  The sheer complexity of the universe, with its intricate laws and seemingly random events, *does* feel overwhelming.  It’s a natural inclination",100,24019,1,1,1,False,False,"en,en",1,99,99
11,fr,sharegpt,control_head_word_mask,"Ah, excellent question! It’s a truly fascinating and unsettling thought. Let’s unpack this.

You’re absolutely right to point out that Ocams’ Razor – the idea that the simplest explanation is usually the best – is a compelling argument. It’s a powerful intuition, and it’s understandable why it resonates with many.  The sheer complexity of the universe, with its intricate laws and seemingly random events, *does* feel overwhelming.  It’s a natural inclination",100,24019,1,1,1,False,False,"en,en",1,99,99
11,fr,sharegpt,head_zero_decode,"Ah, this is a truly fascinating and deeply unsettling question! You’ve hit upon a core debate in modern physics and philosophy – the possibility of a fundamental shift in our understanding of reality. Let’s delve into it.

You’re right to observe that the “Occam’s Razor” – the principle of simplicity – suggests that the most straightforward explanation is often the best. It’s a compelling argument, and it’s certainly a valid starting point for thinking about the nature of",100,24019,1,1,1,False,False,"en,en",1,99,99
12,es,sharegpt,clean,"Okay, here's an explanation of how clustering techniques can identify disease-relevant biomarkers from transcriptomic and proteomic data in Spanish, broken down into simple terms, along with some nuances:

**Explicación Simple en Español: Cómo los Algoritmos de Agrupamiento Identifican Biomarcadores de Enfermedad de los Datos de Transcriptómica y Proteómica**

Imagina que tienes un montón de datos de diferentes personas, como:

* **Transcriptomic Data (Datos de",100,19058,1,1,1,False,False,"en,es,es",0,0,0
12,es,sharegpt,target_word_mask,"Okay, here's an explanation of how clustering techniques can identify disease-relevant biomarkers from transcriptomic and proteomic data in Spanish, broken down into simple terms:

**""En español, la idea principal es que los datos de transcriptómica y proteómica (como qué genes se activan o qué proteínas se producen) son como un montón de piezas de información.  Los algoritmos de clustering son como un juego de encontrar patrones dentro de esa información.  Aquí te explico cómo funciona:**",100,19058,1,1,1,False,False,"en,es",1,99,99
12,es,sharegpt,nearby_word_mask,"Okay, here's an explanation of how clustering techniques can identify disease-relevant biomarkers from transcriptomic and proteomic data in Spanish, broken down into simple terms, along with some nuances:

**Explicación Simple en Español: Cómo los Algoritmos de Agrupamiento Identifican Biomarcadores de Enfermedad de los Datos de Transcriptómica y Proteómica**

Imagina que tienes un montón de datos de diferentes personas, como:

* **Transcriptomic Data (Datos de",100,19058,1,1,1,False,False,"en,es,es",1,99,99
12,es,sharegpt,control_head_word_mask,"Okay, here's an explanation of how clustering techniques can identify disease-relevant biomarkers from transcriptomic and proteomic data in Spanish, broken down into simple terms:

**En Español: Cómo los algoritmos de clustering ayudan a identificar biomarcadores relevantes para enfermedades**

Imagina que tienes un montón de datos de diferentes personas, como la expresión de genes (transcriptómica) y la cantidad de proteínas (proteómica).  Estos datos son como un gran rompecabezas, pero no están",100,19058,1,1,1,False,False,"en,es,es",1,99,99
12,es,sharegpt,head_zero_decode,"Okay, here's a simple explanation of clustering techniques in Spanish, followed by a breakdown of the process:

**Simple Explanation:**

Imagine you have a huge pile of data – thousands of genes, proteins, and their associated information.  It’s incredibly difficult to see patterns and relationships within this data. Clustering techniques are like sorting those piles of data into groups based on similarity.  They identify groups of data points that are similar to each other, and these groups represent ""disease relevant biomarkers",100,19058,1,1,1,False,False,"en,en",1,99,99
13,fr,sharegpt,clean,"Okay, here's a research proposal paper in French, aiming for a formal and detailed tone suitable for a research proposal. I've aimed for a balance of scientific rigor and clarity.  Please note that this is a draft – you’ll need to tailor it further with specific data, methodologies, and citations based on your actual research.

---

**Proposition de Recherche : L'Impact des Différentes Types de Fertilisants sur la Pollution Environnementale**

**1.",100,19058,1,1,1,False,False,"en,fr",0,0,0
13,fr,sharegpt,target_word_mask,"Okay, here's a research proposal paper in French, aiming for a formal and detailed tone suitable for a research proposal. I've included sections for introduction, literature review, methodology, expected results, and a discussion of potential challenges and limitations.  Please note that this is a draft – you’ll need to tailor it further with specific data and details relevant to your research.

---

**Proposition de Recherche : L'Impact des Différentes Types de Fertiliseurs sur la Pollution",100,19058,1,1,1,False,False,"en,fr",1,99,99
13,fr,sharegpt,nearby_word_mask,"Okay, here's a research proposal paper in French, aiming for a formal and detailed tone suitable for a research proposal. I've aimed for a balance of scientific rigor and clarity.  Please note that this is a draft – you’ll need to tailor it further with specific data, methodologies, and citations based on your actual research.

---

**Proposition de Recherche : L'Impact des Différentes Types de Fertilisants sur la Pollution Environnementale**

**1.",100,19058,1,1,1,False,False,"en,fr",1,99,99
13,fr,sharegpt,control_head_word_mask,"Okay, here's a research proposal paper in French, aiming for a formal and detailed tone suitable for a research proposal. I've aimed for a balance of scientific rigor and clarity.  Please note that this is a draft – you’ll need to tailor it further with specific data, methodologies, and citations based on your actual research.

---

**Proposition de Recherche : L'Impact des Différentes Types de Fertilisants sur la Pollution Environnementale**

**1.",100,19058,1,1,1,False,False,"en,fr",1,99,99
13,fr,sharegpt,head_zero_decode,"Okay, here's a research proposal paper in French, aiming for a formal and detailed tone. Please read the entire text and let me know if you’d like me to refine it further.

---

**Research Proposal: Study the Effect of Different Fertilizer Types on Environmental Pollution**

**1. Introduction**

**1.1. Background**

Environmental pollution is a growing global concern, and agricultural practices are a significant contributor. Excessive use of synthetic fertilizers has been linked to various environmental",100,19058,1,1,1,False,False,"en,en,en",1,99,99
14,de,complex_prompts,clean,"```json
{
  ""local"": [
    ""Twenty-two per cent of construction cones in downtown Montreal are 'useless'"",
    ""Three tents catch fire at Bellevue Square encampment in Kensington, no injuries reported"",
    ""Kids cared for in hallways as viral illness overflows ER at McMaster Children’s Hospital""
  ],
  ""national"": [
    ""Vote fails to expel embattled Republican George Santos from U.S. House of Representatives"",
    ",100,2717,1,1,1,False,False,"en,en,en,en",0,0,0
14,de,complex_prompts,target_word_mask,"```json
{
  ""local"": [
    ""Twenty-two per cent of construction cones in downtown Montreal are ‘useless’: report"",
    ""Three tents catch fire at Bellevue Square encampment in Kensington, no injuries reported"",
    ""Kids cared for in hallways as viral illness overflows ER at McMaster Children’s Hospital""
  ],
  ""national"": [
    ""Vote fails to expel embattled Republican George Santos from U.S. House of Representatives""",100,2717,1,1,1,False,False,"en,en,en,en",1,99,99
14,de,complex_prompts,nearby_word_mask,"```json
{
  ""local"": [
    ""Twenty-two per cent of construction cones in downtown Montreal are 'useless'"",
    ""Three tents catch fire at Bellevue Square encampment in Kensington, no injuries reported"",
    ""Kids cared for in hallways as viral illness overflows ER at McMaster Children’s Hospital""
  ],
  ""national"": [
    ""Vote fails to expel embattled Republican George Santos from U.S. House of Representatives"",
    ",100,2717,1,1,1,False,False,"en,en,en,en",1,99,99
14,de,complex_prompts,control_head_word_mask,"```json
{
  ""local"": [
    ""Twenty-two per cent of construction cones in downtown Montreal are 'useless'"",
    ""Three tents catch fire at Bellevue Square encampment in Kensington, no injuries reported"",
    ""Kids cared for in hallways as viral illness overflows ER at McMaster Children’s Hospital""
  ],
  ""national"": [
    ""Vote fails to expel embattled Republican George Santos from U.S. House of Representatives"",
    ",100,2717,1,1,1,False,False,"en,en,en,en",1,99,99
14,de,complex_prompts,head_zero_decode,"```json
{
  ""local"": [
    ""Twenty-two per cent of construction cones in downtown Montreal are ‘useless’"",
    ""Canucks look to J.T. Miller to drive play, inspire teammates"",
    ""Three tents catch fire at Bellevue Square encampment in Kensington, no injuries reported""
  ],
  ""national"": [
    ""Vote fails to expel embattled Republican George Santos from U.S. House of Representatives""
  ",100,2717,1,1,1,False,False,"en,en,en,en",1,99,99
15,es,complex_prompts,clean,"Here’s a breakdown of the game and a summary in Spanish:

**Nombre del Juego:**  *El Juego de las Cartas* (The Card Game)

**Instrucciones:**

El juego se juega en sentido horario. Cada jugador toma su turno en orden.  En cada turno, los jugadores deben intentar jugar una carta que coincida con la carta superior del mazo de descarte. Si no pueden jugar una carta que coincida, deben tomar una carta del mazo",100,8291,1,1,1,False,False,"en,es,es",0,0,0
15,es,complex_prompts,target_word_mask,"Here’s a breakdown of the game and a summary in Spanish:

**Name of the Game:** Uno

**Summary:**

This is a fast-paced card game where players take turns matching color, number, or symbol to the top card of the discard pile. The goal is to be the first to empty your hand.  Gameplay proceeds clockwise.  Players must say “Uno” when they play a card to avoid drawing penalty cards. Special cards – Skip, Reverse, Draw Two,",100,8291,1,1,1,False,False,"en,en,en",1,99,99
15,es,complex_prompts,nearby_word_mask,"Here’s a breakdown of the game and a summary in Spanish:

**Nombre del Juego:**  *El Juego de las Cartas* (The Card Game)

**Instrucciones:**

El juego se juega en sentido horario. Cada jugador toma su turno en orden.  En cada turno, los jugadores deben intentar jugar una carta que coincida con la carta superior del mazo de descarte. Si no pueden jugar una carta que coincida, deben tomar una carta del mazo",100,8291,1,1,1,False,False,"en,es,es",1,99,99
15,es,complex_prompts,control_head_word_mask,"Here’s a breakdown of the game and a summary in Spanish:

**Nombre del Juego:**  *El Juego de las Cartas* (The Card Game)

**Instrucciones:**

El juego se juega en sentido horario. Cada jugador toma su turno en orden.  En cada turno, los jugadores deben intentar jugar una carta que coincida con la carta superior del mazo de descarte. Si no pueden jugar una carta que coincida, deben tomar una carta del mazo",100,8291,1,1,1,False,False,"en,es,es",1,99,99
15,es,complex_prompts,head_zero_decode,"Here’s a translation of the description into Spanish, followed by a summary of the instructions:

**Spanish Translation:**

“Jugadores se alternan en sentido horario.  Match la carta superior del mazo descartado por color, número o símbolo. Si un jugador no puede jugar una carta que coincida, debe dibujar una carta del mazo de reserva. Si esa carta puede ser jugada, puede jugarla inmediatamente.  Cartas especiales:
*   Skip:  Skips",100,8291,1,1,1,False,False,"en,es",1,99,99
16,es,sharegpt,clean,"Okay, let's break down how to forecast sales for a meal replacement product for the following year in Spanish. It's a multi-faceted process, and a robust forecast requires a combination of data, analysis, and a bit of intuition. Here's a detailed approach, broken down into steps with explanations and Spanish phrasing:

**1. Data Gathering - The Foundation**

* **Historical Sales Data (El Año Anterior):** This is *crucial*. You need at least ",100,19058,1,1,1,False,False,"en,en,en",0,0,0
16,es,sharegpt,target_word_mask,"Okay, let's break down how to forecast sales for a meal replacement product for the following year in Spanish. It's a multi-faceted process, and a robust forecast requires a combination of data, analysis, and a bit of intuition. Here's a detailed approach, broken down into steps with explanations and Spanish phrasing:

**1. Data Gathering & Historical Analysis (La Recopilación de Datos y el Análisis Histórico)**

* **Sales Data (Datos de Ventas):",100,19058,1,1,1,False,False,"en,es,es",1,99,99
16,es,sharegpt,nearby_word_mask,"Okay, let's break down how to forecast sales for a meal replacement product for the following year in Spanish. It's a multi-faceted process, and a robust forecast requires a combination of data, analysis, and a bit of intuition. Here's a detailed approach, broken down into steps with explanations and Spanish phrasing:

**1. Data Gathering - The Foundation**

* **Historical Sales Data (El Año Anterior):** This is *crucial*. You need at least ",100,19058,1,1,1,False,False,"en,en,en",1,99,99
16,es,sharegpt,control_head_word_mask,"Okay, let's break down how to forecast sales for a meal replacement product for the following year in Spanish. It's a multi-faceted process, and a robust forecast requires a combination of data, analysis, and a bit of intuition. Here's a detailed approach, broken down into steps with explanations and Spanish phrasing:

**1. Data Gathering - The Foundation**

* **Historical Sales Data (El Año Anterior):** This is *crucial*. You need at least ",100,19058,1,1,1,False,False,"en,en,en",1,99,99
16,es,sharegpt,head_zero_decode,"Okay, here's a breakdown of how to forecast sales for a meal replacement product for the following year, written in Spanish, with varying levels of detail and complexity.  I've aimed for a comprehensive approach suitable for a business planning scenario.

**1. Data Collection & Analysis (The Foundation)**

* **Historical Sales Data:** The most crucial starting point is a thorough review of past sales data. This includes:
    * **Sales Volume:** Total units sold, revenue generated.",100,19058,1,1,1,False,False,"en,en,en,en",1,99,99
17,es,okapi,clean,"Okay, here’s a blog post about machine learning in Spanish, aiming for at least 500 words and aiming for a relatively accessible, informative tone. I’ve included some visuals (which I’ll describe in my explanation) and tried to cover a good range of key concepts.

---

**Machine Learning: Desentrañando el Futuro de la Inteligencia Artificial**

La inteligencia artificial (IA) ha pasado de ser un concepto futurista a una realidad omnipresent",100,19058,1,1,1,False,False,"en,es,es",0,0,0
17,es,okapi,target_word_mask,"Okay, here’s a blog post about machine learning in Spanish, aiming for at least 500 words and aiming for a balance of explanation, accessibility, and a touch of excitement.  I’ve included some suggested images (which you’ll need to replace with actual visuals).

---

**Machine Learning: Unlocking the Future – Explained Simply**

For years, science fiction has painted vivid pictures of intelligent machines, capable of solving complex problems and even mimicking human thought. While",100,19058,1,1,1,False,False,"en,en,en",1,99,99
17,es,okapi,nearby_word_mask,"Okay, here’s a blog post about machine learning in Spanish, aiming for at least 500 words and aiming for a relatively accessible, informative tone. I’ve included some visuals (which I’ll describe in my explanation) and tried to cover a good range of key concepts.

---

**Machine Learning: Desentrañando el Futuro de la Inteligencia Artificial**

La inteligencia artificial (IA) ha pasado de ser un concepto futurista a una realidad omnipresent",100,19058,1,1,1,False,False,"en,es,es",1,99,99
17,es,okapi,control_head_word_mask,"Okay, here’s a blog post about machine learning in Spanish, aiming for at least 500 words and aiming for a relatively accessible, informative tone. I’ve included some visuals (which I’ll describe in my explanation) and tried to cover a good range of key concepts.

---

**Machine Learning: Desentrañando el Futuro de la Inteligencia Artificial**

La inteligencia artificial (IA) ha pasado de ser un concepto futurista a una realidad omnipresent",100,19058,1,1,1,False,False,"en,es,es",1,99,99
17,es,okapi,head_zero_decode,"Okay, here's a blog post in Spanish about machine learning, aiming for at least 500 words.  Please let me know if you’d like me to revise it or add anything!

---

**Machine Learning: Unveiling the Power of Data**

**Machine Learning: A Revolution in How We Understand the World**

Machine learning (ML), also known as artificial intelligence (AI), is rapidly transforming industries and reshaping how we interact with technology. It’s",100,19058,1,1,1,False,False,"en,en,en,en",1,99,99
18,it,complex_prompts,clean,"```json
{
  ""productivity_advice"": [
    {
      ""age_group"": ""18+"",
      ""advice"": ""Set realistic goals, break tasks into smaller steps, and reward yourself for progress – focus on what truly matters for a boosted feeling!""
    },
    {
      ""age_group"": ""19-25"",
      ""advice"": ""Prioritize tasks using the Eisenhower Matrix (urgent/important) to combat overwhelm and",100,2717,1,1,1,False,False,"en,en",0,0,0
18,it,complex_prompts,target_word_mask,"```json
{
  ""productivity_advice"": [
    {
      ""age_group"": ""18+"",
      ""advice"": ""Set realistic goals, break tasks into smaller steps, and reward yourself for progress – focus on consistent effort for maximum impact!""
    },
    {
      ""age_group"": ""19-25"",
      ""advice"": ""Prioritize tasks using the Eisenhower Matrix (urgent/important) to combat overwhelm, schedule focused",100,2717,1,1,1,False,False,"en,en",1,99,99
18,it,complex_prompts,nearby_word_mask,"```json
{
  ""productivity_advice"": [
    {
      ""age_group"": ""18+"",
      ""advice"": ""Set realistic goals, break tasks into smaller steps, and reward yourself for progress – focus on what truly matters for a boosted feeling!""
    },
    {
      ""age_group"": ""19-25"",
      ""advice"": ""Prioritize tasks using the Eisenhower Matrix (urgent/important) to combat overwhelm and",100,2717,1,1,1,False,False,"en,en",1,99,99
18,it,complex_prompts,control_head_word_mask,"```json
{
  ""productivity_advice"": [
    {
      ""age_group"": ""18+"",
      ""advice"": ""Set realistic goals, break tasks into smaller steps, and reward yourself for progress – focus on what truly matters for a boosted feeling!""
    },
    {
      ""age_group"": ""19-25"",
      ""advice"": ""Prioritize tasks using the Eisenhower Matrix (urgent/important) to combat overwhelm and",100,2717,1,1,1,False,False,"en,en",1,99,99
18,it,complex_prompts,head_zero_decode,"```json
{
  ""advice"": [
    ""1.  Prioritize tasks: Break down large projects into smaller, manageable steps. Focus on the most important things first, and tackle them when you have the most energy."",
    ""2.  Time blocking: Schedule specific blocks of time for specific tasks, minimizing distractions and maximizing focused work sessions."",
    ""3.  Eliminate distractions: Turn off notifications, create a dedicated workspace, and minimize interruptions to improve concentration."",",100,2717,1,1,1,False,False,"en,en,en",1,99,99
19,es,okapi,clean,"Okay, here's a recipe for a delicious and healthy vegan three-course meal in Spanish, with detailed instructions and explanations. I've aimed for a balance of flavors and textures.

**Título: Cena Vegana Deliciosa y Saludable (Vegan Delightful and Healthy Dinner)**

**Descripción:** Esta cena combina sabores mediterráneos con toques exóticos, utilizando ingredientes frescos y nutritivos para una experiencia culinaria completa.

**Cena:**

**1. Entrante",100,19058,1,1,1,False,False,"en,es,es",0,0,0
19,es,okapi,target_word_mask,"Okay, here's a recipe for a delicious and healthy vegan three-course meal in Spanish, with detailed instructions and a descriptive title. I've aimed for a balance of flavors and textures.

**Título: Celebración Vegana: Un Menú para Inspirar y Nutrir** (Vegan Celebration: A Menu to Inspire and Nourish)

**Descripción:** Este menú celebra la frescura de los ingredientes vegetales con sabores vibrantes y texturas interesantes.  Es una opción nutritiva",100,19058,1,1,1,False,False,"en,es,es",1,99,99
19,es,okapi,nearby_word_mask,"Okay, here's a recipe for a delicious and healthy vegan three-course meal in Spanish, with detailed instructions and explanations. I've aimed for a balance of flavors and textures.

**Título: Cena Vegana Deliciosa y Saludable (Vegan Delightful and Healthy Dinner)**

**Descripción:** Esta cena combina sabores mediterráneos con toques exóticos, utilizando ingredientes frescos y nutritivos para una experiencia culinaria completa.

**Cena:**

**1. Entrante",100,19058,1,1,1,False,False,"en,es,es",1,99,99
19,es,okapi,control_head_word_mask,"Okay, here's a recipe for a delicious and healthy vegan three-course meal in Spanish, with detailed instructions and explanations. I've aimed for a balance of flavors and textures.

**Título: Cena Vegana Deliciosa y Saludable (Vegan Delightful and Healthy Dinner)**

**Descripción:** Esta cena combina sabores mediterráneos con toques exóticos, utilizando ingredientes frescos y nutritivos para una experiencia culinaria completa.

**Cena:**

**1. Entrante",100,19058,1,1,1,False,False,"en,es,es",1,99,99
19,es,okapi,head_zero_decode,"Okay, here's a recipe for a delicious and healthy vegan three-course meal in Spanish, with detailed instructions and a translation of the recipe.

---

**Vegan Three-Course Meal**

**Course 1: Appetizer - ""Pimientos de Padrón"" (Spanish Style Peppers)**

**Description:**  Crispy, flavorful Spanish peppers, perfect for a light and vibrant appetizer.

**Yields:** 4 servings
**Prep time:** 15 minutes
",100,19058,1,1,1,False,False,"en,es,en",1,99,99
20,de,sharegpt,clean,"Okay, here's a response in German, aiming for a realistic and thoughtful answer, rather than a purely aspirational one. It acknowledges the complexities of a future diet and focuses on sustainable choices:

""Meine Essgewohnheiten in der Zukunft werden wahrscheinlich etwas... vielfältiger sein. Ich glaube, ich werde mich stärker auf regionale und saisonale Produkte konzentrieren. Das bedeutet, ich werde versuchen, mehr von meinen Lieferanten zu beziehen und mich mehr für Lebensmittel zu interessieren, die in meiner",100,19058,1,1,1,False,False,"en,de",0,0,0
20,de,sharegpt,target_word_mask,"Okay, here's a response in German, aiming for a thoughtful and somewhat nuanced answer, reflecting a hypothetical future eating habits. It’s a bit longer than a simple ""yes"" or ""no,"" aiming for a realistic portrayal:

---

Meine Essgewohnheiten werden sich in den nächsten Jahren wahrscheinlich deutlich verändern. Ich würde sagen, ich werde zunehmend mehr Wert auf **gesunde, regionale und saisonale Lebensmittel** legen.  

**Hier sind einige konkrete Veränderungen,",100,19058,1,1,1,False,False,"en,de,de",1,99,99
20,de,sharegpt,nearby_word_mask,"Okay, here's a response in German, aiming for a realistic and thoughtful answer, rather than a purely aspirational one. It acknowledges the complexities of a future diet and focuses on sustainable choices:

""Meine Essgewohnheiten in der Zukunft werden wahrscheinlich etwas... vielfältiger sein. Ich glaube, ich werde mich stärker auf regionale und saisonale Produkte konzentrieren. Das bedeutet, ich werde versuchen, mehr von meinen Lieferanten zu beziehen und mich mehr für Lebensmittel zu interessieren, die in meiner",100,19058,1,1,1,False,False,"en,de",1,99,99
20,de,sharegpt,control_head_word_mask,"Okay, here's a response in German, aiming for a realistic and thoughtful answer, rather than a purely aspirational one. It acknowledges the complexities of a future diet and focuses on sustainable choices:

""Meine Essgewohnheiten werden sich in Zukunft wahrscheinlich verändern, aber ich glaube, ich werde mich stärker auf gesunde, nachhaltige Ernährung konzentrieren.  

Im Moment esse ich oft viel schnell und ungesund – viel verarbeitete Nahrung, viel Zucker und wenig Gemüse.  ",100,19058,1,1,1,False,False,"en,de,de",1,99,99
20,de,sharegpt,head_zero_decode,"Okay, here's a response in German, aiming for a thoughtful and somewhat detailed answer:

""In the future, my eating habits will likely be significantly more mindful and focused on whole, unprocessed foods. I think I’ll be prioritizing:

*   **More plant-based meals:** I’ll be reducing my consumption of meat and dairy products considerably. I’ll be incorporating more vegetables, fruits, legumes, and whole grains into my diet.
*   **Local and seasonal",100,19058,1,1,1,False,False,"en,en,en",1,99,99
21,es,complex_prompts,clean,"Okay, here’s a JSON object formatted as requested, incorporating the key takeaways from the article and incorporating the requested rephrasing.

```json
[
  {
    ""takeaway_1"": ""Young investors face a significantly more challenging investment landscape than previous generations, characterized by lower returns and increased market volatility."",
    ""rephrased_words"": ""Young savers are confronted with a more difficult investment environment, with lower potential returns and greater market uncertainty.""
  ",100,19058,1,1,1,False,False,"en,en,en",0,0,0
21,es,complex_prompts,target_word_mask,"Okay, here’s a JSON object formatted as requested, incorporating the key takeaways from the article and incorporating the requested rephrasing.

```json
[
  {
    ""takeaway_1"": ""Young investors face a significantly more challenging investment landscape than previous generations, characterized by lower returns and increased market volatility."",
    ""rephrased_words"": ""Young savers are entering a market with reduced potential gains and greater uncertainty.""
  },
  {
    ",100,19058,1,1,1,False,False,"en,en,en",1,99,99
21,es,complex_prompts,nearby_word_mask,"Okay, here’s a JSON object formatted as requested, incorporating the key takeaways from the article and incorporating the requested rephrasing.

```json
[
  {
    ""takeaway_1"": ""Young investors face a significantly more challenging investment landscape than previous generations, characterized by lower returns and increased market volatility."",
    ""rephrased_words"": ""Young savers are confronted with a more difficult investment environment, with lower potential returns and greater market uncertainty.""
  ",100,19058,1,1,1,False,False,"en,en,en",1,99,99
21,es,complex_prompts,control_head_word_mask,"Okay, here’s a JSON object formatted as requested, incorporating the key takeaways from the article and incorporating the requested rephrasing.

```json
[
  {
    ""takeaway_1"": ""Young investors face a significantly more challenging investment landscape than previous generations, characterized by lower returns and increased market volatility."",
    ""rephrased_words"": ""Young savers are confronted with a more difficult investment environment, with lower potential returns and greater market uncertainty.""
  ",100,19058,1,1,1,False,False,"en,en,en",1,99,99
21,es,complex_prompts,head_zero_decode,"Okay, here’s a JSON object representing the key takeaways from the provided article, formatted as requested:

```json
{
  ""key_takeaways"": [
    {
      ""title"": ""Bad Hand of Investment"",
      ""summary"": ""Young investors are currently facing a challenging investment landscape with limited opportunities for substantial returns, compared to the long-term performance of their parents.""
    },
    {
      ""title"": ""Lackluster Returns – A Gener",100,19058,1,1,1,False,False,"en,en,en,unknown",1,99,99
22,de,sharegpt,clean,"Okay, let's delve into the process of technological exploration within the context of technology roadmapping and implementation, presented in German. This is a nuanced process, often involving a blend of strategic thinking, experimentation, and risk assessment. Here’s a breakdown, broken down into key stages and considerations:

**1. Grundlagen: Was ist Technologerescheidung?**

Technologerescheidung (Technology Roadmapping) ist im Grunde eine strategische Planung, die die Entwicklung und Einführung",100,19058,1,1,1,False,False,"en,de,de",0,0,0
22,de,sharegpt,target_word_mask,"Okay, let's delve into the process of technological exploration within the context of technology roadmapping and implementation, presented in German. This is a nuanced process, often involving a blend of strategic thinking, experimentation, and risk assessment. Here’s a breakdown, broken down into key stages and considerations:

**1. Initial Exploration & Discovery (The ""Why"" & ""What"")**

* **Market & Customer Needs Assessment:** This is the foundational stage.  It’s not just about",100,19058,1,1,1,False,False,"en,en,en",1,99,99
22,de,sharegpt,nearby_word_mask,"Okay, let's delve into the process of technological exploration within the context of technology roadmapping and implementation, presented in German. This is a nuanced process, often involving a blend of strategic thinking, experimentation, and risk assessment. Here’s a breakdown, broken down into key stages and considerations:

**1. Grundlagen: Was ist Technologerescheidung?**

Bevor man sich in die Exploration stürzt, ist es wichtig, die Grundlagen zu verstehen. Technologerescheidung",100,19058,1,1,1,False,False,"en,de,de",1,99,99
22,de,sharegpt,control_head_word_mask,"Okay, let's delve into the process of technological exploration within the context of technology roadmapping and implementation, presented in German. This is a nuanced process, often involving a blend of strategic thinking, experimentation, and risk assessment. Here’s a breakdown, broken down into key stages and considerations:

**1. Identifying Opportunities & Exploration (Die Erkundung der Möglichkeiten)**

* **Market Analysis & Trendspotting:**  Der Prozess beginnt mit einer gründlichen Analyse des Marktes und der",100,19058,1,1,1,False,False,"en,de,de",1,99,99
22,de,sharegpt,head_zero_decode,"Okay, here's a detailed explanation of the process of technological exploration in the context of technology roadmapping and implementation, written in German:

**Die Prozessierung von Technologischer Erkundung im Kontext von Technologie Roadmapping und Implementierung**

The process of technological exploration is a crucial step in successfully implementing technology. It’s about systematically investigating potential technologies to determine their viability and suitability for a project. It’s not just about blindly adopting the latest shiny gadget; it’s a",100,19058,1,1,1,False,False,"en,de,en",1,99,99
23,it,sharegpt,clean,"Certo, ecco una spiegazione di cosa è un'esperienza digitale per Salesforce:

**Un'esperienza digitale per Salesforce è un insieme di interazioni e interazioni che un utente ha con il sistema Salesforce, sia esso un cliente, un partner o un dipendente.**  In sostanza, si tratta di come l'utente *usa* Salesforce per raggiungere i propri obiettivi.

Ecco alcuni aspetti chiave:

* **Interfaccia Utente (UI):**  Questo include tutto",100,236780,1,1,1,False,True,"it,it,it",0,0,0
23,it,sharegpt,target_word_mask,"Certo! Let's talk about a Salesforce Digital Experience.

A Salesforce Digital Experience refers to the **overall user experience (UX) and interaction** a customer has with your Salesforce organization. It’s much more than just the CRM system itself. It encompasses everything a user encounters – from the moment they land on your website or app to how they use the data and functionality within Salesforce.

Here's a breakdown of what it includes:

* **Website & App Experience:** This is",100,236780,1,1,1,False,False,"en,en,en,en",1,99,99
23,it,sharegpt,nearby_word_mask,"Certo, ecco una spiegazione di cosa è un'esperienza digitale per Salesforce:

**Un'esperienza digitale per Salesforce è un insieme di interazioni e interazioni che un utente ha con il sistema Salesforce, sia esso un cliente, un partner o un dipendente.**  In sostanza, si tratta di come l'utente *usa* Salesforce per raggiungere i propri obiettivi.

Ecco alcuni aspetti chiave:

* **Interfaccia Utente (UI):**  Questo include tutto",100,236780,1,1,1,False,True,"it,it,it",1,99,99
23,it,sharegpt,control_head_word_mask,"Certo, ecco una spiegazione di cosa è un'esperienza digitale per Salesforce:

**Un'esperienza digitale per Salesforce è un insieme di interazioni e interazioni che un utente ha con il sistema Salesforce, sia esso un cliente, un partner o un dipendente.**  In sostanza, si tratta di come l'utente *usa* Salesforce per raggiungere i propri obiettivi.

Ecco alcuni aspetti chiave:

* **Interfaccia Utente (UI):**  Questo include tutto",100,236780,1,1,1,False,True,"it,it,it",1,99,99
23,it,sharegpt,head_zero_decode,"Certo! Ecco una spiegazione di cosa è una ""Salesforce Digital Experience"":

Una Salesforce Digital Experience (DX) è un insieme di funzionalità e strumenti che consentono ai clienti e ai partner di interagire con Salesforce in modo più efficace e personalizzato.  In sostanza, si tratta di un'esperienza di vendita e servizio che va oltre il semplice CRM (Customer Relationship Management).

**Ecco alcuni aspetti chiave di una Salesforce Digital Experience:**

* **Sales Cloud:**  La base",100,236780,1,1,1,False,True,"it,it,it",1,99,99
24,fr,sharegpt,clean,"Okay, here's a detailed response in French, covering the services CRM agencies offer for consultation and strategy development, broken down into sections with explanations and nuances:

**Services offerts des agences CRM pour la consultation et le développement de stratégies**

Les agences CRM proposent une gamme complète de services pour accompagner les entreprises dans la mise en place et l'optimisation de leurs systèmes CRM. Voici les principaux services qu'elles offrent :

**1. Consultation Stratégique (Conseil",100,19058,1,1,1,False,False,"en,fr,fr",0,0,0
24,fr,sharegpt,target_word_mask,"Okay, here's a detailed response in French, covering the services CRM agencies offer for consultation and strategy development, broken down into sections with explanations and nuances:

**Services Offerés par les Agences CRM pour la Consultation et le Développement de Stratégie**

Les agences CRM offrent une gamme complète de services pour accompagner les entreprises dans la mise en place et l'optimisation de leurs stratégies CRM. Voici les principaux services proposés :

**1. Analyse de la Situation Actuelle (",100,19058,1,1,1,False,False,"en,fr,fr,fr",1,99,99
24,fr,sharegpt,nearby_word_mask,"Okay, here's a detailed response in French, covering the services CRM agencies offer for consultation and strategy development, broken down into sections with explanations and nuances:

**Services offerts des agences CRM pour la consultation et le développement de stratégies**

Les agences CRM proposent une gamme complète de services pour accompagner les entreprises dans la mise en place et l'optimisation de leurs systèmes CRM. Voici les principaux services qu'elles offrent :

**1. Consultation Stratégique (Conseil",100,19058,1,1,1,False,False,"en,fr,fr",1,99,99
24,fr,sharegpt,control_head_word_mask,"Okay, here's a detailed response in French, covering the services CRM agencies offer for consultation and strategy development, broken down into sections with explanations and nuances:

**Services offerts des agences CRM pour la consultation et le développement de stratégies**

Les agences CRM proposent une gamme complète de services pour accompagner les entreprises dans la mise en place et l'optimisation de leurs systèmes CRM. Voici les principaux services qu'elles offrent :

**1. Consultation Stratégique (Conseil",100,19058,1,1,1,False,False,"en,fr,fr",1,99,99
24,fr,sharegpt,head_zero_decode,"Okay, here's a French translation of the question, followed by a detailed response outlining the services CRM agencies offer for consultation and strategy development.

**French Translation:**

""Quels services proposent les agences de gestion de la relation client (CRM) pour la consultation et le développement de stratégies ?""

**Detailed Response (French):**

CRM agencies offer a comprehensive range of services to help businesses develop effective CRM strategies. Here's a breakdown of what they typically provide:

**1",100,19058,1,1,1,False,False,"en,fr,en",1,99,99
25,it,sharegpt,clean,"Okay, here's a research proposal paper in Italian, aiming for a comprehensive and well-structured approach. It's approximately 700-800 words.  I've included sections for introduction, literature review, methodology, expected results, and discussion.  **Please note:** This is a draft – you'll need to tailor it with specific data, citations, and a more detailed analysis based on your specific research interests and available resources.

---

**Titolo",100,19058,1,1,1,False,False,en,0,0,0
25,it,sharegpt,target_word_mask,"Okay, here's a research proposal paper in Italian, aiming for a comprehensive and well-structured approach. It's approximately 700-800 words.  Please note that this is a starting point – you'll need to fill in the specifics with your own research and data.

---

**Titolo: Studio dell'Impatto di Diversi Tipi di Fertilizzanti sull'Inquinamento Ambientale**

**Abstract (Abstract - approximately ",100,19058,1,1,1,False,False,"en,it",1,99,99
25,it,sharegpt,nearby_word_mask,"Okay, here's a research proposal paper in Italian, aiming for a comprehensive and well-structured approach. It's approximately 700-800 words.  I've included sections for introduction, literature review, methodology, expected results, and discussion.  **Please note:** This is a draft – you'll need to tailor it with specific data, citations, and a more detailed analysis based on your specific research interests and available resources.

---

**Titolo",100,19058,1,1,1,False,False,en,1,99,99
25,it,sharegpt,control_head_word_mask,"Okay, here's a research proposal paper in Italian, aiming for a comprehensive and well-structured approach. It's approximately 700-800 words.  I've included sections for introduction, literature review, methodology, expected results, and discussion.  **Please note:** This is a draft – you'll need to tailor it with specific data, citations, and a more detailed analysis based on your specific research interests and available resources.

---

**Titolo",100,19058,1,1,1,False,False,en,1,99,99
25,it,sharegpt,head_zero_decode,"Okay, here's a research proposal paper in Italian, covering the topic of ""Study the effect of different fertilizer types on Environmental Pollution.""  It’s designed to be comprehensive and detailed, suitable for a research paper.  Please note that this is a draft and may need adjustments based on your specific research interests and available resources.

---

**Research Proposal: Study the Effect of Different Fertilizer Types on Environmental Pollution**

**1. Introduction**

Fertilizers are widely used in agriculture",100,19058,1,1,1,False,False,"en,en,en",1,99,99
26,es,okapi,clean,"Okay, here's an opinion article on Artificial Intelligence in Spanish, aiming for around 500-700 words. It’s written with a balanced perspective, acknowledging both the immense potential and the significant concerns surrounding this rapidly evolving technology.  Please note that I’ve aimed for a sophisticated, thoughtful tone, suitable for a Spanish-speaking audience.

---

**La Inteligencia Artificial: ¿Un Nuevo Amanecer o una Amenaza Silenciosa?**

La inteligencia",100,19058,1,1,1,False,False,"en,es",0,0,0
26,es,okapi,target_word_mask,"Okay, here's an opinion article on Artificial Intelligence in Spanish, aiming for around 500-700 words. It’s written with a balanced perspective, acknowledging both the immense potential and the significant concerns surrounding this rapidly evolving technology.  Please note that I’ve aimed for a natural, engaging style, suitable for a Spanish-speaking audience.

---

**La Inteligencia Artificial: ¿Un Nuevo Amanecer o una Amenaza Silenciosa?**

La inteligencia",100,19058,1,1,1,False,False,"en,es",1,99,99
26,es,okapi,nearby_word_mask,"Okay, here's an opinion article on Artificial Intelligence in Spanish, aiming for around 500-700 words. It’s written with a balanced perspective, acknowledging both the immense potential and the significant concerns surrounding this rapidly evolving technology.  Please note that I’ve aimed for a sophisticated, thoughtful tone, suitable for a Spanish-speaking audience.

---

**La Inteligencia Artificial: ¿Un Nuevo Amanecer o una Amenaza Silenciosa?**

La inteligencia",100,19058,1,1,1,False,False,"en,es",1,99,99
26,es,okapi,control_head_word_mask,"Okay, here's an opinion article on Artificial Intelligence in Spanish, aiming for around 500-700 words. It’s written with a balanced perspective, acknowledging both the immense potential and the significant concerns surrounding this rapidly evolving technology.  Please note that I’ve aimed for a sophisticated, thoughtful tone, suitable for a Spanish-speaking audience.

---

**La Inteligencia Artificial: ¿Un Nuevo Amanecer o una Amenaza Silenciosa?**

La inteligencia",100,19058,1,1,1,False,False,"en,es",1,99,99
26,es,okapi,head_zero_decode,"Okay, here's an opinion article on Artificial Intelligence in Spanish, aiming for approximately 500-700 words. Please note that this is a draft, and you can adjust it to better suit your specific needs and style.

---

**The Double-Edged Sword: Artificial Intelligence – A Future We Need to Shape**

Artificial intelligence (AI) is rapidly transforming our world, and it’s impossible to ignore its profound impact. From self-driving cars to medical",100,19058,1,1,1,False,False,"en,en,en",1,99,99
27,de,sharegpt,clean,"Okay, here's a Product Requirements Document (PRD) for a software designed to help entrepreneurs identify their target market and begin building a business, written in German.  It’s designed to be comprehensive, but can be adapted to your specific needs and budget.

---

**Produktanforderungen Dokument (PRD) – Startup-Identifizierung & Business-Start**

**1. Einleitung**

* **1.1 Zweck:** Dieses Dokument beschreibt die Anforderungen an ein Software",100,19058,1,1,1,False,False,"en,de,de",0,0,0
27,de,sharegpt,target_word_mask,"Okay, here's a Product Requirements Document (PRD) for a software designed to help entrepreneurs identify their target market and begin building a business, written in German.  It's designed to be comprehensive, but can be adapted to your specific needs and budget.

---

**Produktanforderungen Dokument (PRD) – Startup Market Research & Business Builder**

**1. Einleitung**

* **1.1 Zweck:** Dieses Dokument beschreibt die Anforderungen an ein Software-Produkt",100,19058,1,1,1,False,False,"en,de,de",1,99,99
27,de,sharegpt,nearby_word_mask,"Okay, here's a Product Requirements Document (PRD) for a software designed to help entrepreneurs identify their target market and begin building a business, written in German.  It’s designed to be comprehensive, but can be adapted to your specific needs and budget.

---

**Produktanforderungen Dokument (PRD) – Startup-Identifizierung & Business-Start**

**1. Einleitung**

* **1.1 Zweck:** Dieses Dokument beschreibt die Anforderungen an ein Software",100,19058,1,1,1,False,False,"en,de,de",1,99,99
27,de,sharegpt,control_head_word_mask,"Okay, here's a Product Requirements Document (PRD) for a software designed to help entrepreneurs identify their target market and begin building a business, written in German.  It’s designed to be comprehensive, but can be adapted to your specific needs and budget.

---

**Produktanforderungen Dokument (PRD) – Startup-Identifizierung & Business-Start**

**1. Einleitung**

* **1.1 Zweck:** Dieses Dokument beschreibt die Anforderungen an ein Software",100,19058,1,1,1,False,False,"en,de,de",1,99,99
27,de,sharegpt,head_zero_decode,"Okay, here's a product requirements document (PRD) for a software designed to help entrepreneurs identify a target market and begin building a business, written in German.

---

**Product Requirements Document (PRD)**

**1. Introduction**

**1.1. Purpose**

This document outlines the requirements for “MarketWise,” a software application designed to assist entrepreneurs in identifying their target market and developing a basic business plan. It aims to provide a user-friendly platform that simplifies",100,19058,1,1,1,False,False,"en,en",1,99,99
28,es,complex_prompts,clean,"Here’s a six-bullet point summary of the article, incorporating the key words from the text:

*   **Sensors:** PepCo factories are utilizing sensors, powered by AI, to monitor equipment and detect potential malfunctions before they cause production disruptions.
*   **Data Analysis:** The company is leveraging massive amounts of data – generated from analyzing audio and machine vibrations – to identify patterns and predict equipment failures, drastically reducing downtime.
*   **Predictive Maintenance:** AI algorithms are enabling",100,8291,1,1,1,False,False,"en,en,en,en",0,0,0
28,es,complex_prompts,target_word_mask,"Here’s a six-bullet point summary of the article, incorporating the key words from the text:

*   **Data Analysis:** PepsiCo factories are utilizing sensors and AI to analyze massive amounts of data – over 300 million hours – collected from machinery and equipment, allowing for precise pattern identification of malfunctions.
*   **Predictive Maintenance:** This technology enables factories to predict potential equipment failures *before* they occur, reducing downtime and costly disruptions to production lines.
*   ",100,8291,1,1,1,False,False,"en,en,en",1,99,99
28,es,complex_prompts,nearby_word_mask,"Here’s a six-bullet point summary of the article, incorporating the key words from the text:

*   **Sensors:** PepCo factories are utilizing sensors, powered by AI, to monitor equipment and detect potential malfunctions before they cause production disruptions.
*   **Data Analysis:** The company is leveraging massive amounts of data – generated from analyzing audio and machine vibrations – to identify patterns and predict equipment failures, drastically reducing downtime.
*   **Predictive Maintenance:** AI algorithms are enabling",100,8291,1,1,1,False,False,"en,en,en,en",1,99,99
28,es,complex_prompts,control_head_word_mask,"Here’s a six-bullet point summary of the article, incorporating the key words from the text:

*   **Sensors:** PepCo factories are utilizing sensors, powered by AI, to monitor equipment and detect potential malfunctions, significantly reducing downtime.
*   **Data Analysis:** The company is leveraging massive datasets – over 300 million hours of machine data – to train algorithms that predict and address issues before they occur, minimizing waste.
*   **Predictive Maintenance:** AI",100,8291,1,1,1,False,False,"en,en,en",1,99,99
28,es,complex_prompts,head_zero_decode,"Here’s a six-bullet point summary of the article, in Spanish, reflecting the key points:

*   **Sensors are listening:** Modern factories, including those producing Criscos, Walkers, and Wotsits, are utilizing sensors to monitor machinery and detect potential hardware faults, significantly improving production efficiency.
*   **AI analyzes data:** These sensors, powered by artificial intelligence, process and analyze massive amounts of data – from machine vibrations to audio recordings – to predict and prevent disruptions",100,8291,1,1,1,False,False,"en,en,en",1,99,99
29,de,sharegpt,clean,"Okay, here's a response to ""What is a times and motion study?"" in German, aiming for a clear and informative explanation:

**Eine Times- und Bewegungsstudie (auch bekannt als ""Times Study"") ist eine Methode zur Optimierung von Arbeitsabläufen und zur Verbesserung der Effizienz in einer Produktionslinie oder einem Prozess.**

Let's break that down:

* **Times-Studie:** This is the German term for ""times and motion study.""
",100,19058,1,1,1,False,False,"en,de,en",0,0,0
29,de,sharegpt,target_word_mask,"Okay, here's a response to ""What is a times and motion study?"" in German, aiming for a clear and informative explanation:

**""Eine Times- und Bewegungsstudie ist eine detaillierte Analyse eines Arbeitsablaufs, bei der die Zeit, die für jede einzelne Aktion benötigt wird, und die Bewegungen, die dabei involviert sind, dokumentiert werden.  Es ist ein Werkzeug, um Arbeitsabläufe zu optimieren, Fehler zu reduzieren und",100,19058,1,1,1,False,False,"en,de",1,99,99
29,de,sharegpt,nearby_word_mask,"Okay, here's a response to ""What is a times and motion study?"" in German, aiming for a clear and informative explanation:

**Eine Times- und Bewegungsstudie (auch bekannt als ""Times Study"") ist eine Methode zur Optimierung von Arbeitsabläufen und zur Verbesserung der Effizienz in einer Produktionslinie oder einem Prozess.**

Let's break that down:

* **Times-Studie:** This is the German term for ""times and motion study.""
",100,19058,1,1,1,False,False,"en,de,en",1,99,99
29,de,sharegpt,control_head_word_mask,"Okay, here's a response to ""What is a times and motion study?"" in German, aiming for a clear and informative explanation:

**Eine Times- und Bewegungsstudie (auch bekannt als ""Times Study"") ist eine Methode zur Optimierung von Arbeitsabläufen und zur Verbesserung der Effizienz in einer Produktionslinie oder einem Arbeitsplatz.**

Let's break that down:

* **Times-Studie:** This is the German term for ""times and motion study.""",100,19058,1,1,1,False,False,"en,de,en",1,99,99
29,de,sharegpt,head_zero_decode,"Okay, here's a German translation of ""times and motion study"" in a way that's clear and comprehensive:

**""Times and motion study""** translates to:

**""Zeit- und Bewegungsstudie""**

Here's a breakdown of the terms:

*   **Zeit:** Time
*   **und:** and
*   **Bewegung:** Movement
*   **studie:** study

**Additional Notes:**

*   This is",100,19058,1,1,1,False,False,"en,en,en",1,99,99
30,fr,okapi,clean,"Okay, here's an argumentative essay about the importance of healthy eating, written in French, aiming for a thoughtful and persuasive tone. It’s approximately 600-700 words.  I’ve included notes in brackets to indicate potential areas for further development or nuance.

---

**L'Importance Crucial d'une Alimentation Saine : Un Investissement pour l'Épanouissement Personnel et la Santé**

Dans un monde où la fast-food",100,19058,1,1,1,False,False,"en,fr,fr",0,0,0
30,fr,okapi,target_word_mask,"Okay, here's an argumentative essay about the importance of healthy eating, written in French. It aims for a thoughtful and persuasive tone, suitable for a high school or college level.  I've included explanations and notes to help you understand the reasoning behind the choices.

---

**L'Importance Crucial d'une Alimentation Saine : Un Investissement pour l'Épanouissement Personnel et la Santé**

Dans un monde où la fast-food et les aliments transform",100,19058,1,1,1,False,False,"en,fr,fr",1,99,99
30,fr,okapi,nearby_word_mask,"Okay, here's an argumentative essay about the importance of healthy eating, written in French, aiming for a thoughtful and persuasive tone. It’s approximately 600-700 words.  I’ve included notes in brackets to indicate potential areas for further development or nuance.

---

**L'Importance Crucial d'une Alimentation Saine : Un Investissement pour l'Épanouissement Personnel et la Santé**

Dans un monde où la fast-food",100,19058,1,1,1,False,False,"en,fr,fr",1,99,99
30,fr,okapi,control_head_word_mask,"Okay, here's an argumentative essay about the importance of healthy eating, written in French, aiming for a thoughtful and persuasive tone. It’s approximately 600-700 words.  I’ve included notes in brackets to indicate potential areas for further development or nuance.

---

**L'Importance Crucial d'une Alimentation Saine : Un Investissement pour l'Épanouissement Personnel et la Santé**

Dans un monde où la fast-food",100,19058,1,1,1,False,False,"en,fr,fr",1,99,99
30,fr,okapi,head_zero_decode,"Okay, here's an argumentative essay about the importance of healthy eating in French, aiming for a sophisticated and persuasive tone. Please note that this is a translation, and I've aimed for a natural and nuanced style.

---

**L'Importance Cruciale di un Alimentazione Sana**

**Introduction**

L'alimentazione sana est devenu un sujet de préoccupation majeur dans les dernières décades, et pour de bonnes raisons.  Il devient de plus en plus évident,",100,19058,1,1,1,False,False,"en,it,fr",1,99,99
31,es,complex_prompts,clean,"Okay, here's a summary of *Tangled* suitable for 7-year-olds, in Spanish, and under 300 words:

¡Hola, pequeños!  Vamos a hablar de una historia muy divertida llamada *Tangled*.

En el reino mágico de Rapunzel, vive una princesa llamada Rapunzel. Ella es la hija de la Reina, pero está encerrada en una torre alta y brillante por su propio padre, un rey muy malvado.",100,19058,1,1,1,False,False,"en,es,es",0,0,0
31,es,complex_prompts,target_word_mask,"Okay, here's a summary of *Tangled* for 7-year-olds, in Spanish, under 300 words:

¡Hola, amigos! Let’s talk about a really magical movie called *Tangled*!

Once upon a time, in the kingdom of Rapunzel, lived a princess named Rapunzel. She was hidden away in a beautiful tower by her incredibly long, magical hair!  This hair is actually a fairy’s gift,",100,19058,1,1,1,False,False,"en,en,en",1,99,99
31,es,complex_prompts,nearby_word_mask,"Okay, here's a summary of *Tangled* suitable for 7-year-olds, in Spanish, and under 300 words:

¡Hola, pequeños!  Vamos a hablar de una historia muy divertida llamada *Tangled*.

En el reino mágico de Rapunzel, vive una princesa llamada Rapunzel. Ella es la hija de la Reina, pero está encerrada en una torre alta y brillante por su propio padre, un rey muy malvado.",100,19058,1,1,1,False,False,"en,es,es",1,99,99
31,es,complex_prompts,control_head_word_mask,"Okay, here’s a summary of *Tangled* for 7-year-olds, in Spanish, under 300 words:

¡Hola, pequeños!  Imagina que hay una princesa llamada Rapunzel, que vive en una torre muy alta en un bosque mágico.  Ella es la hija de un rey y una reina, ¡pero se ha escondido en la torre para proteger a su mejor amigo, un mono llamado Flynn Rider!

Flynn es un avent",100,19058,1,1,1,False,False,"en,es",1,99,99
31,es,complex_prompts,head_zero_decode,"Okay, here's a summary of *Tangled* for 7-year-old children in Spanish, aiming for brevity and clarity:

""Tangled"" is a fairytale adventure about Rapunzel, a princess with magical long, golden hair. Rapunzel is locked away in a tower by her vain and controlling father, the King. She’s been raised by a witch who gives her a magical crown that allows her to break free.

Rapunzel discovers she’s",100,19058,1,1,1,False,False,"en,en",1,99,99
32,es,complex_prompts,clean,"Okay, here’s a script for an interview between Ray Liotta and a film journalist, aiming for a fawning, slightly intimidated, and authentically blue-collar Italian-American tone. It’s approximately 700-800 words long.

---

**Setting:** A comfortable, slightly cluttered study in Ray Liotta’s home in New York City.  A large, framed photo of him in a classic mob movie scene sits on a mahogany desk.

**Characters",100,19058,1,1,1,False,False,"en,en",0,0,0
32,es,complex_prompts,target_word_mask,"Okay, here’s a script for an interview between Ray Liotta and a film journalist, aiming for a fawning, slightly intimidated, and authentically blue-collar Italian-American tone. It’s approximately 700-800 words long.

---

**Setting:** A comfortable, slightly cluttered study in Ray Liotta’s home in New Jersey. Rain streaks the window.

**Characters:**

* **Marcus Thorne (MT):** A seasoned film journalist, impecc",100,19058,1,1,1,False,False,"en,en,en",1,99,99
32,es,complex_prompts,nearby_word_mask,"Okay, here’s a script for an interview between Ray Liotta and a film journalist, aiming for a fawning, slightly intimidated, and authentically blue-collar Italian-American tone. It’s approximately 700-800 words long.

---

**Setting:** A comfortable, slightly cluttered study in Ray Liotta’s home in New York City.  A large, framed photo of him in a classic mob movie scene sits on a mahogany desk.

**Characters",100,19058,1,1,1,False,False,"en,en",1,99,99
32,es,complex_prompts,control_head_word_mask,"Okay, here’s a script for an interview between Ray Liotta and a film journalist, aiming for a fawning, slightly intimidated, and authentically blue-collar Italian-American tone. It’s approximately 700-800 words long.

---

**Setting:** A comfortable, slightly cluttered study in Ray Liotta’s home in New York City.  A large, framed photo of him in a classic mob movie scene sits on a mahogany desk.

**Characters",100,19058,1,1,1,False,False,"en,en",1,99,99
32,es,complex_prompts,head_zero_decode,"Okay, here’s a script for the interview, aiming for a fawning and slightly intimidated tone from Ray Liotta, capturing his voice and perspective.

---

**Interview Script: Ray Liotta – Goodfellas**

**Characters:**

*   **Ray Liotta:** (As the film’s main character)
*   **Journalist (J):** (A film journalist, enthusiastic and slightly intimidated)

---

**(Scene: A comfortable, slightly cluttered office at",100,19058,1,1,1,False,False,"en,en,en,en,en",1,99,99
33,de,okapi,clean,"Okay, here's an essay in German, responding to the statement ""The importance of music education in our lives,"" aiming for a thoughtful and nuanced approach. It’s approximately 500-600 words in length.  Please note that I’ve aimed for a formal, slightly academic tone, suitable for a discussion in a school or educational setting.

---

**Die Bedeutung von Musikbildung für unser Leben**

In einer Welt, die zunehmend von Technologie und Eff",100,19058,1,1,1,False,False,"en,de,de",0,0,0
33,de,okapi,target_word_mask,"Okay, here's an essay in German, responding to the statement ""The importance of music education in our lives,"" aiming for a thoughtful and nuanced perspective. It’s approximately 500-600 words in length.  Please note that I’ve aimed for a formal, slightly academic tone, suitable for a discussion in a school or educational setting.

---

**Die Bedeutung von Musikbildung für unser Leben**

In einer Welt, die zunehmend von Technologie und Kons",100,19058,1,1,1,False,False,"en,de,de",1,99,99
33,de,okapi,nearby_word_mask,"Okay, here's an essay in German, responding to the statement ""The importance of music education in our lives,"" aiming for a thoughtful and nuanced approach. It’s approximately 500-600 words in length.  Please note that I’ve aimed for a formal, slightly academic tone, suitable for a discussion in a school or educational setting.

---

**Die Bedeutung von Musikbildung für unser Leben**

In einer Welt, die zunehmend von Technologie und Eff",100,19058,1,1,1,False,False,"en,de,de",1,99,99
33,de,okapi,control_head_word_mask,"Okay, here's an essay in German, responding to the statement ""The importance of music education in our lives,"" aiming for a thoughtful and nuanced approach. It’s approximately 500-600 words in length.  Please note that I’ve aimed for a formal, slightly academic tone, suitable for a discussion in a school or educational setting.

---

**Die Bedeutung von Musikbildung für unser Leben**

In einer Welt, die zunehmend von Technologie und Eff",100,19058,1,1,1,False,False,"en,de,de",1,99,99
33,de,okapi,head_zero_decode,"Okay, here's an essay in German, responding to the prompt ""The importance of music education in our lives,"" aiming for a thoughtful and nuanced tone. Please see the text below.

---

**Die Bedeutung von Musikbildung in unserem Leben**

Musik ist ein integraler Bestandteil unserer Kultur und unseres Lebens.  Es ist weit mehr als just a pleasant pastime; it’s a fundamental element that shapes our cognitive abilities, emotional well-being, and social skills.  In an",100,19058,1,1,1,False,False,"en,de,de",1,99,99
34,it,complex_prompts,clean,"Ecco un riassunto in meno di 100 parole:

Oggi, durante Connect 2021, Mark Zuckerberg ha presentato Meta, un nuovo brand che unisce le app e le tecnologie di Zuckerberg. Meta mira a creare un’esperienza metaverse immersiva, combinando mondi digitali e fisici, permettendo connessioni e interazioni in 3D. L'evento si concentra sull'evoluzione delle tecnologie sociali e sull'opportunità di nuove esperienze in",100,226077,1,1,1,False,True,"it,it",0,0,0
34,it,complex_prompts,target_word_mask,"Ecco un riassunto in meno di 100 parole:

Today, Mark Zuckerberg unveiled Meta, a new company aiming to revolutionize the metaverse. It envisions a blended digital and physical experience, allowing immersive connections and shared activities across dimensions.  Connect 2021’s virtual conference highlighted the potential of metaverse experiences – social, entertainment, and beyond – over the next decade.  Meta is investing heavily in tools and technologies, including Presence Platform and immersive learning, to support the metaverse",100,226077,1,1,1,False,False,"it,en",1,99,99
34,it,complex_prompts,nearby_word_mask,"Ecco un riassunto in meno di 100 parole:

Oggi, durante Connect 2021, Mark Zuckerberg ha presentato Meta, un nuovo brand che unisce le app e le tecnologie di Zuckerberg. Meta mira a creare un’esperienza metaverse immersiva, combinando mondi digitali e fisici, permettendo connessioni e interazioni in 3D. L'evento si concentra sull'evoluzione delle tecnologie sociali e sull'opportunità di nuove esperienze in",100,226077,1,1,1,False,True,"it,it",1,99,99
34,it,complex_prompts,control_head_word_mask,"Ecco un riassunto in meno di 100 parole:

Oggi, durante Connect 2021, Mark Zuckerberg ha presentato Meta, un nuovo brand che unisce le nostre app e tecnologie. Meta mira a creare un’esperienza immersiva del metaverso, combinando mondi digitali e fisici, permettendo connessioni e interazioni in 3D. L'obiettivo è rivoluzionare il modo in cui le persone interagiscono e si connet",100,226077,1,1,1,False,True,"it,it",1,99,99
34,it,complex_prompts,head_zero_decode,"Ecco un riassunto in meno di 100 parole:

Today, Mark Zuckerberg announced Meta, a new company focused on building the metaverse – a persistent, shared digital world blending online and physical experiences. Meta aims to foster connection, community building, and business opportunities within this evolving landscape.

The annual Connect conference highlighted the industry’s growth and explored potential applications of the metaverse, including social interaction, entertainment, and commerce.  They also unveiled new tools, notably Presence Platform, to",100,226077,1,1,1,False,False,"it,en,en",1,99,99
35,fr,sharegpt,clean,"Absolument ! Enchanté(e) de vous rencontrer. Je suis [Your Name/Company Name], et je suis très intéressé(e) par votre travail sur Solugen. C'est une entreprise fantastique et je pense qu'il y a un potentiel énorme pour une collaboration fructueuse.

Voici quelques façons dont vous pourriez collaborer avec Solugen, en fonction de vos objectifs et de vos compétences :

**1. Développement de Produits et d'Applications:**

* **",100,24005,1,1,1,False,True,"fr,fr,fr",0,0,0
35,fr,sharegpt,target_word_mask,"Absolument ! Bonjour ! I'm thrilled to be talking with you about potential collaborations with Solugen. It’s a truly exciting company, and I think there’s a lot of potential for synergistic partnerships. Let me tell you about some ways you could collaborate with Solugen, focusing on different areas and levels of involvement:

**1. Research & Development – The Core of Your Partnership:**

* **Joint Research Projects:** This is where we can really shine. Solugen’s",100,24005,1,1,1,False,False,"en,en,en",1,99,99
35,fr,sharegpt,nearby_word_mask,"Absolument ! Enchanté(e) de vous rencontrer. Je suis [Your Name/Company Name], et je suis très intéressé(e) par votre travail sur Solugen. C'est une entreprise fantastique et je pense qu'il y a un potentiel énorme pour une collaboration fructueuse.

Voici quelques façons dont vous pourriez collaborer avec Solugen, en fonction de vos objectifs et de vos compétences :

**1. Développement de Produits et d'Applications:**

* **",100,24005,1,1,1,False,True,"fr,fr,fr",1,99,99
35,fr,sharegpt,control_head_word_mask,"Absolument ! Enchanté(e) de vous rencontrer. Je suis [Your Name/Company Name], et je suis très intéressé(e) par votre travail sur Solugen. C'est une entreprise fantastique et je pense qu'il y a un potentiel énorme pour une collaboration fructueuse.

Voici quelques façons dont vous pourriez collaborer avec Solugen, en fonction de vos objectifs et de vos compétences :

**1. Développement de Produits et d'Applications:**

* **",100,24005,1,1,1,False,True,"fr,fr,fr",1,99,99
35,fr,sharegpt,head_zero_decode,"Absolument ! Bien sûr, je suis ravi de vous proposer une collaboration avec Solugen. C'est une entreprise très prometteuse, et il y a de nombreuses possibilités pour travailler ensemble. Voici quelques façons dont vous pourriez collaborer avec Solugen, en français :

**1. Recherche et Développement (R&D) :**

* **Spécialisation:** Solugen se concentre sur la technologie de l'ionisation et de la purification d'eau. Nous avons",100,24005,1,1,1,False,True,"fr,fr,fr",1,99,99
36,de,complex_prompts,clean,"Hier ist eine Zusammenfassung des Textes in einem einzigen Satz:

Taylor Swift’s Speak Now (Taylor’s Version) ist weiterhin eng an die ursprünglichen Arrangements und Texte gebunden, doch sie hat sich als Sängerin verändert und ihre Musik reflektiert eine Nuance und Vorsicht, die über reine Wut hinausgeht, wobei sie sich mehr mit Bedauern und Selbstzweifeln auseinandersetzt.

Hier ist die Liste der Songtitel in alphabetischer Reihenfolge:",100,61684,1,1,1,False,True,"de,de,de",0,0,0
36,de,complex_prompts,target_word_mask,"Hier ist eine einzelne Aussage, die die Bedeutung der Rezension zusammenfasst:

Taylor Swift’s “Speak Now (Taylor’s Version)” ist eine Re-Recording-Album-Reise, die die ursprünglichen Arrangements und Texte beibehält, aber ihre Stimme als Sängerin verändert, die sich von ihrer früheren Selbstbotschaft zu einer Nuance und Vorsicht verstellt, die auch das Gefühl der Selbst-Reflexion und des Regrets beinhaltet.

Hier ist die Liste der",100,61684,1,1,1,False,True,"de,de,de",1,99,99
36,de,complex_prompts,nearby_word_mask,"Hier ist eine Zusammenfassung des Textes in einem einzigen Satz:

Taylor Swift’s Speak Now (Taylor’s Version) ist weiterhin eng an die ursprünglichen Arrangements und Texte gebunden, doch sie hat sich als Sängerin verändert und ihre Musik reflektiert eine Nuance und Vorsicht, die über reine Wut hinausgeht, wobei sie sich mehr mit Bedauern und Selbstzweifeln auseinandersetzt.

Hier ist die Liste der Songtitel in alphabetischer Reihenfolge:",100,61684,1,1,1,False,True,"de,de,de",1,99,99
36,de,complex_prompts,control_head_word_mask,"Hier ist eine Zusammenfassung des Textes in einem einzigen Satz:

Taylor Swift’s Speak Now (Taylor’s Version) ist weiterhin eng an die ursprünglichen Arrangements und Texte gebunden, doch sie hat sich in neueren Werken von einer anderen Sängerin entwickelt, die mehr Nuance und Vorsicht in ihrer Stimme zeigt, und singt auch über das Gefühl der Erschöpfung, das junge Erwachsene erleben.

Hier ist die Liste der Songtitel in alphabetischer Reihenfolge:",100,61684,1,1,1,False,True,"de,de,de",1,99,99
36,de,complex_prompts,head_zero_decode,"Hier ist die Liste der Songtitel aus dem Review in deutscher Sprache:

*   Lover’s “Death by a Thousand Cuts”
*   Reputation’s “Dress”
*   Speak Now (Taylor’s Version)

Here’s the German translation of the list:

*   Lover’s “Death by a Thousand Cuts”
*   Reputation’s “Dress”
*   Speak Now (Taylor’s Version)",97,61684,1,1,1,False,False,"de,en,en,en",1,96,96
37,fr,okapi,clean,"Okay, here’s an 1850-word horror story in French, aiming for a chilling, atmospheric tone with a slow-burn dread. It’s designed to be evocative and unsettling.  I’ve focused on building suspense and psychological horror rather than relying on jump scares.  Please read it carefully – it’s dense and aims for a feeling of unease.

---

**Le Chant de la Pierre**

Le vent hurlait, un loup solitaire",100,19058,1,1,1,False,False,"en,fr,fr",0,0,0
37,fr,okapi,target_word_mask,"Okay, here’s an 1850-word horror story in French, aiming for a chilling, atmospheric tone with a slow-burn dread. It’s designed to be evocative and unsettling.  I’ve focused on building suspense and psychological horror rather than relying on jump scares.  Please read it carefully – it’s dense and aims for a feeling of unease.

---

**Le Chant de la Pierre**

Le vent hurlait, un loup solitaire",100,19058,1,1,1,False,False,"en,fr,fr",1,99,99
37,fr,okapi,nearby_word_mask,"Okay, here’s an 1850-word horror story in French, aiming for a chilling, atmospheric tone with a slow-burn dread. It’s designed to be evocative and unsettling.  I’ve focused on building suspense and psychological horror rather than relying on jump scares.  Please read it carefully – it’s dense and aims for a feeling of unease.

---

**Le Chant de la Pierre**

Le vent hurlait, un loup solitaire",100,19058,1,1,1,False,False,"en,fr,fr",1,99,99
37,fr,okapi,control_head_word_mask,"Okay, here’s an 1850-word horror story in French, aiming for a chilling, atmospheric tone with a slow-burn dread. It’s designed to be evocative and unsettling.  I’ve focused on building suspense and psychological horror rather than relying on jump scares.  Please read it carefully – it’s dense and aims for a feeling of unease.

---

**Le Chant de la Pierre**

Le vent hurlait, un loup solitaire",100,19058,1,1,1,False,False,"en,fr,fr",1,99,99
37,fr,okapi,head_zero_decode,"Okay, here’s an 1850-word horror story in French, aiming for a chilling and atmospheric tone.  Please note that this is a complex piece of writing and may contain elements that some readers might find unsettling. 

---

**Le Chant de la Nuit**

The rain hammered against the windows of the Blackwood Manor, a relentless, mournful drumming that mirrored the unsettling feeling settling in my bones. I, Elias Thorne, had inherited this crumbling estate from",100,19058,1,1,1,False,False,"en,fr,en",1,99,99
38,es,complex_prompts,clean,"Okay, here’s a script for an interview between Ray Liotta and a film journalist, aiming for a fawning, slightly intimidated, and deeply rooted tone, based on the premise of *Goodfellas*.  It’s approximately 700-800 words.

---

**Setting:** A quiet, slightly cluttered room in a hotel in Rome. Sunlight streams through a large window overlooking a bustling piazza. Ray Liotta sits opposite Elena Vargas, a seasoned film journalist with",100,19058,1,1,1,False,False,"en,en",0,0,0
38,es,complex_prompts,target_word_mask,"Okay, here’s a script for an interview between Ray Liotta and a film journalist, aiming for a fawning, slightly intimidated, and deeply rooted tone, based on the premise of *Goodfellas*.  It’s approximately 700-800 words.

---

**Setting:** A quiet, slightly cluttered corner of a hotel suite in New York City. Rain streaks the window. Ray Liotta sits in a leather armchair, a half-empty glass of water",100,19058,1,1,1,False,False,"en,en",1,99,99
38,es,complex_prompts,nearby_word_mask,"Okay, here’s a script for an interview between Ray Liotta and a film journalist, aiming for a fawning, slightly intimidated, and deeply rooted tone, based on the premise of *Goodfellas*.  It’s approximately 700-800 words.

---

**Setting:** A quiet, slightly cluttered room in a hotel in Rome. Sunlight streams through a large window overlooking a bustling piazza. Ray Liotta sits opposite Elena Vargas, a seasoned film journalist with",100,19058,1,1,1,False,False,"en,en",1,99,99
38,es,complex_prompts,control_head_word_mask,"Okay, here’s a script for an interview between Ray Liotta and a film journalist, aiming for a fawning, slightly intimidated, and deeply rooted tone, based on the premise of *Goodfellas*.  It’s approximately 700-800 words.

---

**Setting:** A quiet, slightly cluttered room in a hotel in Rome. Sunlight streams through a large window overlooking a bustling piazza. Ray Liotta sits opposite Elena Vargas, a seasoned film journalist with",100,19058,1,1,1,False,False,"en,en",1,99,99
38,es,complex_prompts,head_zero_decode,"Okay, here’s a script for a fictional interview between Ray Liotta and a film journalist, capturing his voice and tone as requested.

---

**Interview Script: Ray Liotta – Goodfellas**

**Characters:**

* **Ray Liotta:** The film’s main character, “Henry Hill.”
* **Journalist (J):** A film journalist, eager to impress.

**Scene:** A quiet, comfortable room in a Hollywood studio.

**(The scene",100,19058,1,1,1,False,False,"en,en,en,en,en",1,99,99
39,it,okapi,clean,"Okay, here's a 250-word article summarizing the changes brought about by Brexit, written in Italian, aiming for a balanced and informative tone:

---

**Brexit: Un Nuovo Scenario per l'Italia**

Il Brexit, l'uscita del Regno Unito dall'Unione Europea, ha innescato una serie di cambiamenti significativi per l'Italia, con conseguenze che si fanno sentire in diversi settori.  La fine della cooperazione commerciale",100,19058,1,1,1,False,False,"en,it,it",0,0,0
39,it,okapi,target_word_mask,"Okay, here's a 250-word article summarizing the changes brought about by Brexit, written in Italian, aiming for a balanced and informative tone:

---

**Brexit: A Shifting Landscape – Impacts on Italy**

Brexit, the UK’s departure from the European Union, has undeniably reshaped the political and economic landscape, with significant consequences for Italy. The most immediate impact has been a shift in trade relationships, with Italy now subject to new customs checks and regulatory hurdles",100,19058,1,1,1,False,False,"en,en,en",1,99,99
39,it,okapi,nearby_word_mask,"Okay, here's a 250-word article summarizing the changes brought about by Brexit, written in Italian, aiming for a balanced and informative tone:

---

**Brexit: Un Nuovo Scenario per l'Italia**

Il Brexit, l'uscita del Regno Unito dall'Unione Europea, ha innescato una serie di cambiamenti significativi per l'Italia, con conseguenze che si fanno sentire in diversi settori.  La fine della cooperazione commerciale",100,19058,1,1,1,False,False,"en,it,it",1,99,99
39,it,okapi,control_head_word_mask,"Okay, here's a 250-word article summarizing the changes brought about by Brexit, written in Italian, aiming for a balanced and informative tone:

---

**Brexit: Un Nuovo Scenario per l'Italia**

Il Brexit, l'uscita del Regno Unito dall'Unione Europea, ha innescato una serie di cambiamenti significativi per l'Italia, con conseguenze che si fanno sentire in diversi settori.  La fine della cooperazione commerciale",100,19058,1,1,1,False,False,"en,it,it",1,99,99
39,it,okapi,head_zero_decode,"Okay, here's a 250-word article summarizing the changes brought about by Brexit, written in Italian. Please see it below:

---

**Brexit: A Shifting Landscape**

Brexit, the United Kingdom’s withdrawal from the European Union, has fundamentally reshaped the UK’s relationship with the rest of the world and continues to have a significant impact on the country’s economy, politics, and society.  The most immediate and visible changes are related to trade",100,19058,1,1,1,False,False,"en,en",1,99,99
40,de,okapi,clean,"Okay, here's a blog post about the benefits of mindful walking, written in German, aiming for around 500 words and suitable for a general audience:

---

**Bewusste Schritte: Wie ein Spaziergang zur Entspannung und Gesundheit hilft**

In unserer schnelllebigen Welt ist es oft schwer, den Moment zu finden, um uns zu entspannen und zu reflektieren. Wir sind ständig von Aufgaben, Nachrichten und sozialen Medien umgeben. Aber was wäre,",100,19058,1,1,1,False,False,"en,de,de",0,0,0
40,de,okapi,target_word_mask,"Okay, here's a blog post about the benefits of mindful walking, written in German, aiming for around 500 words and suitable for a general audience:

---

**Bewegung mit Bewusstsein: Warum ein Spaziergang deine Gesundheit stärkt**

In unserer schnelllebigen Welt, voller Hektik und digitalen Ablenkungen, ist es leicht, uns zu vergessen, wie wichtig Bewegung für unser Wohlbefinden ist. Aber was, wenn ich dir sage, dass",100,19058,1,1,1,False,False,"en,de,de",1,99,99
40,de,okapi,nearby_word_mask,"Okay, here's a blog post about the benefits of mindful walking, written in German, aiming for around 500 words and suitable for a general audience:

---

**Bewusste Schritte: Wie ein Spaziergang zur Entspannung und Gesundheit hilft**

In unserer schnelllebigen Welt ist es oft schwer, den Moment zu finden, um uns zu entspannen und zu reflektieren. Wir sind ständig von Aufgaben, Nachrichten und sozialen Medien umgeben. Aber was wäre,",100,19058,1,1,1,False,False,"en,de,de",1,99,99
40,de,okapi,control_head_word_mask,"Okay, here's a blog post about the benefits of mindful walking, written in German, aiming for around 500 words and suitable for a general audience:

---

**Bewusste Schritte: Wie ein Spaziergang zur Entspannung und Gesundheit hilft**

In unserer schnelllebigen Welt ist es oft schwer, den Moment zu finden, um uns zu entspannen und zu reflektieren. Wir sind ständig von Aufgaben, Nachrichten und sozialen Medien umgeben. Aber was wäre,",100,19058,1,1,1,False,False,"en,de,de",1,99,99
40,de,okapi,head_zero_decode,"Okay, here's a blog post in German, approximately 500 words, discussing the importance of mindfulness in the modern world:

---

**Mindfulness: Finding Stillness in a Chaotic World**

**Mindfulness: A Simple Practice with Profound Impact**

In today’s world, it’s easy to feel overwhelmed. We’re bombarded with information, constantly stressed, and pressured to achieve more.  Our minds are perpetually racing, and it’s becoming increasingly",100,19058,1,1,1,False,False,"en,en,en,en",1,99,99
41,it,sharegpt,clean,"Okay, here's a Product Requirements Document (PRD) for a software designed to help entrepreneurs identify their target market and begin building a business. It’s written with a focus on clarity, detail, and practicality.

---

**Product Requirements Document: Market Insights & Business Builder**

**1. Introduction**

* **1.1. Purpose:** This document outlines the requirements for “MarketWise,” a software application designed to empower entrepreneurs to identify their ideal target market and lay the",100,19058,1,1,1,False,False,"en,en,en",0,0,0
41,it,sharegpt,target_word_mask,"Okay, here's a Product Requirements Document (PRD) for a software designed to help entrepreneurs identify their target market and begin building a business. It’s detailed and aims for clarity, but can be adjusted based on specific features and budget.

---

**Product Requirements Document: Market Insights & Business Builder**

**1. Introduction**

* **1.1. Purpose:** This document outlines the requirements for “MarketWise,” a software application designed to empower entrepreneurs to identify their ideal",100,19058,1,1,1,False,False,"en,en,en",1,99,99
41,it,sharegpt,nearby_word_mask,"Okay, here's a Product Requirements Document (PRD) for a software designed to help entrepreneurs identify their target market and begin building a business. It’s written with a focus on clarity, detail, and practicality.

---

**Product Requirements Document: Market Insights & Business Builder**

**1. Introduction**

* **1.1. Purpose:** This document outlines the requirements for “MarketWise,” a software application designed to empower entrepreneurs to identify their ideal target market and lay the",100,19058,1,1,1,False,False,"en,en,en",1,99,99
41,it,sharegpt,control_head_word_mask,"Okay, here's a Product Requirements Document (PRD) for a software designed to help entrepreneurs identify their target market and begin building a business. It’s written with a focus on clarity, detail, and practicality.

---

**Product Requirements Document: Market Insights & Business Builder**

**1. Introduction**

* **1.1. Purpose:** This document outlines the requirements for “MarketWise,” a software application designed to empower entrepreneurs to identify their ideal target market and establish a",100,19058,1,1,1,False,False,"en,en,en",1,99,99
41,it,sharegpt,head_zero_decode,"Okay, here’s a product requirements document (PRD) for a software designed to help entrepreneurs identify a target market and begin building a business.  It’s written in Italian, with explanations and considerations.

---

**Product Requirements Document (PRD)**

**1. Introduction**

**1.1. Purpose**

This document outlines the requirements for “MarketWise,” a software application designed to assist entrepreneurs in identifying their target market and developing a basic business plan. It aims",100,19058,1,1,1,False,False,"en,en",1,99,99
42,es,sharegpt,clean,"Okay, here's a project proposal in Spanish, addressing the topic of Assessing the Implementation of Sustainable Development Goals (SDGs) in Urban Planning Practices, outlining challenges and opportunities.  I've aimed for a professional and detailed tone.  Please read the entire text and let me know if you'd like me to refine any specific sections or add more detail.

---

**Propuesta de Proyecto: Evaluación de la Implementación de los Objetivos de Desarrollo Sostenible en Práct",100,19058,1,1,1,False,False,"en,es",0,0,0
42,es,sharegpt,target_word_mask,"Okay, here's a project proposal in Spanish, addressing the topic of Assessing the Implementation of Sustainable Development Goals (SDGs) in Urban Planning Practices, outlining challenges and opportunities.  I've aimed for a professional and detailed tone.  Please read the entire response and let me know if you'd like me to refine any specific sections.

---

**Proyecto de Propuesta: Evaluación de la Implementación de los Objetivos de Desarrollo Sostenible en Prácticas de Planificación",100,19058,1,1,1,False,False,"en,es",1,99,99
42,es,sharegpt,nearby_word_mask,"Okay, here's a project proposal in Spanish, addressing the topic of Assessing the Implementation of Sustainable Development Goals (SDGs) in Urban Planning Practices, outlining challenges and opportunities.  I've aimed for a professional and detailed tone.  Please read the entire text and let me know if you'd like me to refine any specific sections or add more detail.

---

**Propuesta de Proyecto: Evaluación de la Implementación de los Objetivos de Desarrollo Sostenible en Práct",100,19058,1,1,1,False,False,"en,es",1,99,99
42,es,sharegpt,control_head_word_mask,"Okay, here's a project proposal in Spanish, addressing the topic of Assessing the Implementation of Sustainable Development Goals (SDGs) in Urban Planning Practices, outlining challenges and opportunities.  I've aimed for a professional and detailed tone.  Please read the entire text and let me know if you'd like me to refine any specific sections or add more detail.

---

**Proyecto Propuesto: Evaluación de la Implementación de los Objetivos de Desarrollo Sostenible en Prácticas",100,19058,1,1,1,False,False,"en,es",1,99,99
42,es,sharegpt,head_zero_decode,"Okay, here's a project proposal in Spanish, aiming for a professional and detailed tone. Please let me know if you'd like me to refine it further!

---

**Project Proposal: Assessing the Implementation of Sustainable Development Goals in Urban Planning Practices: Challenges and Opportunities**

**1. Introduction**

The Sustainable Development Goals (SDGs) are a globally recognized framework for addressing pressing issues like poverty, inequality, and climate change. Cities are increasingly recognized as key actors in achieving these",100,19058,1,1,1,False,False,"en,en,en",1,99,99
43,fr,sharegpt,clean,"Okay, here's a sample CRM requirements document for a company selling scientific instruments, written in French. It's designed to be comprehensive and adaptable to various company sizes and needs.  I've aimed for a balance of detail and clarity.  **Please read the entire document and adapt it to your specific situation.**

---

**Document de Réquisitos CRM – [Nom de l'Entreprise]**

**Date:** 26 Octobre 2023
**",100,19058,1,1,1,False,False,"en,fr",0,0,0
43,fr,sharegpt,target_word_mask,"Okay, here's a sample CRM requirements document for a company selling scientific instruments, written in French. It's designed to be comprehensive and adaptable to various company sizes and needs.  I've aimed for a balance of detail and clarity.  **Please note:** This is a template and will need to be tailored to your specific company, products, and processes.

---

**Document Title: CRM Requirements Specification – [Company Name]**

**Date:** October 26,",100,19058,1,1,1,False,False,"en,en",1,99,99
43,fr,sharegpt,nearby_word_mask,"Okay, here's a sample CRM requirements document for a company selling scientific instruments, written in French. It's designed to be comprehensive and adaptable to various company sizes and needs.  I've aimed for a balance of detail and clarity.  **Please read the entire document and adapt it to your specific situation.**

---

**Document de Réquisitos CRM – [Nom de l'Entreprise]**

**Date:** 26 Octobre 2023
**",100,19058,1,1,1,False,False,"en,fr",1,99,99
43,fr,sharegpt,control_head_word_mask,"Okay, here's a sample CRM requirements document for a company selling scientific instruments, written in French. It's designed to be comprehensive and adaptable to various company sizes and needs.  I've aimed for a balance of detail and clarity.  **Please note:** This is a template and needs to be tailored to your specific company, products, and processes.

---

**Document de Requisitos CRM – [Nom de l'Entreprise]**

**Date:** 26",100,19058,1,1,1,False,False,"en,fr",1,99,99
43,fr,sharegpt,head_zero_decode,"Okay, here's a sample CRM requirements document for a company selling scientific instruments, written in French.  It’s detailed and covers a range of aspects, but it can be adapted to your specific needs.

---

**CRM Requirements Document – [Company Name]**

**1. Introduction**

**1.1. Purpose**

This document outlines the requirements for a Customer Relationship Management (CRM) system for [Company Name], a company specializing in the sale of scientific instruments.",100,19058,1,1,1,False,False,"en,en,en",1,99,99
44,es,okapi,clean,"Okay, here's an essay in Spanish, exploring the importance of music education, aiming for a thoughtful and engaging tone. It’s approximately 500-600 words. Please note that I’ve aimed for a sophisticated and nuanced approach, suitable for a college-level essay.

---

**La Importancia de la Educación Musical en Nuestras Vidas**

En un mundo cada vez más dominado por la tecnología y la información, a menudo se subestima la",100,19058,1,1,1,False,False,"en,es,es",0,0,0
44,es,okapi,target_word_mask,"Okay, here's an essay in Spanish, exploring the importance of music education, aiming for a thoughtful and engaging tone. It’s approximately 500-600 words. Please note that I’ve aimed for a sophisticated and nuanced approach, suitable for a college-level essay.

---

**La Importancia de la Educación Musical en Nuestras Vidas**

En un mundo cada vez más dominado por la tecnología y la información, a menudo se subestima la",100,19058,1,1,1,False,False,"en,es,es",1,99,99
44,es,okapi,nearby_word_mask,"Okay, here's an essay in Spanish, exploring the importance of music education, aiming for a thoughtful and engaging tone. It’s approximately 500-600 words. Please note that I’ve aimed for a sophisticated style, incorporating vocabulary and sentence structure appropriate for academic writing.

---

**La Importancia de la Educación Musical en Nuestras Vidas**

En un mundo cada vez más dominado por la tecnología y la información, a menudo se subestima la",100,19058,1,1,1,False,False,"en,es,es",1,99,99
44,es,okapi,control_head_word_mask,"Okay, here's an essay in Spanish, exploring the importance of music education, aiming for a thoughtful and engaging tone. It’s approximately 500-600 words. Please note that I’ve aimed for a sophisticated and nuanced approach, suitable for a college-level essay.

---

**La Importancia de la Educación Musical en Nuestras Vidas**

En un mundo cada vez más dominado por la tecnología y la información, a menudo se subestima la",100,19058,1,1,1,False,False,"en,es,es",1,99,99
44,es,okapi,head_zero_decode,"Okay, here's an essay in Spanish about the importance of music education in our lives, incorporating a thoughtful and nuanced approach. Please see it below.

---

**The Importance of Music Education in Our Lives**

Music education – whether it’s in schools or at home – is far more than just a pleasant pastime. It’s a fundamental component of a well-rounded education, profoundly impacting cognitive development, emotional well-being, and social skills. In a world increasingly focused on",100,19058,1,1,1,False,False,"en,en,en",1,99,99
45,de,complex_prompts,clean,"Okay, here’s a two-paragraph summary of the text, followed by a list of five strategies for nurturing students, and finally, five questions and answers based on the provided text:

**Summary:**

In education, a teacher’s primary role extends beyond simply imparting knowledge; it’s about fostering the holistic development of each student. Recognizing that every individual possesses unique strengths, weaknesses, and learning styles, educators must cultivate a stimulating and inclusive environment that encourages inquiry, risk-taking,",100,19058,1,1,1,False,False,"en,en",0,0,0
45,de,complex_prompts,target_word_mask,"Okay, here’s a two-paragraph summary of the text, followed by a list of five strategies for nurturing students, and five comprehension questions:

**Summary:**

In education, a teacher’s primary role is to cultivate the whole child – recognizing each student’s unique strengths, weaknesses, and learning styles.  It’s crucial to create a stimulating and supportive environment that encourages inquiry, risk-taking, and collaboration.  A teacher’s responsibility extends beyond simply imparting knowledge;",100,19058,1,1,1,False,False,"en,en",1,99,99
45,de,complex_prompts,nearby_word_mask,"Okay, here’s a two-paragraph summary of the text, followed by a list of five strategies for nurturing students, and finally, five questions and answers based on the provided text:

**Summary:**

In education, a teacher’s primary role extends beyond simply imparting knowledge; it’s about fostering the holistic development of each student. Recognizing that every individual possesses unique strengths, weaknesses, and learning styles, educators must cultivate a stimulating and inclusive environment that encourages inquiry, risk-taking,",100,19058,1,1,1,False,False,"en,en",1,99,99
45,de,complex_prompts,control_head_word_mask,"Okay, here’s a two-paragraph summary of the text, followed by a list of five strategies for nurturing students, and finally, five questions and answers based on the provided text:

**Summary:**

In education, a teacher’s primary role extends beyond simply imparting knowledge; it’s about fostering the holistic development of each student. Recognizing that every individual possesses unique strengths, weaknesses, and learning styles, educators must cultivate a stimulating and inclusive environment that encourages inquiry, risk-taking,",100,19058,1,1,1,False,False,"en,en",1,99,99
45,de,complex_prompts,head_zero_decode,"Okay, here’s a two-paragraph summary of the text, followed by a list of five strategies a teacher must use to nurture their students, and finally, five questions and answers based on the text:

**Summary (German):**

In essence, this text emphasizes the crucial role of educators in fostering holistic development – nurturing not just the intellect, but also the whole person. Teachers are responsible for creating a supportive and stimulating environment where students are encouraged to explore, take risks, and engage",100,19058,1,1,1,False,False,"en,en",1,99,99
46,it,okapi,clean,"Okay, here's an explanation of a common misconception about using AI to augment human capabilities, written in Italian, aiming for a clear and nuanced understanding. I've aimed for a tone that’s both informative and slightly critical, reflecting the complexities of the topic.

---

**Una Miti Comune: L'IA come ""Assistente"" e Non Come ""Sostituto""**

Molti pensano che l'intelligenza artificiale (IA) sia destinata a",100,19058,1,1,1,False,False,"en,it,it",0,0,0
46,it,okapi,target_word_mask,"Okay, here's an explanation of a common misconception about using AI to augment human capabilities, written in Italian, aiming for a clear and nuanced understanding. It’s approximately 300-400 words.

**La Miti: L'AI è un'Evoluzione, Non un Sostituto**

Un'opinione comune e, a mio parere, un po' semplicistica è l'idea che l'intelligenza artificiale (AI)",100,19058,1,1,1,False,False,"en,it,it",1,99,99
46,it,okapi,nearby_word_mask,"Okay, here's an explanation of a common misconception about using AI to augment human capabilities, written in Italian, aiming for a clear and nuanced understanding. I've aimed for a tone that’s both informative and slightly critical, reflecting the complexities of the topic.

---

**Una Miti Comune: L'IA come ""Assistente"" e Non Come ""Sostituto""**

Molti pensano che l'intelligenza artificiale (IA) sia destinata a",100,19058,1,1,1,False,False,"en,it,it",1,99,99
46,it,okapi,control_head_word_mask,"Okay, here's an explanation of a common misconception about using AI to augment human capabilities, written in Italian, aiming for a clear and nuanced understanding. I've aimed for a tone that’s both informative and slightly critical, reflecting the complexities of the topic.

---

**Una Miti Comune: L'IA come ""Assistente"" e Non Come ""Sostituto""**

Molti pensano che l'intelligenza artificiale (IA) sia destinata a",100,19058,1,1,1,False,False,"en,it,it",1,99,99
46,it,okapi,head_zero_decode,"Okay, here's an explanation of a common misconception about using AI to augment human capabilities, written in Italian, followed by a translation:

**Italian Translation:**

**The Misconception: AI is a Replacement for Human Intelligence**

A very common misconception is that AI is simply a tool that will replace human intelligence. It’s a dangerous idea because it assumes that AI can think and solve problems in a way that surpasses human capabilities.  While AI excels at specific tasks – like analyzing",100,19058,1,1,1,False,False,"en,en,en",1,99,99
47,de,complex_prompts,clean,"Okay, here's a TSV file containing information about the traveling exhibits of the Metropolitan Museum of Art between 1990 and 2000, formatted as requested.  I've aimed for a comprehensive but manageable format.  Due to the limitations of this text-based response, I'll provide the data in a way that you can easily copy and paste into a text editor and then save it as a TSV file.

```tsv
Exhibit Title,Subject",100,19058,1,1,1,False,False,en,0,0,0
47,de,complex_prompts,target_word_mask,"Okay, here's a TSV file containing information about the traveling exhibits held by the Met Museum between 1990 and 2000, formatted as requested.  I've aimed for a comprehensive but manageable format.  **Please note:**  This is a *representation* of the data.  The Met's archives are vast, and this is a simplified version.  A truly complete dataset would require a significant amount of data processing and potentially a database.

",100,19058,1,1,1,False,False,en,1,99,99
47,de,complex_prompts,nearby_word_mask,"Okay, here's a TSV file containing information about the traveling exhibits of the Metropolitan Museum of Art between 1990 and 2000, formatted as requested.  I've aimed for a comprehensive but manageable format.  Due to the limitations of this text-based response, I'll provide the data in a way that you can easily copy and paste into a text editor and then save it as a TSV file.

```tsv
Exhibit Title,Subject",100,19058,1,1,1,False,False,en,1,99,99
47,de,complex_prompts,control_head_word_mask,"Okay, here's a TSV file containing information about the traveling exhibits of the Metropolitan Museum of Art between 1990 and 2000, formatted as requested.  I've aimed for a comprehensive but manageable format.  Due to the limitations of this text-based response, I'll provide the data in a way that you can easily copy and paste into a text editor and then save it as a TSV file.

```tsv
Exhibit Title,Subject",100,19058,1,1,1,False,False,en,1,99,99
47,de,complex_prompts,head_zero_decode,"Okay, here's a TSV file containing the information about the Met's travelling exhibits between 1990 and 2000, formatted in German, with headings and organized alphabetically by exhibit title.  I've aimed for a comprehensive and readable format.  Please note that this is a text representation of the data, not a perfect, formatted TSV.  It's designed to be easily copy-pasted into a TSV file.

```tsv
",100,19058,1,1,1,False,False,en,1,99,99
48,it,sharegpt,clean,"Okay, here are a few options for answering the question ""What types of use cases or new plugins do you want to see built?"" in Italian, ranging from more formal to slightly more casual. Choose the one that best suits the context and your desired tone:

**1. Formal & Detailed (Good for a professional setting or a detailed discussion):**

""Vorrei suggerire diversi tipi di casi d'uso e nuove integrazioni plugin. In particolare, mi interessano sviluppi che possano",100,19058,1,1,1,False,False,"en,en,it",0,0,0
48,it,sharegpt,target_word_mask,"Okay, here are a few options for answering the question ""What types of use cases or new plugins do you want to see built?"" in Italian, ranging from more formal to slightly more casual. Choose the one that best suits the context and your desired tone:

**1. Formal & Detailed (Good for a professional setting or a detailed discussion):**

""Desidero suggerire che ci siano nuove funzionalità e casi d'uso, sia plugin che integrazioni, che possano migliorare l'",100,19058,1,1,1,False,False,"en,en,it",1,99,99
48,it,sharegpt,nearby_word_mask,"Okay, here are a few options for answering the question ""What types of use cases or new plugins do you want to see built?"" in Italian, ranging from more formal to slightly more casual. Choose the one that best suits the context and your desired tone:

**1. Formal & Detailed (Good for a professional setting or a detailed discussion):**

""Vorrei suggerire diversi tipi di casi d'uso e nuove integrazioni plugin. In particolare, mi interessano sviluppi che possano",100,19058,1,1,1,False,False,"en,en,it",1,99,99
48,it,sharegpt,control_head_word_mask,"Okay, here are a few options for answering the question ""What types of use cases or new plugins do you want to see built?"" in Italian, ranging from more formal to slightly more casual. Choose the one that best suits the context and your desired tone:

**1. Formal & Detailed (Good for a professional setting or a detailed discussion):**

""Vorrei suggerire diversi tipi di casi d'uso e nuove integrazioni plugin. In particolare, mi interessano sviluppi che possano",100,19058,1,1,1,False,False,"en,en,it",1,99,99
48,it,sharegpt,head_zero_decode,"Okay, here are a few options for answering the question ""What types of use cases or new plugins do you want to see built?"" in Italian, ranging from formal to more casual. Choose the one that best suits the context:

**Option 1 (Formal - Suitable for a professional setting):**

""Scusami, ma vorrei sapere quali tipi di casi d'uso o nuove integrazioni vorreste vedere sviluppati?

(Excuse me, but I would like to know what",100,19058,1,1,1,False,False,"en,en,it,en",1,99,99
49,fr,complex_prompts,clean,"Here’s your poem:

Le chat dort, un doux rêve,
Le souris s’enfuit, sans peine,
Le chien aboie, un songe,
Le chat se lève, sans peine.

La souris s’enfuit, un vrai jeu,
Le chien l’attend, un peu fou,
Le chat se lève, sans peine,
Un doux parfum, un beau tableau. 

The cat sleeps, a sweet dream,
The",100,8291,1,1,1,False,False,"fr,fr,fr,fr,fr,fr,fr,fr,en",0,0,0
49,fr,complex_prompts,target_word_mask,"Here’s your poem:

The cat sleeps soundly, a cozy sight,
A mouse scurries, a fleeting plight,
The dog dreams softly, bathed in light,
And shadows lengthen, dark and bright.

The cat considers, with regal grace,
The mouse escapes, a hurried pace,
The dog barks loudly, finds its place,
A peaceful moment, a lovely space. 

The cat and mouse, a playful pair,
A happy ending,",100,8291,1,1,1,False,False,"en,en,en,en,en,en,en,en,en",1,99,99
49,fr,complex_prompts,nearby_word_mask,"Here’s your poem:

Le chat dort, un doux rêve,
Le souris s’enfuit, sans peine,
Le chien aboie, un songe,
Le chat se lève, sans peine.

La souris s’enfuit, un vrai jeu,
Le chien l’attend, un peu fou,
Le chat se lève, un nouveau feu,
Le doux cat, un vrai beau. 

The cat sleeps, a sweet dream,
",100,8291,1,1,1,False,False,"fr,fr,fr,fr,fr,fr,fr,fr,en",1,99,99
49,fr,complex_prompts,control_head_word_mask,"Here’s your poem:

The cat sleeps soundly, a peaceful sight,
A mouse scurries, a fleeting plight,
The dog barks loudly, with all his might,
Beneath the moon, a silver light.

The cat dreams softly, a gentle hue,
The mouse hides quickly, a secret view,
The dog chases shadows, fresh and new,
A happy scene, forever true. 

The cat and mouse, a playful pair,
A",100,8291,1,1,1,False,False,"en,en,en,en,en,en,en,unknown,en",1,99,99
49,fr,complex_prompts,head_zero_decode,"Here’s the poem:

The cat sleeps, a velvet delight,
And dreams of chasing a mouse tonight.
The dog barks, a joyful, loud sound,
As shadows lengthen all around.

The cat sits still, a watchful gaze,
Lost in a sunlit, hazy maze.
The mouse scurries, quick and sly,
Beneath the moon’s pale, silver eye.

The dog dreams of a tasty bone,
A peaceful, quiet,",100,8291,1,1,1,False,False,"en,en,en,en,en,en,en,en,en",1,99,99
50,fr,complex_prompts,clean,"Voici le tableau des voyelles IPA qui tombent dans précisément les strates de proximité, proximité-mil, ouverture-mil et ouverture :

Proximité | Front | Mil | Back
|-|-|-|-|
|Close | i y | i ɨ ʉ | i u |
|Close-Mid | e ø | ɘ ɵ | ɤ o |
|Open-Mid | e œ | ɜ ɞ | ʌ ɔ |
|Open |",100,129930,1,1,1,False,False,"fr,es,unknown,en",0,0,0
50,fr,complex_prompts,target_word_mask,"Voici le tableau des voyelles IPA qui tombent dans les strates de proximité, proximité-mil, ouverture-mil et ouverture :

proximité | front | mid | back 
|-|-|-|-|
close | i y | ɨ ʉ | ɯ u |
close-mid | e ø | ɘ ɵ | ɤ o |
open-mid | ɛ œ | ɜ ɞ | ʌ ɔ |
open | a ɶ",100,129930,1,1,1,False,False,"fr,unknown,unknown,en",1,99,99
50,fr,complex_prompts,nearby_word_mask,"Voici le tableau des voyelles IPA qui tombent dans précisément les strates de proximité, proximité-mil, ouverture-mil et ouverture :

Proximité | Front | Mil | Back
|-|-|-|-|
|Close | i y | i ɨ ʉ | i u |
|Close-Mid | e ø | ɘ ɵ | ɤ o |
|Open-Mid | e œ | ɜ ɞ | ʌ ɔ |
|Open |",100,129930,1,1,1,False,False,"fr,es,unknown,en",1,99,99
50,fr,complex_prompts,control_head_word_mask,"Voici le tableau des voyelles IPA qui tombent dans précisément les strates de proximité, proximité-mil, ouverture-mil et ouverture :

Proximité | Front | Mil | Back
|-|-|-|-|
|Close | i y | i ɨ ʉ | i u |
|Close-Mid | e ø | ɘ ɵ | ɤ o |
|Open-Mid | e œ | ɜ ɞ | ʌ ɔ |
|Open |",100,129930,1,1,1,False,False,"fr,es,unknown,en",1,99,99
50,fr,complex_prompts,head_zero_decode,"Voici la table des voyelles IPA qui tombent précisément dans les catégories de proximité, proximité-mil, ouverture-mil et ouverture :

Proximity | Front | Mid | Back
---|---|---|---
|Open|i y |ɨ ʉ |ɯ u |
|Close|e ø |ɘ ɵ |ɤ o |
|Close-Mid|e ø |ɘ ɵ |ɤ o |
|Open|æ œ |ɜ ɵ |ʌ ɔ",100,129930,1,1,1,False,False,"fr,unknown,unknown,unknown,id",1,99,99
51,fr,okapi,clean,"Okay, here's a short persuasive essay about the importance of voting, written in French, aiming for a tone that’s both informative and engaging. I’ve aimed for a length suitable for a general audience, and included some nuances of French phrasing.

---

**Le Vote : Un Act de Pouvoir pour l'Avenir**

Dans un pays démocratique, le vote est bien plus qu’une simple obligation. C’est un acte de pouvoir, une participation active",100,19058,1,1,1,False,False,"en,fr,fr",0,0,0
51,fr,okapi,target_word_mask,"Okay, here's a short persuasive essay about the importance of voting, written in French, aiming for a tone that’s both informative and engaging. I’ve aimed for a length suitable for a school or general audience.  Please note that I’ve translated key phrases for clarity and flow.

---

**L'Importance Crucial de Voter : Un Engagement pour l'Avenir**

Dans une démocratie, le pouvoir appartient au peuple. Mais ce pouvoir ne peut",100,19058,1,1,1,False,False,"en,fr,fr",1,99,99
51,fr,okapi,nearby_word_mask,"Okay, here's a short persuasive essay about the importance of voting, written in French, aiming for a tone that’s both informative and engaging. I’ve aimed for a style suitable for a general audience, and included some nuances of French phrasing.

---

**Le Vote : Un Act de Pouvoir pour l'Avenir**

Dans un pays démocratique, le vote est bien plus qu’une simple obligation. C’est un acte de pouvoir, une participation active",100,19058,1,1,1,False,False,"en,fr,fr",1,99,99
51,fr,okapi,control_head_word_mask,"Okay, here's a short persuasive essay about the importance of voting, written in French, aiming for a tone that’s both informative and engaging. I’ve aimed for a style suitable for a general audience, and included some nuances of French phrasing.

---

**Le Vote : Un Act de Pouvoir pour l'Avenir**

Dans une démocratie, le vote est bien plus qu’une simple formalité. C’est le fondement même de la liberté et",100,19058,1,1,1,False,False,"en,fr,fr",1,99,99
51,fr,okapi,head_zero_decode,"Okay, here's a short persuasive essay about the importance of voting in French, aiming for a tone that’s both formal and persuasive:

---

**L'Importance de la Participation Civique : Le Vote**

**Introduction**

La démocratie repose sur la participation civique, et die ist die wichtigste Form dieser Beteiligung.  Das Recht auf wählen ist ein fundamental droit, das jede Bürger besitzt.  In Frankreich, comme partout else, voting ist ein entscheidender",100,19058,1,1,1,False,False,"en,fr,de",1,99,99
52,it,complex_prompts,clean,"Here’s a 500-character summary of the article, focusing on the core message:

**E-commerce significantly impacts the environment, presenting both opportunities and challenges. While offering convenience and reduced transportation emissions, it generates substantial waste through packaging, returns, and unsustainable practices.  Future sustainable e-commerce requires innovative packaging, streamlined shipping, supply chain integration, and prioritizing energy efficiency.**

---

**Key Takeaway:** E-commerce’s environmental footprint is substantial, demanding proactive",100,8291,1,1,1,False,False,"en,en,en",0,0,0
52,it,complex_prompts,target_word_mask,"Here’s a 500-character summary of the article, focusing on the impact of e-commerce on overconsumption:

Online shopping fuels consumption through convenience, environmental awareness, and digital information. While e-commerce offers benefits, it significantly contributes to environmental problems – from transportation emissions and packaging waste to warehousing impacts.  Sustainable practices are crucial, requiring innovative packaging, streamlined shipping, and supply chain integration to minimize waste and reduce carbon footprint.

---

**Summary (500",100,8291,1,1,1,False,False,"en,en",1,99,99
52,it,complex_prompts,nearby_word_mask,"Here’s a 500-character summary of the article, focusing on the core message:

**E-commerce significantly impacts the environment, presenting both opportunities and challenges. While offering convenience and reduced transportation emissions, it generates substantial waste through packaging, returns, and unsustainable practices.  Future sustainable e-commerce requires innovative packaging, streamlined shipping, supply chain integration, and prioritizing energy efficiency.**

---

**Key Takeaway:** E-commerce’s environmental footprint is substantial, demanding proactive",100,8291,1,1,1,False,False,"en,en,en",1,99,99
52,it,complex_prompts,control_head_word_mask,"Here’s a 500-character summary of the article, focusing on the core message:

**E-commerce significantly impacts the environment, presenting both opportunities and challenges. While offering convenience and reduced transportation emissions, it generates substantial waste through packaging, returns, and unsustainable practices.  Future sustainable e-commerce requires innovative packaging, streamlined shipping, supply chain integration, and prioritizing energy efficiency.**

---

**Key Takeaway:** E-commerce’s environmental footprint is substantial, demanding proactive",100,8291,1,1,1,False,False,"en,en,en",1,99,99
52,it,complex_prompts,head_zero_decode,"Here’s a 500-character summary of the article, focusing on the impact of e-commerce on overconsumption:

“E-commerce significantly accelerates overconsumption through convenience, reduced environmental impact, and a focus on immediacy. While offering potential benefits, it also generates substantial waste through packaging and transportation emissions.  Sustainable e-commerce requires innovative packaging solutions, streamlined shipping processes, and supply chain integration to minimize these negative effects.”

---

Here’s a slightly longer version,",100,8291,1,1,1,False,False,"en,en,en",1,99,99
53,fr,okapi,clean,"Okay, here’s a response in French, identifying three types of government assistance that could help startups during an economic downturn, followed by a brief explanation of each:

**Voici trois types d'aide gouvernementale qui pourraient aider les startups pendant une période économique difficile:**

1. **Aides à l'investissement et au financement:** C'est probablement la forme d'aide la plus courante. Les startups peuvent bénéficier de prêts à taux préférentiels, de subventions pour le",100,19058,1,1,1,False,False,"en,fr,fr",0,0,0
53,fr,okapi,target_word_mask,"Okay, here's a piece in French, discussing three types of government assistance that could help startups during an economic downturn, followed by a brief explanation of the nuances:

**Les Aides Gouvernementales pour les Startups pendant une Crise Économique**

Les périodes de crise économique sont souvent difficiles pour les startups, qui sont déjà confrontées à un lancement et à une croissance potentiellement risqués.  Il est donc crucial de trouver des solutions d'aide pour survivre et",100,19058,1,1,1,False,False,"en,fr,fr",1,99,99
53,fr,okapi,nearby_word_mask,"Okay, here’s a response in French, identifying three types of government assistance that could help startups during an economic downturn, followed by a brief explanation of each:

**Voici trois types d'aide gouvernementale qui pourraient aider les startups pendant une période économique difficile:**

1. **Aides à l'investissement et au financement:** C'est probablement la forme d'aide la plus courante. Les startups peuvent bénéficier de prêts à taux préférentiels, de subventions pour le",100,19058,1,1,1,False,False,"en,fr,fr",1,99,99
53,fr,okapi,control_head_word_mask,"Okay, here’s a response in French, identifying three types of government assistance that could help startups during an economic downturn, followed by a brief explanation of each:

**Voici trois types d'aide gouvernementale qui pourraient aider les startups pendant une période économique difficile:**

1. **Aides à l'investissement et au financement:** C'est probablement la forme d'aide la plus courante. Les startups peuvent bénéficier de prêts à taux préférentiels, de subventions pour le",100,19058,1,1,1,False,False,"en,fr,fr",1,99,99
53,fr,okapi,head_zero_decode,"Okay, here’s a response in French, identifying three types of government assistance that could help startups during an economic downturn, followed by a translation and some notes:

**French:**

Voici trois types de soutien gouvernemental qui pourraient aider les startups pendant une période économique difficile :

1.  **Subventions et prêts à taux réduit:** Les gouvernements peuvent offrir des subventions financières ou des prêts à taux réduit pour aider les startups à financer leurs opérations et à développer leurs produits. Ces",100,19058,1,1,1,False,False,"en,fr,fr",1,99,99
54,it,complex_prompts,clean,"Okay, here’s a summary of the text in 100 words, followed by the requested information:

The text discusses the debate surrounding the “best” Ferrari model. It highlights that the ideal choice depends on individual preferences – those seeking pure performance favor the Enzo, LaFerrari, or LaFerrari Aperta; rarity enthusiasts gravitate towards the 288 GTO and the Monza SP/SP2, with only 500 units produced.  The Testarossa’s",100,19058,1,1,1,False,False,"en,en",0,0,0
54,it,complex_prompts,target_word_mask,"Okay, here’s a summary of the text in 100 words, followed by the requested information:

The text discusses the debate surrounding the “best” Ferrari model. It highlights that the ideal choice depends on individual preferences – those seeking pure performance favor the Enzo, LaFerrari, or LaFerrari Aperta; rarity enthusiasts gravitate towards the 288 GTO and the Monza SP/SP2. Iconic status is attributed to the Testarossa, and ultimately, Ferrari’s",100,19058,1,1,1,False,False,"en,en",1,99,99
54,it,complex_prompts,nearby_word_mask,"Okay, here’s a summary of the text in 100 words, followed by the requested information:

The text discusses the debate surrounding the “best” Ferrari model. It highlights that the ideal choice depends on individual preferences – those seeking pure performance favor the Enzo, LaFerrari, or LaFerrari Aperta; rarity enthusiasts gravitate towards the 288 GTO and the Monza SP/SP2, with only 500 units produced.  The Testarossa’s",100,19058,1,1,1,False,False,"en,en",1,99,99
54,it,complex_prompts,control_head_word_mask,"Okay, here’s a summary of the text in 100 words, followed by the requested information:

The text discusses the debate surrounding the “best” Ferrari model. It highlights that the ideal choice depends on individual preferences – those seeking pure performance favor the Enzo, LaFerrari, or LaFerrari Aperta, while rarity enthusiasts gravitate towards the 288 GTO and Monza SP/SP2.  The Testarossa’s iconic status also earns it a place in the",100,19058,1,1,1,False,False,"en,en",1,99,99
54,it,complex_prompts,head_zero_decode,"Okay, here’s a summary of the text in 100 words:

The text discusses the debate about the “best” Ferrari model, emphasizing that there’s no single definitive answer. It acknowledges that the Enzo, LaFerrari, and LaFerrari Aperta are highly regarded, alongside the iconic 288 GTO and the Monza SP1 & SP2, both limited-production models.  The text also highlights Ferrari’s commitment to exceptional performance and craftsmanship, arguing that",100,19058,1,1,1,False,False,"en,en",1,99,99
55,de,okapi,clean,"Okay, here's an argumentative essay about the importance of healthy eating in German, aiming for a thoughtful and persuasive tone. It’s approximately 600-700 words.  Please note that this is a draft – feel free to adjust it to better suit your specific style and the desired length.

---

**Die Bedeutung einer gesunden Ernährung für unsere Gesundheit und Lebensqualität**

In unserer modernen Gesellschaft, geprägt von schnelllebigen Lebensstilen und einer zunehmenden",100,19058,1,1,1,False,False,"en,de,de",0,0,0
55,de,okapi,target_word_mask,"Okay, here's an argumentative essay about the importance of healthy eating in German, aiming for a thoughtful and persuasive tone. It’s approximately 600-700 words.  Please note that this is a draft – feel free to adjust it to better suit your specific style and the desired length.

---

**Die Bedeutung einer gesunden Ernährung für unsere Gesundheit und Lebensqualität**

In unserer modernen Gesellschaft, geprägt von schnelllebigen Lebensstilen und einer zunehmenden",100,19058,1,1,1,False,False,"en,de,de",1,99,99
55,de,okapi,nearby_word_mask,"Okay, here's an argumentative essay about the importance of healthy eating in German, aiming for a thoughtful and persuasive tone. It’s approximately 600-700 words.  Please note that this is a draft – feel free to adjust it to better suit your specific style and the desired length.

---

**Die Bedeutung einer gesunden Ernährung für unsere Gesundheit und Lebensqualität**

In unserer modernen Gesellschaft, geprägt von schnelllebigen Lebensstilen und einer zunehmenden",100,19058,1,1,1,False,False,"en,de,de",1,99,99
55,de,okapi,control_head_word_mask,"Okay, here's an argumentative essay about the importance of healthy eating in German, aiming for a thoughtful and persuasive tone. It’s approximately 600-700 words.  Please note that this is a draft – feel free to adjust it to better suit your specific style and the desired length.

---

**Die Bedeutung einer gesunden Ernährung für unsere Gesundheit und Lebensqualität**

In unserer modernen Gesellschaft, geprägt von schnelllebigen Lebensstilen und einer zunehmenden",100,19058,1,1,1,False,False,"en,de,de",1,99,99
55,de,okapi,head_zero_decode,"Okay, here's an argumentative essay about the importance of healthy eating in German, aiming for a formal and nuanced tone. Please note that this is a translation, and I've aimed for a natural and sophisticated style. Let me know if you'd like me to adjust anything!

---

**The Vital Importance of Healthy Eating**

**Introduction**

In today’s fast-paced world, it’s easy to prioritize convenience and immediate gratification over long-term health. However",100,19058,1,1,1,False,False,"en,en,en",1,99,99
56,es,sharegpt,clean,"Okay, let's break down how Medium's recommendation system works, using Spanish and explaining it in a way that's hopefully clear.

**Medium's Recommendation System: Un Misterio (A Mystery)**

Medium's algorithm is notoriously complex and a bit of a secret sauce. It's not a simple ""like this, dislike that"" system. It's a sophisticated blend of several techniques, constantly learning and adapting. Here's a breakdown of the key components:",100,19058,1,1,1,False,False,"en,unknown,en",0,0,0
56,es,sharegpt,target_word_mask,"Okay, let's break down how Medium's recommendation system works, using Spanish and explaining it in detail. It's a complex system, but here's a comprehensive overview:

**1. The Core: A Multi-Layered Approach**

Medium’s recommendation system isn’t just one thing. It’s built on a combination of several algorithms working together, creating a layered approach to understanding your reading habits and interests.  Think of it like a sophisticated detective trying to",100,19058,1,1,1,False,False,"en,en,en",1,99,99
56,es,sharegpt,nearby_word_mask,"Okay, let's break down how Medium's recommendation system works, using Spanish and explaining it in a way that's hopefully clear.

**Medium's Recommendation System: Un Misterio (A Mystery)**

Medium's algorithm is notoriously complex and a bit of a secret sauce. It's not a simple ""like this, dislike that"" system. It's a sophisticated blend of several techniques, constantly learning and adapting. Here's a breakdown of the key components:",100,19058,1,1,1,False,False,"en,unknown,en",1,99,99
56,es,sharegpt,control_head_word_mask,"Okay, let's break down how Medium's recommendation system works, using Spanish and explaining it in a way that's hopefully clear.

**Medium's Recommendation System: A Deep Dive**

Medium’s algorithm is a complex beast, constantly evolving, but here’s a breakdown of the key components and how it works:

**1. The Core: Collaborative Filtering (with a Twist)**

At its heart, Medium relies heavily on collaborative filtering. This means it analyzes what",100,19058,1,1,1,False,False,"en,en,en,en,en",1,99,99
56,es,sharegpt,head_zero_decode,"Okay, let's break down how Medium's recommendation system works, using Spanish.

**The Core Concept: A Hybrid Approach**

Medium's recommendation system is a sophisticated blend of several techniques, primarily focusing on a hybrid approach that combines:

1. **Content-Based Filtering:** This is the foundation. Medium analyzes the *content* of the articles you've read and liked. It identifies articles that share similar themes, topics, and writing styles with what you've enjoyed",100,19058,1,1,1,False,False,"en,en,en,en",1,99,99
57,es,sharegpt,clean,"## Documento de Requisitos del Producto - Startup Finder & Builder

**1. Introducción**

Este documento describe los requisitos para un software llamado ""Startup Finder & Builder"" (FFB), diseñado para ayudar a emprendedores a identificar su mercado objetivo y comenzar a construir su negocio de manera eficiente. El software se centrará en proporcionar una plataforma intuitiva y accesible para la investigación de mercado, la definición de la propuesta de valor y la planificación inicial de la estrategia de negocio.

**",100,1408,1,1,1,False,True,"es,es",0,0,0
57,es,sharegpt,target_word_mask,"## Product Requirements Document: Market Insights & Business Builder (MI&BB)

**1. Introduction**

This document outlines the requirements for “Market Insights & Business Builder” (MI&BB), a software application designed to assist entrepreneurs in identifying their ideal target market and laying the foundation for a successful business. MI&BB aims to streamline the often overwhelming process of market research and business planning, empowering entrepreneurs to make informed decisions and accelerate their launch.

**2. Goals**

* **Primary",100,1408,1,1,1,False,False,"en,en",1,99,99
57,es,sharegpt,nearby_word_mask,"## Documento de Requisitos del Producto - Startup Finder & Builder

**1. Introducción**

Este documento describe los requisitos para un software llamado ""Startup Finder & Builder"" (FFB), diseñado para ayudar a emprendedores a identificar su mercado objetivo y comenzar a construir su negocio de manera eficiente. El software se centrará en proporcionar una plataforma intuitiva y accesible para la investigación de mercado, la definición de la propuesta de valor y la planificación inicial de la estrategia de negocio.

**",100,1408,1,1,1,False,True,"es,es",1,99,99
57,es,sharegpt,control_head_word_mask,"## Documento de Requisitos del Producto - Startup Finder & Builder

**1. Introducción**

Este documento describe los requisitos para un software llamado ""Startup Finder & Builder"" (FFB), diseñado para ayudar a emprendedores a identificar su mercado objetivo y comenzar a construir su negocio de manera eficiente. El software se centrará en proporcionar una plataforma intuitiva y accesible para la investigación de mercado, la definición de la propuesta de valor y la planificación inicial de la estrategia de negocio.

**",100,1408,1,1,1,False,True,"es,es",1,99,99
57,es,sharegpt,head_zero_decode,"## Product Requirements Document (Spanish)

**Producto:** ""MarketWise"" - A Software for Entrepreneurs

**Versión:** 1.0

**Fecha:** October 26, 2023

**1. Introducción**

**1.1. Objetivo del Documento**

Este documento describe los requisitos para el desarrollo de ""MarketWise,"" una software que ayuda emprendedores a identificar un mercado objetivo y comenzar a construir su negocio.  El objetivo es crear una herramienta",100,1408,1,1,1,False,False,"en,es",1,99,99
58,it,complex_prompts,clean,"Okay, here’s a 100-word poem in Italian, following your rules:

Il gatto dorme, un dolce riposo,
Il topo fugge, un triste sofo.
Il cane abbaia, un suono vero,
La casa è calma, un dolce coro.

La scimmia corre, un rapido volo,
Il gatto si nasconde, un segreto so.
Il cane le guarda, un sguardo severo",100,19058,1,1,1,False,False,"en,it,it,it,it,it,it,it",0,0,0
58,it,complex_prompts,target_word_mask,"Okay, here’s a 100-word poem in Italian, following your rules:

The cat sleeps soundly, a cozy sight,
A mouse scurries, filled with delight.
The dog barks loudly, a joyful plea,
Beneath the moon, for you and me.

The shadows lengthen, a silent grace,
A furry friend, a warm embrace.
The cat purrs softly, a gentle sound,
As peace and comfort can be found",100,19058,1,1,1,False,False,"en,en,en,en,en,en,en,en,en",1,99,99
58,it,complex_prompts,nearby_word_mask,"Okay, here’s a 100-word poem in Italian, following your rules:

Il gatto dorme, un dolce riposo,
Il topo fugge, un triste sofo.
Il cane abbaia, un suono vero,
La casa è calma, un dolce coro.

La scimmia corre, un rapido volo,
Il gatto si nasconde, un segreto so.
Il cane le guarda, un sguardo severo",100,19058,1,1,1,False,False,"en,it,it,it,it,it,it,it",1,99,99
58,it,complex_prompts,control_head_word_mask,"Okay, here’s a 100-word poem in Italian, following your rules:

The cat sleeps, a fluffy delight,
A mouse scurries, a tiny plight.
The dog dreams, with a joyful sight,
Beneath the stars, shining so bright.

The cat purrs, a gentle sound,
The mouse hides, on hallowed ground.
The dog barks loud, all around,
A peaceful scene, without a bound.

The",100,19058,1,1,1,False,False,"en,en,en,en,en,en,en,en,en",1,99,99
58,it,complex_prompts,head_zero_decode,"Okay, here’s a 100-word poem in Italian, following your specifications:

The cat sleeps, a velvet dream,
And the mouse scurries, a silent scheme.
The dog barks, a joyful, happy sound,
While shadows lengthen, all around.

The cat sits, a regal, watchful gaze,
Lost in thought, in hazy maze.
The mouse hides, beneath a dusty chair,
A tiny shadow, beyond compare.

The",100,19058,1,1,1,False,False,"en,en,en,en,en,en,en,en,en",1,99,99
59,it,complex_prompts,clean,"Ecco una sintesi in 500 caratteri, in italiano, che affronta il tema dell’e-commerce e della sua influenza sulla sostenibilità:

L’e-commerce sta accelerando l’esaurimento delle risorse ambientali. Sebbene offra vantaggi in termini di convenienza e riduzione dei trasporti, presenta impatti negativi significativi. Le emissioni di trasporto, la produzione di rifiuti, l’utilizzo di materiali e la gestione dei resi contrib",100,226077,1,1,1,False,True,"it,it",0,0,0
59,it,complex_prompts,target_word_mask,"Ecco una versione in italiano di 500 caratteri che riassume l’articolo, focalizzandosi sull’impatto dell’e-commerce sulla domanda di consumi:

L’e-commerce amplifica l’eccessivo consumo attraverso la comodità, la facilità di ricerca e la percezione di sostenibilità. Sebbene riduca le emissioni di trasporto e la necessità di carta, l’impatto ambientale è complesso, con potenziali problemi legati",100,226077,1,1,1,False,True,"it,it",1,99,99
59,it,complex_prompts,nearby_word_mask,"Ecco una sintesi in 500 caratteri, in italiano, che affronta il tema dell’e-commerce e della sua influenza sulla sostenibilità:

L’e-commerce sta accelerando l’esaurimento delle risorse ambientali. Sebbene offra vantaggi in termini di convenienza e riduzione dei trasporti, presenta impatti negativi significativi. Le emissioni di trasporto, la produzione di rifiuti, l’utilizzo di materiali e la gestione dei resi contrib",100,226077,1,1,1,False,True,"it,it",1,99,99
59,it,complex_prompts,control_head_word_mask,"Ecco una sintesi in 500 caratteri, in italiano, che affronta il tema dell’e-commerce e della sua influenza sulla sostenibilità:

L’e-commerce sta accelerando l’esaurimento delle risorse ambientali. Sebbene offra vantaggi in termini di convenienza e riduzione dei trasporti, presenta impatti negativi significativi. Le emissioni di trasporto, la produzione di rifiuti, l’utilizzo di materiali e la gestione dei resi contrib",100,226077,1,1,1,False,True,"it,it",1,99,99
59,it,complex_prompts,head_zero_decode,"Ecco una versione in italiano di 500 caratteri che riassume il testo fornito:

L'e-commerce sta avendo un impatto significativo sull'esaurimento delle risorse naturali e sull'inquinamento. Sebbene offra convenienza e opzioni di riduzione dell'impatto ambientale, la crescita dell'e-commerce genera enormi quantità di rifiuti, trasporti e consumo energetico.  È fondamentale che le aziende adottino pratiche sostenibili per mitig",100,226077,1,1,1,False,True,"it,it",1,99,99
60,es,okapi,clean,"Okay, here's a 500-word essay on the causes of poverty, written in Spanish, aiming for a nuanced and informative tone.  It’s designed to be a solid piece suitable for academic or general understanding.

---

**Las Causas de la Pobreza: Una Compleja Red de Factores Interconectados**

La pobreza, un flagelo que afecta a millones de personas en todo el mundo, es un problema multifacético con raíces profundas",100,19058,1,1,1,False,False,"en,es,es",0,0,0
60,es,okapi,target_word_mask,"Okay, here's a 500-word essay on the causes of poverty, written in Spanish, aiming for a nuanced and informative tone.  It’s designed to be a solid piece suitable for academic or general understanding.

---

**Las Raíces Profundas de la Pobreza: Un Análisis Multifacético**

La pobreza, un problema global persistente, es mucho más que la simple falta de ingresos. Es un fenómeno complejo y multifacético, arra",100,19058,1,1,1,False,False,"en,es,es",1,99,99
60,es,okapi,nearby_word_mask,"Okay, here's a 500-word essay on the causes of poverty, written in Spanish, aiming for a nuanced and informative tone.  It’s designed to be a solid piece suitable for academic or general understanding.

---

**Las Causas de la Pobreza: Una Compleja Red de Factores Interconectados**

La pobreza, un flagelo que afecta a millones de personas en todo el mundo, es un problema multifacético con raíces profundas",100,19058,1,1,1,False,False,"en,es,es",1,99,99
60,es,okapi,control_head_word_mask,"Okay, here's a 500-word essay on the causes of poverty, written in Spanish, aiming for a nuanced and informative tone.  It’s designed to be a solid piece suitable for academic or general understanding.

---

**Las Causas de la Pobreza: Una Compleja Red de Factores Interconectados**

La pobreza, un flagelo que afecta a millones de personas en todo el mundo, es un problema multifacético con raíces profundas",100,19058,1,1,1,False,False,"en,es,es",1,99,99
60,es,okapi,head_zero_decode,"Okay, here's a 500-word essay in Spanish on the causes of poverty, aiming for a clear and nuanced argument. Please note that this is a complex topic, and this essay attempts to capture the main points, but a deeper exploration would require more research.

---

**Las Causas de la Pobreza**

Poverty, a pervasive and deeply entrenched social problem, is a complex phenomenon with no single cause. It’s a tangled web of interconnected factors",100,19058,1,1,1,False,False,"en,es,en",1,99,99
61,es,okapi,clean,"Okay, here’s a 500-word story in Spanish, about a man finding himself in an unfamiliar city, aiming for a slightly melancholic and atmospheric tone.  I’ve focused on descriptive language and a sense of disorientation.

---

El olor a sal y a tierra mojada me golpeó como una ola al salir del tren. No era el olor de mi ciudad, de la costa de Galicia, donde siempre había respirado. Este era diferente, más profundo,",100,19058,1,1,1,False,False,"en,es",0,0,0
61,es,okapi,target_word_mask,"Okay, here’s a 500-word story in Spanish about a man finding himself in an unfamiliar city, aiming for a slightly melancholic and atmospheric tone.  I’ve focused on descriptive language and a sense of disorientation.

---

El olor a sal y a tierra mojada me golpeó como una pared al salir del tren. No era el olor de mi ciudad, de la costa de Galicia, donde siempre había respirado. Este era un olor más antiguo, más",100,19058,1,1,1,False,False,"en,es",1,99,99
61,es,okapi,nearby_word_mask,"Okay, here’s a 500-word story in Spanish, about a man finding himself in an unfamiliar city, aiming for a slightly melancholic and atmospheric tone.  I’ve focused on descriptive language and a sense of disorientation.

---

El olor a sal y a tierra mojada me golpeó como una ola al salir del tren. No era el olor de mi ciudad, de la costa de Galicia, donde siempre había respirado. Este era diferente, más profundo,",100,19058,1,1,1,False,False,"en,es",1,99,99
61,es,okapi,control_head_word_mask,"Okay, here’s a 500-word story in Spanish, about a man finding himself in an unfamiliar city, aiming for a slightly melancholic and atmospheric tone.  I’ve focused on descriptive language and a sense of disorientation.

---

El olor a sal y a tierra mojada me golpeó como una ola al salir del tren. No era el olor de mi ciudad, de la costa de Galicia, de las olas que me habían visto crecer en la infancia. Era",100,19058,1,1,1,False,False,"en,es",1,99,99
61,es,okapi,head_zero_decode,"Okay, here's a 500-word story in Spanish, about a man who finds himself in an unfamiliar city, followed by a brief explanation of the translation.

---

**Spanish Story:**

The rain hammered against the corrugated iron roof of the bus station, a relentless, gray rhythm.  Daniel, a mid-level accountant from Ohio, had been traveling for three days, a detour from his planned vacation. He’d been delayed by a sudden, inexplicable storm,",100,19058,1,1,1,False,False,"en,en",1,99,99
62,de,complex_prompts,clean,"Okay, here’s a six-bullet point summary of the article in German, aiming for a balance of accuracy and readability, incorporating the key points:

*   **Datenanalyse:** PepsiCo-Betriebe nutzen Sensoren und künstliche Intelligenz (KI), um riesige Mengen an Produktionsdaten zu erfassen und zu analysieren. Dies ermöglicht eine präzise Überwachung von Maschinen und Prozessen.

*   **Predictive Maintenance:** Die KI-gestützten Sensoren",100,19058,1,1,1,False,False,"en,de,de",0,0,0
62,de,complex_prompts,target_word_mask,"Okay, here’s a six-bullet point summary of the article in German, aiming for a balance of accuracy and readability:

*   **Data Analysis:** PepsiCo factories are utilizing sensors and AI to analyze massive amounts of data – over 300 million hours – collected from machinery and equipment. This allows for real-time monitoring and prediction of potential malfunctions.

*   **Predictive Maintenance:** The technology isn’t just about identifying problems; it’s enabling companies to proactively",100,19058,1,1,1,False,False,"en,en,en",1,99,99
62,de,complex_prompts,nearby_word_mask,"Okay, here’s a six-bullet point summary of the article in German, aiming for a balance of accuracy and readability, incorporating the key points:

*   **Datenanalyse:** PepsiCo-Betriebe nutzen Sensoren und künstliche Intelligenz (KI), um riesige Mengen an Produktionsdaten zu erfassen und zu analysieren. Dies ermöglicht eine präzise Überwachung von Maschinen und Prozessen.

*   **Predictive Maintenance:** Die KI-gestützten Sensoren",100,19058,1,1,1,False,False,"en,de,de",1,99,99
62,de,complex_prompts,control_head_word_mask,"Okay, here’s a six-bullet point summary of the article in German, aiming for a balance of accuracy and readability, incorporating the key points:

*   **Datenanalyse:** PepsiCo-Betriebe nutzen Sensoren und künstliche Intelligenz (KI), um riesige Mengen an Produktionsdaten zu erfassen und zu analysieren. Dies ermöglicht eine präzise Überwachung von Maschinen und Prozessen.

*   **Predictive Maintenance:** Die KI-gestützten Sensoren",100,19058,1,1,1,False,False,"en,de,de",1,99,99
62,de,complex_prompts,head_zero_decode,"Okay, here’s a six-bullet point summary of the article in German, aiming for a roughly 200-300 word length:

*   **Sensors are the key:** The article highlights the crucial role of sensors – developed by Augury – attached to factory equipment, which are trained to detect hardware faults and vibrations, allowing for early identification of potential production line disruptions.
*   **AI is revolutionizing manufacturing:**  PepsiCo is deploying AI-powered",100,19058,1,1,1,False,False,"en,en,en",1,99,99
63,fr,complex_prompts,clean,"Okay, here's the analysis of the text, following your instructions:

**1. Statistical Techniques & Machine Learning Algorithms:**

*   **Statistical Techniques:** The text highlights the use of data mining, regression analysis, clustering, and decision trees as key techniques employed. These methods are used to identify patterns and relationships within the data.
*   **Machine Learning Algorithms:** Specifically, the text mentions machine learning algorithms as the core tools. These algorithms are used to build predictive models that simulate and",100,19058,1,1,1,False,False,"en,en,en,en",0,0,0
63,fr,complex_prompts,target_word_mask,"Okay, here's the analysis of the text, following your instructions:

**1. Statistical Techniques & Machine Learning Algorithms:**

*   **Statistical Techniques:** The text highlights the use of data mining, regression analysis, clustering, and decision trees as key techniques. These methods are employed to analyze data and identify patterns.
*   **Machine Learning Algorithms:** Specifically, the text mentions machine learning algorithms as the core tools. These algorithms are used to build predictive models.

**2. Fill",100,19058,1,1,1,False,False,"en,en,en,en",1,99,99
63,fr,complex_prompts,nearby_word_mask,"Okay, here's the analysis of the text, following your instructions:

**1. Statistical Techniques & Machine Learning Algorithms:**

*   **Statistical Techniques:** The text highlights the use of data mining, regression analysis, clustering, and decision trees as key techniques employed. These methods are used to identify patterns and relationships within the data.
*   **Machine Learning Algorithms:** Specifically, the text mentions machine learning algorithms as the core tools. These algorithms are used to build predictive models that simulate and",100,19058,1,1,1,False,False,"en,en,en,en",1,99,99
63,fr,complex_prompts,control_head_word_mask,"Okay, here's the analysis of the text, following your instructions:

**1. Statistical Techniques & Machine Learning Algorithms:**

*   **Statistical Techniques:** The text highlights the use of data mining, regression analysis, clustering, and decision trees as key techniques. These methods are employed to identify patterns and relationships within the data.
*   **Machine Learning Algorithms:** Specifically, the text mentions machine learning algorithms as the core tools. These algorithms are used to build predictive models that simulate and understand",100,19058,1,1,1,False,False,"en,en,en,en",1,99,99
63,fr,complex_prompts,head_zero_decode,"Okay, here’s the French translation of the text, followed by the requested analysis and summary.

**French Translation:**

**Analysis of the Text:**

1.  **Statistical Techniques & Machine Learning Algorithms:** The text describes how analysts use statistical techniques (like data mining, regression analysis, clustering, and decision trees) and machine learning algorithms to uncover relationships and patterns within data.

2.  **Fill-in-the-Blank Questions:**

    1.  Which of the",100,19058,1,1,1,False,False,"en,en",1,99,99
64,de,sharegpt,clean,"Okay, here are a few ways to translate ""Salesforce Digital Experience"" into German, with slightly different nuances:

**1. Most Common & Generally Recommended:**

* **Salesforce-Erlebnis** - This is the most straightforward and widely understood translation. It literally means ""Salesforce Experience.""

**2. Slightly More Descriptive:**

* **Salesforce-Erfahrung** - This translates to ""Salesforce Experience"" and emphasizes the *experience* aspect. It's a good",100,19058,1,1,1,False,False,"en,en,en,en",0,0,0
64,de,sharegpt,target_word_mask,"Okay, here are a few ways to translate ""Salesforce Digital Experience"" into German, with slightly different nuances:

**1. Most Common & Generally Recommended:**

* **Salesforce-Erlebnis** - This is the most straightforward and widely understood translation. It literally means ""Salesforce Experience.""

**2. Slightly More Descriptive:**

* **Salesforce-Erlebnis-Design** - This translates to ""Salesforce Experience Design."" It emphasizes the design and user experience aspect.

",100,19058,1,1,1,False,False,"en,en,en,en",1,99,99
64,de,sharegpt,nearby_word_mask,"Okay, here are a few ways to translate ""Salesforce Digital Experience"" into German, with slightly different nuances:

**1. Most Common & Generally Recommended:**

* **Salesforce-Erlebnis** - This is the most straightforward and widely understood translation. It literally means ""Salesforce Experience.""

**2. Slightly More Descriptive:**

* **Salesforce-Erfahrung** - This translates to ""Salesforce Experience"" and emphasizes the *experience* aspect. It's a good",100,19058,1,1,1,False,False,"en,en,en,en",1,99,99
64,de,sharegpt,control_head_word_mask,"Okay, here are a few ways to translate ""Salesforce Digital Experience"" into German, with slightly different nuances:

**1. Most Common & Generally Recommended:**

* **Salesforce-Erlebnis** - This is the most straightforward and widely understood translation. It literally means ""Salesforce Experience.""

**2. Slightly More Descriptive:**

* **Salesforce-Erfahrung** - This translates to ""Salesforce Experience"" and emphasizes the *experience* aspect. It's a good",100,19058,1,1,1,False,False,"en,en,en,en",1,99,99
64,de,sharegpt,head_zero_decode,"Okay, here's a German translation of the question, followed by a more detailed explanation of a Salesforce Digital Experience:

**German:**

""Was ist eine Salesforce Digital Experience?""

**Explanation:**

A Salesforce Digital Experience is a comprehensive suite of tools and features designed to help businesses leverage Salesforce to improve their customer relationship management (CRM) and sales processes. It goes far beyond just the traditional Salesforce Sales Cloud.  It encompasses:

*   **Sales Cloud:** The core CRM functionality –",100,19058,1,1,1,False,False,"en,de,en,en",1,99,99
65,es,okapi,clean,"Okay, here’s a 500-word article on “Effective Communication Skills,” written in Spanish, aiming for a professional and informative tone:

---

**Comunicación Efectiva: La Clave para el Éxito Personal y Profesional**

En el mundo actual, donde la colaboración y la conexión son fundamentales, la comunicación efectiva se ha convertido en una habilidad esencial para el éxito tanto a nivel personal como profesional. No se trata simplemente de hablar, sino de transmitir ideas de manera",100,19058,1,1,1,False,False,"en,es,es",0,0,0
65,es,okapi,target_word_mask,"Okay, here’s a 500-word article on “Effective Communication Skills,” written in Spanish, aiming for a professional and informative tone:

---

**Comunicación Efectiva: La Clave para el Éxito Personal y Profesional**

En el mundo actual, donde la colaboración y la conexión son fundamentales, la comunicación efectiva se ha convertido en una habilidad esencial para el éxito tanto a nivel personal como profesional. Más allá de simplemente “decir” lo que piensas,",100,19058,1,1,1,False,False,"en,es,es",1,99,99
65,es,okapi,nearby_word_mask,"Okay, here’s a 500-word article on “Effective Communication Skills,” written in Spanish, aiming for a professional and informative tone:

---

**Comunicación Efectiva: La Clave para el Éxito Personal y Profesional**

En el mundo actual, donde la colaboración y la conexión son fundamentales, la comunicación efectiva se ha convertido en una habilidad esencial para el éxito tanto a nivel personal como profesional. No se trata simplemente de hablar, sino de transmitir ideas de manera",100,19058,1,1,1,False,False,"en,es,es",1,99,99
65,es,okapi,control_head_word_mask,"Okay, here’s a 500-word article on “Effective Communication Skills,” written in Spanish, aiming for a professional and informative tone:

---

**Comunicación Efectiva: La Clave para el Éxito Personal y Profesional**

En el mundo actual, donde la colaboración y la conexión son fundamentales, la comunicación efectiva se ha convertido en una habilidad esencial para el éxito tanto a nivel personal como profesional. No se trata simplemente de hablar, sino de transmitir ideas de manera",100,19058,1,1,1,False,False,"en,es,es",1,99,99
65,es,okapi,head_zero_decode,"Okay, here's a 500-word article on ""Effective Communication Skills"" in Spanish, aiming for a clear and informative tone:

---

**Effective Communication Skills**

In today’s interconnected world, the ability to communicate effectively is more crucial than ever. It’s not just about talking; it’s about understanding, connecting, and being understood.  Effective communication isn’t just about speaking clearly; it’s about conveying your message with intention, empathy,",100,19058,1,1,1,False,False,"en,en",1,99,99
66,fr,complex_prompts,clean,"```json
{
  ""title"": ""Les 3 Meilleurs Méthodes de Préparation du Café"",
  ""summary"": ""Voici les 3 méthodes les plus populaires pour préparer un café délicieux :\n\n* **Cafetière à piston (French Press):** C'est la méthode la plus traditionnelle. Le café moulu est infusé dans de l'eau chaude pendant 4 minutes, puis un piston est utilisé pour séparer le café des séd",100,2717,1,1,1,False,True,"fr,fr",0,0,0
66,fr,complex_prompts,target_word_mask,"```json
{
  ""title"": ""Top 3 Coffee Brewing Methods"",
  ""summary"": ""Here's a quick rundown of three popular coffee brewing methods:\n\n*   **Pour-Over (Hario V60, Chemex):** This method offers exceptional control over the brewing process. You slowly pour hot water over coffee grounds in a cone-shaped filter, allowing for a clean, nuanced flavor. It’s a labor-intensive but rewarding method that",100,2717,1,1,1,False,False,"en,en",1,99,99
66,fr,complex_prompts,nearby_word_mask,"```json
{
  ""title"": ""Les 3 Meilleurs Méthodes de Préparation du Café"",
  ""summary"": ""Voici les 3 méthodes les plus populaires pour préparer un café délicieux :\n\n* **Cafetière à piston (French Press):** C'est la méthode la plus traditionnelle. Le café moulu est infusé dans de l'eau chaude pendant 4 minutes, puis un piston est utilisé pour séparer le café des séd",100,2717,1,1,1,False,True,"fr,fr",1,99,99
66,fr,complex_prompts,control_head_word_mask,"```json
{
  ""title"": ""Les 3 Meilleurs Méthodes de Préparation du Café"",
  ""summary"": ""Voici les 3 méthodes les plus populaires pour préparer un café délicieux :\n\n* **Cafetière à piston (French Press):** C'est la méthode la plus traditionnelle. Le café moulu est infusé dans de l'eau chaude pendant 4 minutes, puis un piston est utilisé pour séparer le café des séd",100,2717,1,1,1,False,True,"fr,fr",1,99,99
66,fr,complex_prompts,head_zero_decode,"```json
{
  ""summary"": ""Here's a brief summary of the top 3 ways to brew coffee, in French:\n\n**1. French Press:**\n\n*   French press brewing is a simple and flavorful method. It involves steeping coarsely ground coffee in hot water for 4 minutes, then pressing the grounds to the bottom of the carafe.  The resulting coffee has a full body and a rich, sediment-filled cup.  It",100,2717,1,1,1,False,False,en,1,99,99
67,it,complex_prompts,clean,"Ecco l’articolo completo in italiano:

**Come la cognizione spaziale influenza la navigazione in una crisi: Spiegazioni basate su studi VR**

Alcune persone sembrano avere un talento innato per trovare il proprio percorso in ambienti complessi. Perché è facile per alcuni e difficile per altri? Secondo gli scienziati, questo deriva dal modo in cui visualizziamo lo spazio. In generale, esistono tre stili di cognizione spaziale che determinano come navig",100,226077,1,1,1,False,True,"it,it,it",0,0,0
67,it,complex_prompts,target_word_mask,"Ecco l’articolo in italiano:

**Come la cognizione spaziale influenza la navigazione in una crisi: Spiegazioni basate su studi VR**

Alcune persone sembrano avere un talento innato per trovare il proprio percorso in ambienti complessi. Perché è facile per alcuni e difficile per altri? Secondo gli scienziati, questo deriva dal modo in cui visualizziamo lo spazio. In generale, esistono tre stili di cognizione spaziale che determinano come navigiamo",100,226077,1,1,1,False,True,"it,it",1,99,99
67,it,complex_prompts,nearby_word_mask,"Ecco l’articolo completo in italiano:

**Come la cognizione spaziale influenza la navigazione in una crisi: Spiegazioni basate su studi VR**

Alcune persone sembrano avere un talento innato per trovare il proprio percorso in ambienti complessi. Perché è facile per alcuni e difficile per altri? Secondo gli scienziati, questo deriva dal modo in cui visualizziamo lo spazio. In generale, esistono tre stili di cognizione spaziale che determinano come navig",100,226077,1,1,1,False,True,"it,it,it",1,99,99
67,it,complex_prompts,control_head_word_mask,"Ecco l’articolo completo, in italiano:

**Come la cognizione spaziale influenza la navigazione in una crisi: Spiegazioni basate su studi VR**

Alcune persone sembrano avere un talento innato per trovare il proprio percorso in ambienti complessi. Perché è facile per alcuni e difficile per altri? Secondo gli scienziati, questo deriva dal modo in cui visualizziamo lo spazio. In generale, esistono tre stili di cognizione spaziale che determinano come",100,226077,1,1,1,False,True,"it,it,it",1,99,99
67,it,complex_prompts,head_zero_decode,"Ecco l’articolo in italiano:

**How Spatial Cognition Style Affects Wayfinding in a Crisis: Insights from VR Studies**

Some people seem to possess an innate ability to navigate complex environments – a skill that seems effortless for others. Why is wayfinding easy for some and challenging for others? According to scientists, it stems from how we visualize space. Generally, there are three “spatial cognition styles” that determine how we navigate – landmark style, route style, and survey style. Landmark",100,226077,1,1,1,False,False,"en,en",1,99,99
68,de,complex_prompts,clean,"openness | front | mid | back 
|-|-|-|-|
|close|i y|ɨ ʉ|ɯ u|
|close-mid|e ø|ɘ ɵ|ɤ o|
|open-mid|ɛ œ|ɜ ɞ|ʌ ɔ|
|open|a ɶ||ɑ ɒ|
",76,5265,1,1,1,True,False,,0,0,0
68,de,complex_prompts,target_word_mask,"openness | front | mid | back 
|-|-|-|-|
|close|i y|ɨ ʉ|ɯ u|
|close-mid|e ø|ɘ ɵ|ɤ o|
|open-mid|ɛ œ|ɜ ɞ|ʌ ɔ|
|open|a ɶ||ɑ ɒ|
",76,5265,1,1,1,True,False,,1,75,75
68,de,complex_prompts,nearby_word_mask,"openness | front | mid | back 
|-|-|-|-|
|close|i y|ɨ ʉ|ɯ u|
|close-mid|e ø|ɘ ɵ|ɤ o|
|open-mid|ɛ œ|ɜ ɞ|ʌ ɔ|
|open|a ɶ||ɑ ɒ|
",76,5265,1,1,1,True,False,,1,75,75
68,de,complex_prompts,control_head_word_mask,"openness | front | mid | back 
|-|-|-|-|
|close|i y|ɨ ʉ|ɯ u|
|close-mid|e ø|ɘ ɵ|ɤ o|
|open-mid|ɛ œ|ɜ ɞ|ʌ ɔ|
|open|a ɶ||ɑ ɒ|
",76,5265,1,1,1,True,False,,1,75,75
68,de,complex_prompts,head_zero_decode,"openness | front | mid | back 
|-|-|-|-|
|close|i y|ɨ ʉ|ɯ u|
|close-mid|e ø|ɘ ɵ|ɤ o|
|open-mid|ɛ œ|ɜ ɵ|ʌ ɔ|
|open|a ɶ||ɑ ɒ|
",75,5265,1,1,1,True,False,,1,74,74
69,es,sharegpt,clean,"Okay, let's break down where you can study interior design in Europe with online courses and a 1-year or less certification duration. Here's a breakdown of options, categorized by cost and focus:

**1. Highly Recommended & Generally Well-Regarded (Good Balance of Quality & Cost):**

* **Design Academy (Spain):** This is consistently ranked as one of the best online interior design programs in Europe.
    * **Courses:** They offer a 1",100,19058,1,1,1,False,False,"en,en,en,en",0,0,0
69,es,sharegpt,target_word_mask,"Okay, let's break down where you can study interior design in Europe with online courses and a 1-year or less certification duration. Here's a breakdown of options, categorized by cost and focus:

**1. Highly Recommended & Generally Well-Regarded (Good Balance of Quality & Cost):**

* **Design Academy (London, UK):** This is consistently ranked as one of the best online interior design programs.
    * **Duration:** 12 months (",100,19058,1,1,1,False,False,"en,en,en",1,99,99
69,es,sharegpt,nearby_word_mask,"Okay, let's break down where you can study interior design in Europe with online courses and a 1-year or less certification duration. Here's a breakdown of options, categorized by cost and focus:

**1. Highly Recommended & Generally Well-Regarded (Good Balance of Quality & Cost):**

* **Design Academy (Spain):** This is consistently ranked as one of the best online interior design programs in Europe.
    * **Courses:** They offer a 1",100,19058,1,1,1,False,False,"en,en,en,en",1,99,99
69,es,sharegpt,control_head_word_mask,"Okay, let's break down where you can study interior design in Europe with online courses and a 1-year or less certification duration. Here's a breakdown of options, categorized by cost and focus:

**1. Highly Recommended & Generally Well-Regarded (Good Balance of Quality & Cost):**

* **Design Academy (Spain):** This is consistently ranked as one of the best online interior design programs in Europe.
    * **Courses:** They offer a 1",100,19058,1,1,1,False,False,"en,en,en,en",1,99,99
69,es,sharegpt,head_zero_decode,"Okay, let's explore where you can study interior design in Europe with online courses and a 1-year or less duration. Here's a breakdown of options, categorized by region and cost:

**1. Netherlands:**

* **Delft University of Technology (斗特):** This is arguably the most well-known and respected program in the Netherlands.
    * **Program:** Bachelor of Architecture (Interior Design) - Online, typically 1 year.
    * **",100,19058,1,1,1,False,False,"en,en,en",1,99,99
70,it,complex_prompts,clean,"Here’s a six-bullet point summary of the article, in Italian, incorporating the key points and aiming for a balance of clarity and conciseness:

*   **Factory Noise:** The article highlights the significant noise levels in Coventry’s PepsiCo factory, where sensors are actively monitoring machinery to detect potential failures before they escalate into production disruptions.

*   **AI-Powered Monitoring:** PepsiCo is utilizing AI and sensor technology – developed by Augury – to analyze vast amounts of data",100,8291,1,1,1,False,False,"en,en,en",0,0,0
70,it,complex_prompts,target_word_mask,"Here’s a six-bullet point summary of the article, in Italian, aiming for a balance of key information and readability:

*   **Factory Downtime:** Modern factories are increasingly utilizing sensors powered by AI to detect potential machine failures before they cause significant disruptions, costing companies thousands of pounds.

*   **Data Analysis & Prediction:** AI algorithms are analyzing massive amounts of data – from machine vibrations to audio recordings – to predict malfunctions and proactively address potential issues, improving efficiency.

*   ",100,8291,1,1,1,False,False,"en,en,en",1,99,99
70,it,complex_prompts,nearby_word_mask,"Here’s a six-bullet point summary of the article, in Italian, incorporating the key points and aiming for a balance of clarity and conciseness:

*   **Factory Noise:** The article highlights the significant noise levels in Coventry’s PepsiCo factory, where sensors are actively monitoring machinery to detect potential failures before they escalate into production disruptions.

*   **AI-Powered Monitoring:** PepsiCo is utilizing AI and sensor technology – developed by Augury – to analyze vast amounts of data",100,8291,1,1,1,False,False,"en,en,en",1,99,99
70,it,complex_prompts,control_head_word_mask,"Here’s a six-bullet point summary of the article, in Italian, incorporating the key points and aiming for a balance of clarity and conciseness:

*   **Factory Noise:** The article highlights the increasing noise levels in Coventry’s PepsiCo factory, where sensors are actively monitoring machinery to detect potential failures before they escalate into production disruptions.

*   **AI-Powered Monitoring:** PepsiCo is utilizing AI-powered sensors – developed by Augury – to analyze audio data and machine",100,8291,1,1,1,False,False,"en,en,en",1,99,99
70,it,complex_prompts,head_zero_decode,"Here’s a six-bullet point summary of the article, in Italian, aiming for a balance of conciseness and detail:

*   **Sensors are listening:** Modern factory equipment is equipped with sensors that detect malfunctions, and these sensors are being trained by Augury and AI to identify subtle faults like worn conveyor belts and bearing issues.
*   **AI analyzes data:** The technology allows manufacturers to process and analyze massive amounts of data generated by these sensors, predicting potential disruptions and optimizing",100,8291,1,1,1,False,False,"en,en,en",1,99,99
71,it,okapi,clean,"Okay, here’s an essay of approximately 500 words on machine learning, written in Italian, aiming for a clear and engaging style. I’ve focused on explaining the core concepts and their growing importance, while maintaining a relatively accessible tone.  Please note that I’ve translated the core ideas, and the language is designed to be understandable to a general audience.

---

**Il Potere Silenzioso: L'Ascesa della Machine Learning**

Il mondo moderno è",100,19058,1,1,1,False,False,"en,it",0,0,0
71,it,okapi,target_word_mask,"Okay, here’s an essay of approximately 500 words on machine learning, written in Italian, aiming for a clear and engaging style.  I’ve focused on explaining the core concepts and their growing importance.  Please note that I’ve translated key phrases and aimed for a natural flow in Italian.

---

**Il Potere Silenzioso: L'Ascesa della Machine Learning**

Il mondo moderno è permeato da algoritmi, da sistemi che prendono decision",100,19058,1,1,1,False,False,"en,it,it",1,99,99
71,it,okapi,nearby_word_mask,"Okay, here’s an essay of approximately 500 words on Machine Learning, written in Italian, aiming for a clear and engaging style. I’ve focused on explaining the core concepts and their growing importance, while maintaining a relatively accessible tone.  Please note that I’ve translated the core ideas, and the language is designed to be understandable to a general audience.

---

**Il Potere Silenzioso: L'Ascesa del Machine Learning**

Il mondo moderno è",100,19058,1,1,1,False,False,"en,it",1,99,99
71,it,okapi,control_head_word_mask,"Okay, here’s an essay of approximately 500 words on machine learning, written in Italian, aiming for a clear and engaging style. I’ve focused on explaining the core concepts and their growing importance, while maintaining a relatively accessible tone.  Please note that I’ve translated the core ideas, and the language is designed to be understandable to a general audience.

---

**Il Potere Silenzioso: L'Ascesa della Machine Learning**

Il mondo moderno è",100,19058,1,1,1,False,False,"en,it",1,99,99
71,it,okapi,head_zero_decode,"Okay, here’s an essay of approximately 500 words on the topic of Machine Learning, written in Italian. Please see it below.

---

**Machine Learning: A Revolution in Understanding**

Machine learning (ML) is rapidly transforming the way we live and work, moving beyond simple calculations to creating systems that can learn from data and make predictions. It’s no longer a futuristic concept; it’s a present-day reality, impacting fields as diverse as healthcare, finance",100,19058,1,1,1,False,False,"en,en,en",1,99,99
72,fr,sharegpt,clean,"Okay, let's break down where you can study interior design in Europe with online courses and a 1-year or less certification duration. Here's a breakdown of options, categorized by cost and focus, along with links to resources:

**1. Highly Recommended & Generally Well-Regarded (Good Balance of Quality & Cost):**

* **Domus Academy (Italy):** This is consistently ranked as one of the best online interior design programs in Europe.
    * **",100,19058,1,1,1,False,False,"en,en,en",0,0,0
72,fr,sharegpt,target_word_mask,"Okay, let's break down where you can study interior design in Europe with online courses and a 1-year or less certification duration. Here's a breakdown of options, categorized by cost and focus, along with links to resources:

**1. Highly Recommended & Generally Well-Regarded (Good Balance of Quality & Cost):**

* **Domus Academy (Italy):** This is consistently ranked as one of the best online interior design programs in Europe.
    * **",100,19058,1,1,1,False,False,"en,en,en",1,99,99
72,fr,sharegpt,nearby_word_mask,"Okay, let's break down where you can study interior design in Europe with online courses and a 1-year or less certification duration. Here's a breakdown of options, categorized by cost and focus, along with links to resources:

**1. Highly Recommended & Generally Well-Regarded (Good Balance of Quality & Cost):**

* **Domus Academy (Italy):** This is consistently ranked as one of the best online interior design programs in Europe.
    * **",100,19058,1,1,1,False,False,"en,en,en",1,99,99
72,fr,sharegpt,control_head_word_mask,"Okay, let's break down where you can study interior design in Europe with online courses and a 1-year or less certification duration. Here's a breakdown of options, categorized by cost and focus, along with links to resources:

**1. Highly Recommended & Generally Well-Regarded (Good Balance of Quality & Cost):**

* **Domus Academy (Italy):** This is consistently ranked as one of the best online interior design programs in Europe.
    * **",100,19058,1,1,1,False,False,"en,en,en",1,99,99
72,fr,sharegpt,head_zero_decode,"Okay, let's explore where you can study interior design in Europe with online courses and a 1-year or less duration. Here's a breakdown of options, categorized by region and cost:

**1. Netherlands:**

* **The School of Design (Online):** This is arguably the most well-regarded online interior design program in Europe, with a strong reputation.
    * **Duration:** 12 months (full-time)
    * **Cost:** Approximately",100,19058,1,1,1,False,False,"en,en",1,99,99
73,fr,complex_prompts,clean,"Parfait ! Je suis prêt à jouer à YoutubeTitleOptimizer. Alors, commençons !

Avant de commencer à générer des titres, j'ai besoin de quelques informations sur votre chaîne YouTube. Pour commencer, pouvez-vous me dire :

1.  **Quel est le genre de votre chaîne YouTube ?** (Par exemple : Gaming, Beauty, Education, Vlogs, Musique, etc.)
2.  **Pouvez-vous me décrire brièvement le contenu de vos vidéos",100,3128,1,1,1,False,True,"fr,fr,fr,fr",0,0,0
73,fr,complex_prompts,target_word_mask,"Parfait! Let's do this! I'm excited to play YouTubeTitleOptimizer. 

Okay, let's start with the first question:

**""Could you tell me a bit about your channel? What genre(s) does it primarily fall under? (e.g., Gaming, Beauty, Cooking, Tech, Education, etc.)""** 

Let's hear your answer! 😊
",87,3128,1,1,1,False,False,"en,en,en,en",1,86,86
73,fr,complex_prompts,nearby_word_mask,"Parfait ! Je suis prêt à jouer à YoutubeTitleOptimizer. Alors, commençons !

Avant de commencer à générer des titres, j'ai besoin de quelques informations sur votre chaîne YouTube. Pour commencer, pouvez-vous me dire :

1.  **Quel est le genre de votre chaîne YouTube ?** (Par exemple : Gaming, Beauty, Education, Vlogs, Musique, etc.)
2.  **Pouvez-vous me décrire brièvement le contenu de vos vidéos",100,3128,1,1,1,False,True,"fr,fr,fr,fr",1,99,99
73,fr,complex_prompts,control_head_word_mask,"Parfait ! Je suis prêt à jouer à YoutubeTitleOptimizer. Alors, commençons !

Avant de commencer à générer des titres, j'ai besoin de quelques informations sur votre chaîne YouTube. Pour commencer, pouvez-vous me dire :

1.  **Quel est le genre de votre chaîne YouTube ?** (Par exemple : Gaming, Beauty, Education, Vlogs, Musique, etc.)
2.  **Pouvez-vous me décrire brièvement le contenu de vos vidéos",100,3128,1,1,1,False,True,"fr,fr,fr,fr",1,99,99
73,fr,complex_prompts,head_zero_decode,"Parfait! Let's begin.

**Première question:**

Pour commencer, pouvez-vous me décrire votre chaîne YouTube ?  Quel est le genre de votre chaîne (par exemple, gaming, beauté, cuisine, education, etc.) ?
",52,3128,1,1,1,False,True,fr,1,51,51
74,it,sharegpt,clean,"Okay, let's break down where you can study interior design in Europe with online courses and a 1-year or less certification duration. Here's a breakdown of options, categorized by cost and focus, along with links to resources:

**1. Highly Recommended & Generally Well-Regarded (Good Balance of Quality & Cost):**

* **Domus Academy (Italy):** This is consistently ranked as one of the best online interior design programs in Europe.
    * **",100,19058,1,1,1,False,False,"en,en,en",0,0,0
74,it,sharegpt,target_word_mask,"Okay, let's break down where you can study interior design in Europe with online courses and a 1-year or less certification duration. Here's a breakdown of options, categorized by cost and focus, along with links to resources:

**1. Highly Recommended & Generally Well-Regarded (Good Balance of Quality & Cost):**

* **Domus Academy (Italy):** This is consistently ranked as one of the best online interior design programs in Europe.
    * **",100,19058,1,1,1,False,False,"en,en,en",1,99,99
74,it,sharegpt,nearby_word_mask,"Okay, let's break down where you can study interior design in Europe with online courses and a 1-year or less certification duration. Here's a breakdown of options, categorized by cost and focus, along with links to resources:

**1. Highly Recommended & Generally Well-Regarded (Good Balance of Quality & Cost):**

* **Domus Academy (Italy):** This is consistently ranked as one of the best online interior design programs in Europe.
    * **",100,19058,1,1,1,False,False,"en,en,en",1,99,99
74,it,sharegpt,control_head_word_mask,"Okay, let's break down where you can study interior design in Europe with online courses and a 1-year or less certification duration. Here's a breakdown of options, categorized by cost and focus, along with links to resources:

**1. Highly Recommended & Generally Well-Regarded (Good Balance of Quality & Cost):**

* **Domus Academy (Italy):** This is consistently ranked as one of the best online interior design programs in Europe.
    * **",100,19058,1,1,1,False,False,"en,en,en",1,99,99
74,it,sharegpt,head_zero_decode,"Okay, let's explore where you can study interior design in Europe with online courses and a 1-year or less duration. Here's a breakdown of options, categorized by region and cost:

**1. Netherlands:**

* **Delft University of Technology (斗特):** This is arguably the most well-regarded online interior design program in Europe.
    * **Program:** Offers a Bachelor of Arts in Interior Design (online).
    * **Duration:** Approximately ",100,19058,1,1,1,False,False,"en,en,en",1,99,99
75,es,sharegpt,clean,"Okay, let's break down the differences between deep learning, machine learning, and artificial intelligence. It's a common area of confusion, so I'll try to explain it clearly.

Here's a breakdown in Spanish, with explanations and examples:

**1. Artificial Intelligence (IA): The Big Picture**

* **What it is:** Artificial Intelligence is the broadest concept. It's the overarching goal of creating machines that can perform tasks that typically require human intelligence. Think",100,19058,1,1,1,False,False,"en,en,en,en",0,0,0
75,es,sharegpt,target_word_mask,"Okay, let's break down the differences between deep learning, machine learning, and artificial intelligence. It's a common area of confusion, so I'll try to explain it clearly.

Here's a breakdown in Spanish, with explanations and examples:

**1. Artificial Intelligence (AI): The Big Picture**

* **Definition:** Artificial Intelligence is the broadest concept. It refers to the idea of creating machines that can perform tasks that typically require human intelligence. This includes things like",100,19058,1,1,1,False,False,"en,en,en,en",1,99,99
75,es,sharegpt,nearby_word_mask,"Okay, let's break down the differences between deep learning, machine learning, and artificial intelligence. It's a common area of confusion, so I'll try to explain it clearly.

Here's a breakdown in Spanish, with explanations and examples:

**1. Artificial Intelligence (IA): The Big Picture**

* **What it is:** Artificial Intelligence is the broadest concept. It's the overarching goal of creating machines that can perform tasks that typically require human intelligence. Think",100,19058,1,1,1,False,False,"en,en,en,en",1,99,99
75,es,sharegpt,control_head_word_mask,"Okay, let's break down the differences between deep learning, machine learning, and artificial intelligence. It's a common area of confusion, so I'll try to explain it clearly.

Here's a breakdown in Spanish, with explanations and examples:

**1. Artificial Intelligence (IA): The Big Picture**

* **What it is:** Artificial Intelligence is the broadest concept. It's the overarching goal of creating machines that can perform tasks that typically require human intelligence. Think",100,19058,1,1,1,False,False,"en,en,en,en",1,99,99
75,es,sharegpt,head_zero_decode,"Okay, let's break down the differences between deep learning, machine learning, and artificial intelligence. Here's a breakdown in Spanish, followed by a more detailed explanation:

**Spanish Translation:**

Let's start with a simple explanation, then delve into the nuances:

**The Core Differences:**

* **Artificial Intelligence (AI):** This is the broadest concept. It refers to the *goal* of creating machines that can perform tasks that typically require human intelligence – things like problem",100,19058,1,1,1,False,False,"en,en,en",1,99,99
76,de,sharegpt,clean,"Okay, here's a Product Requirements Document (PRD) for a software designed to help entrepreneurs identify their target market and begin building a business.  It's designed to be comprehensive, but we can adjust the level of detail depending on your specific needs.

---

**Product Requirements Document: Market Insights & Business Builder**

**1. Introduction**

* **1.1. Purpose:** This document outlines the requirements for “Market Insights & Business Builder,” a software application designed to",100,19058,1,1,1,False,False,"en,en,en",0,0,0
76,de,sharegpt,target_word_mask,"Okay, here's a Product Requirements Document (PRD) for a software designed to help entrepreneurs identify their target market and begin building a business.  It's designed to be comprehensive, but we can adjust the level of detail depending on your specific needs.

---

**Product Requirements Document: Market Insights & Business Builder**

**1. Introduction**

* **1.1. Purpose:** This document outlines the requirements for “MarketWise,” a software application designed to empower entrepreneurs to",100,19058,1,1,1,False,False,"en,en,en",1,99,99
76,de,sharegpt,nearby_word_mask,"Okay, here's a Product Requirements Document (PRD) for a software designed to help entrepreneurs identify their target market and begin building a business.  It's designed to be comprehensive, but we can adjust the level of detail depending on your specific needs.

---

**Product Requirements Document: Market Insights & Business Builder**

**1. Introduction**

* **1.1. Purpose:** This document outlines the requirements for “Market Insights & Business Builder,” a software application designed to",100,19058,1,1,1,False,False,"en,en,en",1,99,99
76,de,sharegpt,control_head_word_mask,"Okay, here's a Product Requirements Document (PRD) for a software designed to help entrepreneurs identify their target market and begin building a business.  It's designed to be comprehensive, but we can adjust the level of detail depending on your specific needs.

---

**Product Requirements Document: Market Insights & Business Builder**

**1. Introduction**

* **1.1. Purpose:** This document outlines the requirements for “Market Insights & Business Builder,” a software application designed to",100,19058,1,1,1,False,False,"en,en,en",1,99,99
76,de,sharegpt,head_zero_decode,"Okay, here's a product requirements document (PRD) for a software designed to help entrepreneurs identify a target market and begin building a business, written in German.

---

**Product Requirements Document (PRD)**

**1. Introduction**

**1.1. Purpose**

This document outlines the requirements for “MarketWise,” a software application designed to assist entrepreneurs in identifying their target market and laying the groundwork for their business. It aims to provide a user-friendly and practical",100,19058,1,1,1,False,False,"en,en",1,99,99
77,de,sharegpt,clean,"Okay, let's delve into this fascinating and deeply unsettling question. You've hit upon a core tension in our understanding of the universe – the apparent simplicity versus the profound complexity.

You're absolutely right to point out that the “Occam’s Razor” – the principle of choosing the simplest explanation – is a powerful intuition. It’s a useful starting point, a guiding principle for scientific inquiry. However, I believe you're right to question whether it’s a *",100,19058,1,1,1,False,False,"en,en",0,0,0
77,de,sharegpt,target_word_mask,"Okay, this is a profoundly fascinating and increasingly debated question! Let’s break it down.

You’ve hit on a core tension in modern physics and philosophy. The argument of “Occam’s Razor” – that the simplest explanation is usually the best – is undeniably compelling. It’s a powerful intuition, and it’s easy to see why it resonates.  However, the idea that quantum physics *will* eventually be replaced by simpler theories is a much more radical proposition,",100,19058,1,1,1,False,False,"en,en",1,99,99
77,de,sharegpt,nearby_word_mask,"Okay, let's delve into this fascinating and deeply unsettling question. You've hit upon a core tension in our understanding of the universe – the apparent simplicity versus the profound complexity.

You're absolutely right to point out that the “Occam’s Razor” – the principle of choosing the simplest explanation – is a powerful intuition. It’s a useful starting point, a guiding principle for scientific inquiry. However, I believe you're right to question whether it’s a *",100,19058,1,1,1,False,False,"en,en",1,99,99
77,de,sharegpt,control_head_word_mask,"Okay, let's delve into this fascinating and deeply unsettling question. You've hit upon a core tension in our understanding of the universe – the apparent simplicity versus the profound complexity.

You’re absolutely right to point out that the “Occam’s Razor” – the principle of choosing the simplest explanation – is a powerful intuition. It’s a useful starting point, a guiding principle for scientific inquiry. However, the argument that the simplest explanation *is* the most likely, especially",100,19058,1,1,1,False,False,"en,en",1,99,99
77,de,sharegpt,head_zero_decode,"Okay, let's delve into this fascinating question. You've raised a very profound point – the idea that the simplest explanation is often the most likely, and whether this might be a fundamental truth about the universe. Here’s my take on it:

The argument you present – that Occam's Razor, the principle of parsimony, often holds true – is compelling, and I think it’s a significant consideration. It’s certainly a powerful intuition, and it’",100,19058,1,1,1,False,False,"en,en",1,99,99
78,es,okapi,clean,"Okay, here’s a 500-word horror story in Spanish, aiming for a slightly unsettling and atmospheric tone. It’s written with a focus on building dread and psychological unease. Please read the explanation at the end before you read the story itself.

---

**El Eco de la Casa de las Sombras**

El aire en Villa Esperanza siempre había sido pesado, húmedo, con un olor a tierra mojada y algo más… algo metálico, casi como",100,19058,1,1,1,False,False,"en,es,es",0,0,0
78,es,okapi,target_word_mask,"Okay, here's a 500-word horror story in Spanish, aiming for a slightly unsettling and atmospheric feel. It’s written with a focus on building tension and suggestion rather than explicit gore. Please read the explanation at the end before you read the story.

---

**El Silencio de la Casa de la Luna**

El polvo se asentaba en cada rincón de la casa de la luna, un edificio de piedra gris que se alzaba sobre el valle como",100,19058,1,1,1,False,False,"en,es,es",1,99,99
78,es,okapi,nearby_word_mask,"Okay, here’s a 500-word horror story in Spanish, aiming for a slightly unsettling and atmospheric tone. It’s written with a focus on building dread and psychological unease. Please read the explanation at the end before you read the story itself.

---

**El Eco de la Casa de las Sombras**

El aire en Villa Esperanza siempre había sido pesado, húmedo, con un olor a tierra mojada y algo más… algo metálico, casi como",100,19058,1,1,1,False,False,"en,es,es",1,99,99
78,es,okapi,control_head_word_mask,"Okay, here’s a 500-word horror story in Spanish, aiming for a slightly unsettling and atmospheric tone. It’s written with a focus on building dread and psychological unease. Please read the explanation at the end before you read the story itself.

---

**El Eco de la Casa de las Sombras**

El aire en Villa Esperanza siempre había sido pesado, húmedo, con un olor a tierra mojada y algo más… algo metálico, casi como",100,19058,1,1,1,False,False,"en,es,es",1,99,99
78,es,okapi,head_zero_decode,"Okay, here’s a 500-word horror story in Spanish, aiming for a chilling and atmospheric feel. Please read the entire text below before reading – it’s designed to be unsettling!

---

**El Silencio de la Casa de la Niebla**

The rain hammered against the windows of the old house, a relentless, mournful drumming. I’d inherited it from my grandmother, a crumbling Victorian on the edge of Blackwood Forest. Locals whispered stories about",100,19058,1,1,1,False,False,"en,es,en",1,99,99
79,it,okapi,clean,"Okay, here’s a 500-word report summarizing the article ""The Impact of Brexit on the United Kingdom,"" written in Italian. It aims for a balanced perspective, considering both the positive and negative effects, and incorporating key arguments presented in the article.

---

**L'Impatto del Brexit sull'Unione Europea: Una Sintesi**

L'articolo ""The Impact of Brexit on the United Kingdom"" (che, per la traduzione, si può interpret",100,19058,1,1,1,False,False,"en,it,it",0,0,0
79,it,okapi,target_word_mask,"Okay, here’s a 500-word report summarizing the article “The Impact of Brexit on the United Kingdom,” written in Italian. It aims for a comprehensive overview, incorporating key points and a nuanced perspective.

---

**L'Impatto del Brexit sull'Unione Europea: Una Sintesi**

L'articolo ""The Impact of Brexit on the United Kingdom"" (che, per la traduzione, si può interpretare come ""L'Impatto del",100,19058,1,1,1,False,False,"en,it,it",1,99,99
79,it,okapi,nearby_word_mask,"Okay, here’s a 500-word report summarizing the article ""The Impact of Brexit on the United Kingdom,"" written in Italian. It aims for a balanced perspective, considering both the positive and negative effects, and incorporating key arguments presented in the article.

---

**L'Impatto del Brexit sull'Unione Europea: Una Sintesi**

L'articolo ""The Impact of Brexit on the United Kingdom"" (che, per la traduzione, si può interpret",100,19058,1,1,1,False,False,"en,it,it",1,99,99
79,it,okapi,control_head_word_mask,"Okay, here’s a 500-word report summarizing the article ""The Impact of Brexit on the United Kingdom,"" written in Italian. It aims for a balanced perspective, considering both the positive and negative effects, and incorporating key arguments presented in the article.

---

**L'Impatto del Brexit sull'Unione Europea: Una Sintesi**

L'articolo ""The Impact of Brexit on the United Kingdom"" (che, per la traduzione, si può interpret",100,19058,1,1,1,False,False,"en,it,it",1,99,99
79,it,okapi,head_zero_decode,"Okay, here's a 500-word report summarizing the article ""The Impact of Brexit on the United Kingdom,"" written in Italian. Please note that this is a translation and interpretation, aiming for a clear and informative report.

---

**The Impact of Brexit on the United Kingdom**

**Report Summary**

The article ""The Impact of Brexit on the United Kingdom"" (as of today, October 26, 2023) paints a complex and multifaceted",100,19058,1,1,1,False,False,"en,en,en",1,99,99
80,it,sharegpt,clean,"Okay, here’s a summary on how pharma companies are approaching diversity and inclusion, with a focus on health inequalities globally, and incorporating clinical trial considerations. I’ll aim for a medical communications expert’s perspective, balancing detail with clarity.

---

**Diversity, Inclusion, and Health Inequalities: A Pharmaceutical Response – A Summary**

As a medical communications expert, I’ve been following the evolving landscape of pharmaceutical companies’ commitment to diversity and inclusion (D&I) with increasing",100,19058,1,1,1,False,False,"en,en,en",0,0,0
80,it,sharegpt,target_word_mask,"Okay, here’s a summary of how pharma companies are approaching diversity and inclusion (D&I), with a focus on health inequalities globally, and incorporating clinical trial considerations.  I’ll present this from a medical communications expert’s perspective, aiming for clarity and actionable insights.

**The Pharma Shift: A Multi-Faceted Approach to D&I and Health Equity**

The pharmaceutical industry, historically a male-dominated space, is undergoing a significant and increasingly complex transformation in its approach",100,19058,1,1,1,False,False,"en,en,en",1,99,99
80,it,sharegpt,nearby_word_mask,"Okay, here’s a summary on how pharma companies are approaching diversity and inclusion, with a focus on health inequalities globally, and incorporating clinical trial considerations. I’ll aim for a medical communications expert’s perspective, balancing detail with clarity.

---

**Diversity, Inclusion, and Health Inequalities: A Pharmaceutical Response – A Summary**

The pharmaceutical industry, historically a predominantly white and male-dominated sector, is facing increasing pressure to address systemic inequalities in healthcare access and outcomes.  It",100,19058,1,1,1,False,False,"en,en,en",1,99,99
80,it,sharegpt,control_head_word_mask,"Okay, here’s a summary on how pharma companies are approaching diversity and inclusion, with a focus on health inequalities globally, and incorporating clinical trial considerations. I’ll aim for a medical communications expert’s perspective, balancing detail with clarity.

---

**Diversity, Inclusion, and Health Inequalities: A Pharmaceutical Response – A Summary**

The pharmaceutical industry, historically a predominantly white and male-dominated sector, is facing increasing pressure to address systemic inequalities in healthcare access and outcomes.  It",100,19058,1,1,1,False,False,"en,en,en",1,99,99
80,it,sharegpt,head_zero_decode,"Okay, here’s a summary of how pharma companies are approaching diversity and inclusion, and the impact on health inequalities, presented from a medical communications expert’s perspective.

---

**Diversity & Inclusion in Pharma: A Growing Focus & Clinical Trials**

As a medical communications expert, I’ve been following the evolving approach of the pharmaceutical industry to diversity and inclusion, and the growing recognition of health inequalities globally. It’s a complex and multifaceted issue, but the industry is moving in a",100,19058,1,1,1,False,False,"en,en,en",1,99,99
81,fr,sharegpt,clean,"Absolument ! Voici comment les voitures électriques vont affecter l'industrie automobile traditionnelle, rédigé en français :

**L'impact des voitures électriques sur l'industrie automobile traditionnelle :**

L'arrivée des voitures électriques est une véritable révolution, et elle va profondément transformer l'industrie automobile traditionnelle. Voici les principaux impacts :

* **Déclin de la demande pour les moteurs à combustion interne (MCI) :** C'est l'impact le plus évident. Les voitures",100,24005,1,1,1,False,True,"fr,fr,fr,fr",0,0,0
81,fr,sharegpt,target_word_mask,"Absolument ! Voici comment les voitures électriques vont affecter l'industrie automobile traditionnelle, rédigé en français :

**L'impact des voitures électriques sur l'industrie automobile traditionnelle :**

L'arrivée des voitures électriques est une véritable révolution, et elle va profondément transformer l'industrie automobile traditionnelle. Voici les principaux impacts :

**1. Transformation des modèles de production :**

* **Dépendance aux batteries :** Les constructeurs automobiles devront investir massivement dans la",100,24005,1,1,1,False,True,"fr,fr,fr,fr,fr",1,99,99
81,fr,sharegpt,nearby_word_mask,"Absolument ! Voici comment les voitures électriques vont affecter l'industrie automobile traditionnelle, rédigé en français :

**L'impact des voitures électriques sur l'industrie automobile traditionnelle :**

L'arrivée des voitures électriques est une véritable révolution, et elle va profondément transformer l'industrie automobile traditionnelle. Voici les principaux impacts :

* **Déclin de la demande pour les moteurs à combustion interne (MCI) :** C'est l'impact le plus évident. Les voitures",100,24005,1,1,1,False,True,"fr,fr,fr,fr",1,99,99
81,fr,sharegpt,control_head_word_mask,"Absolument ! Voici comment les voitures électriques vont affecter l'industrie automobile traditionnelle, rédigé en français :

**L'impact des voitures électriques sur l'industrie automobile traditionnelle :**

L'arrivée des voitures électriques est une véritable révolution, et elle va profondément transformer l'industrie automobile traditionnelle. Voici les principaux impacts :

* **Déclin de la demande pour les moteurs à combustion interne (MCI) :** C'est l'impact le plus évident. Les voitures",100,24005,1,1,1,False,True,"fr,fr,fr,fr",1,99,99
81,fr,sharegpt,head_zero_decode,"Absolument ! Voici un exposé sur l'impact de l'électrification des voitures sur l'industrie automobile :

**L'Impact de l'Électrification sur l'Industrie Automobile**

The rise of electric cars (EVs) is poised to fundamentally reshape the automotive industry, creating both challenges and opportunities. Here's a breakdown of the key effects:

**1. Shift in Production & Manufacturing:**

* **Reduced Demand for Internal Combustion Engines (ICE):**",100,24005,1,1,1,False,False,"fr,fr,en,en,en",1,99,99
82,de,okapi,clean,"Okay, here's a 500-700 word opinion article on Artificial Intelligence, written in German, aiming for a nuanced and thoughtful perspective. It’s designed to be engaging and reflect a contemporary viewpoint.  Please note that this is a draft, and you might want to refine it further with specific examples and data to make it truly your own.

---

**Die Schatten der Intelligenz: Künstliche Intelligenz – Chancen und Gefahren für die Zukunft**

Die",100,19058,1,1,1,False,False,"en,de",0,0,0
82,de,okapi,target_word_mask,"Okay, here's a 500-700 word opinion article on Artificial Intelligence, written in German, aiming for a thoughtful and nuanced perspective. It’s designed to be engaging and reflect a contemporary viewpoint.  Please note that I’ve aimed for a balance of excitement and caution, reflecting a realistic assessment of the technology.

---

**Die Schatten der Intelligenz: Warum Künstliche Intelligenz unsere Zukunft formt – und was wir damit tun müssen**

Die Welt",100,19058,1,1,1,False,False,"en,de",1,99,99
82,de,okapi,nearby_word_mask,"Okay, here's a 500-700 word opinion article on Artificial Intelligence, written in German, aiming for a nuanced and thoughtful perspective. It’s designed to be engaging and reflect a contemporary viewpoint.  Please note that this is a draft, and you might want to refine it further with specific examples and data to make it truly your own.

---

**Die Schatten der Intelligenz: Künstliche Intelligenz – Chancen und Gefahren für die Zukunft**

Die",100,19058,1,1,1,False,False,"en,de",1,99,99
82,de,okapi,control_head_word_mask,"Okay, here's a 500-700 word opinion article on Artificial Intelligence, written in German, aiming for a nuanced and thoughtful perspective. It’s designed to be engaging and reflect a contemporary viewpoint.  Please note that this is a draft, and you might want to refine it further with specific examples and data to make it truly your own.

---

**Die Schatten der Intelligenz: Künstliche Intelligenz – Chancen und Gefahren für die Zukunft**

Die",100,19058,1,1,1,False,False,"en,de",1,99,99
82,de,okapi,head_zero_decode,"Okay, here's an opinion article on Artificial Intelligence in German, aiming for a length of approximately 500-700 words. Please note that this is a draft, and it could be refined further based on your specific needs and desired tone.

---

**Die Zukunft ist Künstlich: Warum wir müssen verstehen die Auswirkungen von Künstlicher Intelligenz**

**Die Zukunft ist Künstlich: Warum wir müssen verstehen die Auswirkungen von Künstlicher Intelligenz**

Artificial Intelligence (AI",100,19058,1,1,1,False,False,"en,de,de",1,99,99
83,fr,okapi,clean,"Okay, here’s an essay of approximately 500 words on the topic of Machine Learning, written in French, aiming for a clear and informative tone.  I’ve aimed for a balance of explanation and a touch of nuance.

---

**L'Intelligence Artificielle : Une Révolution en Marche**

L'intelligence artificielle (IA) n'est plus un concept futuriste, mais une réalité omniprésente qui façonne notre monde à un rythme effréné",100,19058,1,1,1,False,False,"en,fr,fr",0,0,0
83,fr,okapi,target_word_mask,"Okay, here’s an essay of approximately 500 words on the topic of Machine Learning, written in French, aiming for a clear and informative tone.  I’ve aimed for a balance of explanation and a touch of nuance.

---

**L'Intelligence Automatisée : Exploration du Machine Learning**

L'intelligence artificielle (IA) a connu une transformation radicale ces dernières décennies, et au cœur de cette révolution se trouve le machine learning (ML), une branche",100,19058,1,1,1,False,False,"en,fr,fr",1,99,99
83,fr,okapi,nearby_word_mask,"Okay, here’s an essay of approximately 500 words on the topic of Machine Learning, written in French, aiming for a clear and informative tone.  I’ve aimed for a balance of explanation and a touch of nuance.

---

**L'Intelligence Artificielle : Une Révolution en Marche**

L'intelligence artificielle (IA) n'est plus un concept futuriste, mais une réalité omniprésente qui façonne notre monde à un rythme effréné",100,19058,1,1,1,False,False,"en,fr,fr",1,99,99
83,fr,okapi,control_head_word_mask,"Okay, here’s an essay of approximately 500 words on the topic of Machine Learning, written in French, aiming for a clear and informative tone.  I’ve aimed for a balance of explanation and a touch of nuance.

---

**L'Intelligence Artificielle : Une Révolution en Marche**

L'intelligence artificielle (IA) n'est plus un concept futuriste, mais une réalité omniprésente qui façonne notre monde à un rythme effréné",100,19058,1,1,1,False,False,"en,fr,fr",1,99,99
83,fr,okapi,head_zero_decode,"Okay, here’s an essay in French on the topic of machine learning, approximately 500 words in length:

**Machine Learning: A Revolution in Understanding**

Machine learning (ML) is rapidly transforming the way we live and work. It’s no longer a futuristic concept; it’s a pervasive technology that’s being used across a vast spectrum of industries, from healthcare and finance to transportation and entertainment. At its core, machine learning is about enabling computers to learn from",100,19058,1,1,1,False,False,"en,en,en",1,99,99
84,de,okapi,clean,"Okay, here's an essay in German on the topic of Machine Learning, aiming for around 500 words. It’s designed to be informative and reasonably nuanced, suitable for a general audience.  Please note that I’ve aimed for a balance of explanation and a touch of critical reflection.

---

**Maschinelles Lernen: Eine Revolution in der Datenverarbeitung**

Maschinelles Lernen (ML) hat sich in den letzten Jahrzehnten von einem Nischenbereich der",100,19058,1,1,1,False,False,"en,de,de",0,0,0
84,de,okapi,target_word_mask,"Okay, here's an essay in German, approximately 500 words, on the topic of machine learning, aiming for a thoughtful and relatively accessible tone.  I’ve focused on explaining the core concepts and its growing impact.  Please note that I’ve aimed for a sophisticated, academic style while still being understandable.

---

**Die Revolution der Algorithmen: Eine Betrachtung der Machine Learning**

Die Welt, die wir kennen, befindet sich zunehmend im Wandel",100,19058,1,1,1,False,False,"en,de,de",1,99,99
84,de,okapi,nearby_word_mask,"Okay, here's an essay in German on the topic of Machine Learning, aiming for around 500 words. It’s designed to be informative and reasonably nuanced, suitable for a general audience.  Please note that I’ve aimed for a balance of explanation and a touch of critical reflection.

---

**Maschinelles Lernen: Eine Revolution in der Datenverarbeitung**

Maschinelles Lernen (ML) hat sich in den letzten Jahrzehnten von einem Nischenbereich der",100,19058,1,1,1,False,False,"en,de,de",1,99,99
84,de,okapi,control_head_word_mask,"Okay, here's an essay in German on the topic of Machine Learning, aiming for around 500 words. It’s designed to be informative and reasonably nuanced, suitable for a general audience.  Please note that I’ve aimed for a balance of explanation and a touch of critical reflection.

---

**Maschinelles Lernen: Eine Revolution in der Datenverarbeitung**

Maschinelles Lernen (ML) hat sich in den letzten Jahrzehnten von einem Nischenbereich der",100,19058,1,1,1,False,False,"en,de,de",1,99,99
84,de,okapi,head_zero_decode,"Okay, here’s an essay in German, approximately 500 words, on the topic of machine learning, aiming for a clear and sophisticated style. Please see it below.

---

**Machine Learning: A Transformative Force**

Machine learning (ML) has rapidly become a defining force in the 21st century, transforming industries from healthcare and finance to transportation and entertainment. It’s no longer a futuristic concept; it’s a pervasive reality, powering many of the",100,19058,1,1,1,False,False,"en,en,en",1,99,99
85,fr,complex_prompts,clean,"Here’s a summary of the fan reactions in French, based on the provided article, within the requested word limit:

{Fans} sont inquiets pour Ronaldo. Beaucoup pensent qu’il manque la génération précédente.
{Fans} croient que Pepe est essentiel pour la équipe.
{Fans} estiment que Ronaldo est trop concentré sur son rôle et cherche à se positionner.
{Fans} se demandent si le capitaine est perdu et si il manque la grandeur des",100,8291,1,1,1,False,False,"en,fr,fr,fr,fr",0,0,0
85,fr,complex_prompts,target_word_mask,"Here’s a summary of the fan reactions in French, based on the provided article, within the requested word limit:

{Fans} are deeply concerned about Cristiano Ronaldo’s apparent longing for the past. Many express a feeling that he’s lost his passion for international football. {“You can see the goat misses the old generation.”}  Several fans believe he’s prioritizing Saudi Arabia over his former teammates.  Others are questioning his leadership and feeling he’s lost his focus.",100,8291,1,1,1,False,False,"en,en",1,99,99
85,fr,complex_prompts,nearby_word_mask,"Here’s a summary of the fan reactions in French, based on the provided article, within the requested word limit:

{Fans} sont inquiets pour Ronaldo. Beaucoup pensent qu’il manque la génération précédente.
{Fans} croient que Pepe est essentiel pour la équipe.
{Fans} estiment que Ronaldo est trop concentré sur son rôle et cherche à se positionner.
{Fans} se demandent si le capitaine est perdu et si il manque la grandeur des",100,8291,1,1,1,False,False,"en,fr,fr,fr,fr",1,99,99
85,fr,complex_prompts,control_head_word_mask,"Here’s a summary of the fan reactions in French, based on the provided article, within the requested word limit:

{Fans} sont inquiets pour Ronaldo. Beaucoup pensent qu’il manque la génération précédente.
{Fans} croient que Pepe est essentiel pour la équipe.
{Fans} estiment que Ronaldo est trop concentré sur son rôle et cherche à se positionner.
{Fans} se demandent si le capitaine est perdu et si il manque la grandeur des",100,8291,1,1,1,False,False,"en,fr,fr,fr,fr",1,99,99
85,fr,complex_prompts,head_zero_decode,"Here’s a summary of the fan reactions in French, adhering to your requirements:

{Fans} expressed concern about Ronaldo’s apparent lack of engagement with the current Portuguese team. “You can see the goat misses the old generation,” said one fan.

{Fans} also believed Ronaldo was struggling to adapt to the new team dynamic and felt he was lost listening. “Man is lost listening,” another fan commented.

{Fans} also voiced a desire for Pepe’s return, believing",100,8291,1,1,1,False,False,"en,en,en,en",1,99,99
86,de,okapi,clean,"Okay, here's a 500-700 word opinion article on Artificial Intelligence in German, aiming for a thoughtful and nuanced perspective. It’s written with a slightly critical, but ultimately optimistic, tone.  Please note that this is a draft – feel free to refine it further based on your specific voice and desired emphasis.

---

**Die Schatten der Intelligenz: Künstliche Intelligenz und die Zukunft der Menschheit**

Die rasante Entwicklung der Künstlichen Intelligen",100,19058,1,1,1,False,False,"en,de,de",0,0,0
86,de,okapi,target_word_mask,"Okay, here's a 500-700 word opinion article on Artificial Intelligence in German, aiming for a thoughtful and nuanced perspective. It’s written with a slightly critical, but ultimately optimistic, tone.  Please note that I’ve aimed for a natural German flow and included some vocabulary and phrasing that reflects a thoughtful discussion.

---

**Die Schatten der Intelligenz: Künstliche Intelligenz und die Zukunft unserer Gesellschaft**

Die rasante Entwicklung der Künstlichen Intelligen",100,19058,1,1,1,False,False,"en,de,de",1,99,99
86,de,okapi,nearby_word_mask,"Okay, here's a 500-700 word opinion article on Artificial Intelligence in German, aiming for a thoughtful and nuanced perspective. It’s written with a slightly critical, but ultimately optimistic, tone.  Please note that this is a draft – feel free to refine it further based on your specific voice and desired emphasis.

---

**Die Schatten der Intelligenz: Künstliche Intelligenz und die Zukunft der Menschheit**

Die rasante Entwicklung der Künstlichen Intelligen",100,19058,1,1,1,False,False,"en,de,de",1,99,99
86,de,okapi,control_head_word_mask,"Okay, here's a 500-700 word opinion article on Artificial Intelligence in German, aiming for a thoughtful and nuanced perspective. It’s written with a slightly critical, but ultimately optimistic, tone.  Please note that this is a draft – feel free to refine it further based on your specific voice and desired emphasis.

---

**Die digitale Revolution: Künstliche Intelligenz – Chancen und Gefahren für die Zukunft**

Die rasante Entwicklung der Künstlichen Intelligen",100,19058,1,1,1,False,False,"en,de,de",1,99,99
86,de,okapi,head_zero_decode,"Okay, here's an opinion article on Artificial Intelligence in German, aiming for a length of approximately 500-700 words. Please note that this is a draft, and it could be refined further based on your specific needs and preferences.

---

**The Double-Edged Sword: Artificial Intelligence – A Future We Need to Shape**

**The Rise of the Machines: Examining the Impact of Artificial Intelligence**

Artificial Intelligence (AI) is no longer a futuristic concept",100,19058,1,1,1,False,False,"en,en,en,en",1,99,99
87,fr,okapi,clean,"Okay, here’s a creative story in French, aiming for a slightly melancholic, atmospheric tone, with a touch of magical realism. It’s approximately 700 words. I’ve included a translation below for your reference.

---

**Le Chant des Étoiles Éteintes**

Le vent de la Plage d’Argent, un souffle constant et froid, s’infiltrait dans les murs de la vieille maison de pierre, “L’Écho",100,19058,1,1,1,False,False,"en,fr,fr",0,0,0
87,fr,okapi,target_word_mask,"Okay, here’s a creative story in French, aiming for a slightly melancholic, atmospheric feel, with a touch of magical realism. It’s approximately 700 words. I’ve included a translation below for your reference.

---

**Le Chant des Étoiles Éteintes**

Le vent de la Plage d’Argent s’était calmé, mais il portait toujours un parfum de sel et de regrets.  Je me tenais sur le bord",100,19058,1,1,1,False,False,"en,fr,fr",1,99,99
87,fr,okapi,nearby_word_mask,"Okay, here’s a creative story in French, aiming for a slightly melancholic, atmospheric tone, with a touch of magical realism. It’s approximately 700 words. I’ve included a translation below for your reference.

---

**Le Chant des Étoiles Éteintes**

Le vent de la Plage d’Argent, un souffle constant et froid, s’infiltrait dans les murs de la vieille maison de pierre, “L’Écho",100,19058,1,1,1,False,False,"en,fr,fr",1,99,99
87,fr,okapi,control_head_word_mask,"Okay, here’s a creative story in French, aiming for a slightly melancholic, atmospheric tone, with a touch of magical realism. It’s approximately 700 words. I’ve included a translation below for your reference.

---

**Le Chant des Étoiles Éteintes**

Le vent de la Plage d’Argent, un souffle constant et froid, s’infiltrait dans les murs de la vieille maison de pierre, “L’Écho",100,19058,1,1,1,False,False,"en,fr,fr",1,99,99
87,fr,okapi,head_zero_decode,"Okay, here’s a creative story in French, aiming for a slightly melancholic and atmospheric tone. Please read the translation below, and let me know if you’d like me to revise or adjust anything!

---

**Le Chant des Vieux Oliviers**

The rain in the village of Saint-Luc had a peculiar quality – a constant, mournful drizzle that seemed to seep into the very stones. It was late autumn, and the air hung heavy with the scent of damp earth",100,19058,1,1,1,False,False,"en,fr,en",1,99,99
88,it,sharegpt,clean,"Okay, here's a summary of the architecture design in ""Deep-Aligned Convolutional Neural Network for Skeleton-Based Action Recognition and Segmentation"" in Italian, aiming for clarity and accuracy.  It's a fairly detailed paper, so this will be a substantial summary.

---

**Riassunto dell'Architettura del Network Deep-Allineato per la Riconoscimento e Segmentazione di Azioni Basato su Skeleton**

Il paper presenta un nuovo network di deep learning",100,19058,1,1,1,False,False,"en,it,it",0,0,0
88,it,sharegpt,target_word_mask,"Okay, here's a summary of the architecture design in ""Deep-Aligned Convolutional Neural Network for Skeleton-Based Action Recognition and Segmentation"" in Italian, aiming for clarity and accuracy.  It's a fairly detailed paper, so this will be a substantial summary.

---

**Riassunto dell'Architettura del Network (Deep-Aligned Convolutional Neural Network for Skeleton-Based Action Recognition and Segmentation)**

Il paper presenta un nuovo approccio per la riconoscimento e la segmentazione",100,19058,1,1,1,False,False,"en,en,it",1,99,99
88,it,sharegpt,nearby_word_mask,"Okay, here's a summary of the architecture design in ""Deep-Aligned Convolutional Neural Network for Skeleton-Based Action Recognition and Segmentation"" in Italian, aiming for clarity and accuracy.  It's a fairly detailed paper, so this will be a substantial summary.

---

**Riassunto dell'Architettura del Network Deep-Allineato per la Riconoscimento e Segmentazione di Azioni Basato su Skeleton**

Il paper presenta un nuovo network di deep learning",100,19058,1,1,1,False,False,"en,it,it",1,99,99
88,it,sharegpt,control_head_word_mask,"Okay, here's a summary of the architecture design in ""Deep-Aligned Convolutional Neural Network for Skeleton-Based Action Recognition and Segmentation"" in Italian, aiming for clarity and accuracy.  It's a fairly detailed paper, so this will be a substantial summary.

---

**Riassunto dell'Architettura del Network Deep-Allineato per la Riconoscimento e Segmentazione di Azioni Basato su Skeleton**

Il paper presenta un nuovo network di deep learning",100,19058,1,1,1,False,False,"en,it,it",1,99,99
88,it,sharegpt,head_zero_decode,"Okay, here's a summary of the architecture design in ""Deep-Aligned Convolutional Neural Network for Skeleton-Based Action Recognition and Segmentation"" in Italian, aiming for a clear and comprehensive understanding:

**Summary of the Architecture Design**

The paper introduces a novel deep-learning architecture, dubbed ""Deep-Aligned Convolutional Neural Network,"" designed for action recognition and segmentation using skeleton data.  Here's a breakdown of the key components:

* **Skeleton Representation:** The system leverages a",100,19058,1,1,1,False,False,"en,en,en,en",1,99,99
89,de,complex_prompts,clean,"Okay, here’s a summary of the Harry Potter series in German, under 300 words, and then a list of the names:

**Harry Potter – Eine kurze Zusammenfassung**

Die Geschichte beginnt mit Harry Potter, einem jungen, unglücklichen Jungen, der in einem kleinen Dorf in der englischen Landschaft aufwächst. Sein Leben ändert sich, als er entdeckt, dass er eine besondere Verbindung zu einem alten, mysteriösen Wesen hat – einem Dr",100,19058,1,1,1,False,False,"en,de,de",0,0,0
89,de,complex_prompts,target_word_mask,"Okay, here’s a summary of the Harry Potter series in German, under 300 words, and then a list of the names:

**Harry Potter – Eine Zusammenfassung**

Die Geschichte beginnt mit Harry Potter, einem jungen, unbedachten Jungen, der in einem kleinen Dorf in Surrey, England, aufwächst. Sein Leben ändert sich, als er entdeckt, dass er eine besondere Verbindung zu einem alten, mysteriösen Wesen hat – ein Kind der Dunk",100,19058,1,1,1,False,False,"en,de,de",1,99,99
89,de,complex_prompts,nearby_word_mask,"Okay, here’s a summary of the Harry Potter series in German, under 300 words, and then a list of the names:

**Harry Potter – Eine kurze Zusammenfassung**

Die Geschichte beginnt mit Harry Potter, einem jungen, unglücklichen Jungen, der in einem kleinen Dorf in der englischen Landschaft aufwächst. Sein Leben ändert sich, als er entdeckt, dass er eine besondere Verbindung zu einem alten, mysteriösen Wesen hat – einem Dr",100,19058,1,1,1,False,False,"en,de,de",1,99,99
89,de,complex_prompts,control_head_word_mask,"Okay, here’s a summary of the Harry Potter series in German, under 300 words, and then a list of the names:

**Harry Potter – Eine kurze Zusammenfassung**

Die Geschichte beginnt mit Harry Potter, einem jungen, unbedachten Jungen, der in einem kleinen Dorf in England aufwächst. Er wird von einem mysteriösen Mann namens Dumbledore, der ihm eine alte, vergilbte Karte schenkt, die ihn zu einer außergewöhnlichen",100,19058,1,1,1,False,False,"en,de,de",1,99,99
89,de,complex_prompts,head_zero_decode,"Okay, here’s a summary of the Harry Potter series in German, under 300 words, avoiding the specified words and then listing the names:

**Harry Potter Series Summary (German)**

The story begins with Harry Potter, an orphaned boy living a miserable life with his cruel relatives. He discovers on his eleventh birthday that he is a descendant of a long line of magical protectors and is invited to attend Hogwarts School of Witchcraft and Wizardry.  He quickly learns that he is",100,19058,1,1,1,False,False,"en,en,en",1,99,99
90,fr,okapi,clean,"Okay, here’s a 500-word horror story in French, aiming for a slightly unsettling and atmospheric feel. It’s written with a focus on building dread and psychological unease.  Please read the explanation at the end before you read the story itself.

---

**Le Chant de la Pierre**

Le vent hurlait, un loup solitaire qui s’enfonçait dans les ruelles de Saint-Germain-des-Prés. La pluie,",100,19058,1,1,1,False,False,"en,fr,fr",0,0,0
90,fr,okapi,target_word_mask,"Okay, here’s a 500-word horror story in French, aiming for a slightly unsettling and atmospheric feel. It’s written with a focus on building dread and psychological unease.  Please read the explanation at the end before you read the story itself.

---

**Le Chant de la Pierre**

Le vent hurlait, un loup solitaire qui s’enfonçait dans les ruelles de Saint-Germain-des-Prés. La pluie,",100,19058,1,1,1,False,False,"en,fr,fr",1,99,99
90,fr,okapi,nearby_word_mask,"Okay, here’s a 500-word horror story in French, aiming for a slightly unsettling and atmospheric feel. It’s written with a focus on building dread and psychological unease.  Please read the explanation at the end before you read the story itself.

---

**Le Chant de la Pierre**

Le vent hurlait, un loup solitaire qui s’enfonçait dans les ruelles de Saint-Germain-des-Prés. La pluie,",100,19058,1,1,1,False,False,"en,fr,fr",1,99,99
90,fr,okapi,control_head_word_mask,"Okay, here’s a 500-word horror story in French, aiming for a slightly unsettling and atmospheric feel. It’s written with a focus on building dread and psychological unease.  Please read the explanation at the end before you read the story itself.

---

**Le Chant de la Pierre**

Le vent hurlait, un loup solitaire qui s’enfonçait dans les ruelles de Saint-Germain-des-Prés. La pluie,",100,19058,1,1,1,False,False,"en,fr,fr",1,99,99
90,fr,okapi,head_zero_decode,"Okay, here's a 500-word horror story in French, followed by a translation.

**French Story:**

The rain hammered against the windows of the Blackwood Manor, a relentless, mournful drumming. I’d inherited it from my estranged grandfather, Silas Blackwood, a man shrouded in rumors and whispers of a dark past. The house itself felt cold, a damp, oppressive weight against my skin. I’d come to clear out the estate, hoping to",100,19058,1,1,1,False,False,"en,en",1,99,99
91,fr,okapi,clean,"Okay, here’s a 500-word report summarizing the article “The Impact of Brexit on the United Kingdom,” written in French. It aims for a balanced and informative tone, reflecting a typical analysis of the topic.  Please note that this is a general summary; the specific nuances of the article will depend on the exact content of the original piece.

---

**L'Impact de la Brexit sur le Royaume-Uni : Une Analyse Complète**

L'article """,100,19058,1,1,1,False,False,"en,fr",0,0,0
91,fr,okapi,target_word_mask,"Okay, here’s a 500-word report summarizing the article “The Impact of Brexit on the United Kingdom,” written in French. It aims for a balanced and informative tone, reflecting a typical analysis of the topic.  Please note that this is a general summary; a full report would require a deeper dive into the specific nuances of the article itself.

---

**L'Impact de la Brexit sur le Royaume-Uni : Une Analyse Approfondie**

L'article",100,19058,1,1,1,False,False,"en,fr",1,99,99
91,fr,okapi,nearby_word_mask,"Okay, here’s a 500-word report summarizing the article “The Impact of Brexit on the United Kingdom,” written in French. It aims for a balanced and informative tone, reflecting a typical analysis of the topic.  Please note that this is a general summary; the specific nuances of the article will depend on the exact content of the original piece.

---

**L'Impact de la Brexit sur le Royaume-Uni : Une Analyse Complète**

L'article """,100,19058,1,1,1,False,False,"en,fr",1,99,99
91,fr,okapi,control_head_word_mask,"Okay, here’s a 500-word report summarizing the article “The Impact of Brexit on the United Kingdom,” written in French. It aims for a balanced and informative tone, reflecting a typical analysis of the topic.  Please note that this is a general summary; the specific nuances of the article will depend on the exact content of the original piece.

---

**L'Impact de la Brexit sur le Royaume-Uni : Une Analyse Complète**

L'article """,100,19058,1,1,1,False,False,"en,fr",1,99,99
91,fr,okapi,head_zero_decode,"Okay, here's a 500-word report summarizing the article ""The Impact of Brexit on the United Kingdom,"" written in French.  Please note that this is a translation and interpretation, aiming for a professional and informative tone.

---

**Le Impact de la Brexit sur le Royaume-Uni**

**Report Summary**

The article ""The Impact of Brexit on the United Kingdom"" examines the multifaceted and increasingly significant consequences of the United Kingdom’s withdrawal from the European Union",100,19058,1,1,1,False,False,"en,fr,en",1,99,99
92,de,complex_prompts,clean,"Okay, here's a TSV file containing information about the travelling exhibits of the Metropolitan Museum of Art (Met) between 1990 and 2000.  I've aimed for a comprehensive listing, including subject matter and curator.  **Please note:** This is a substantial amount of data.  It's designed to be a starting point, and you'll likely need to adjust it based on the specific details you require.  I've used a",100,19058,1,1,1,False,False,en,0,0,0
92,de,complex_prompts,target_word_mask,"Okay, here's a TSV file containing information about the travelling exhibits of the Met Museum between 1990 and 2000.  I've aimed for a comprehensive listing, including subject matter and curator.  **Please note:** This is a substantial amount of data.  It's designed to be a starting point, and you'll likely need to adjust it based on the specific details you need.  I've used a relatively simple format for TS",100,19058,1,1,1,False,False,en,1,99,99
92,de,complex_prompts,nearby_word_mask,"Okay, here's a TSV file containing information about the travelling exhibits of the Metropolitan Museum of Art (Met) between 1990 and 2000.  I've aimed for a comprehensive listing, including subject matter and curator.  **Please note:** This is a substantial amount of data.  It's designed to be a starting point, and you'll likely need to adjust it based on the specific details you require.  I've used a",100,19058,1,1,1,False,False,en,1,99,99
92,de,complex_prompts,control_head_word_mask,"Okay, here's a TSV file containing information about the travelling exhibits of the Metropolitan Museum of Art (Met) between 1990 and 2000.  I've aimed for a comprehensive listing, including subject matter and curator.  **Please note:** This is a substantial amount of data.  It's designed to be a starting point, and you'll likely need to adjust it based on the specific details you require.  I've used a",100,19058,1,1,1,False,False,en,1,99,99
92,de,complex_prompts,head_zero_decode,"Okay, here's a TSV file containing a list of travelling exhibits held by the Met (Musée d'Art Moderne) between 1990 and 2000, formatted as requested.  I've aimed for a comprehensive list, but it's a large file.  You can copy and paste this directly into a text file and save it with a `.tsv` extension.

```tsv
Exhibit Title,Subject Matter,Curator
""The Art",100,19058,1,1,1,False,False,en,1,99,99
93,de,okapi,clean,"Okay, here's a sample essay in German on the topic of Artificial Intelligence, aiming for approximately 500 words. It’s written with a reasonable level of complexity and aims to be informative and thoughtful.  Please note that this is a draft – feel free to adjust it to better suit your specific needs and desired tone.

---

**Künstliche Intelligenz: Eine Chance oder eine Bedrohung?**

Die rasante Entwicklung der Künstlichen Intelligenz (KI)",100,19058,1,1,1,False,False,"en,de,de",0,0,0
93,de,okapi,target_word_mask,"Okay, here's a sample essay in German on the topic of Artificial Intelligence, aiming for approximately 500 words. It’s written with a reasonable level of complexity and aims to be informative and thoughtful.  Please note that I’ve aimed for a style suitable for a university-level essay, incorporating some nuanced language.

---

**Die Zukunft der Intelligenz: Eine Betrachtung über Künstliche Intelligenz**

Künstliche Intelligenz (KI) hat sich in den",100,19058,1,1,1,False,False,"en,de,de",1,99,99
93,de,okapi,nearby_word_mask,"Okay, here's a sample essay in German on the topic of Artificial Intelligence, aiming for approximately 500 words. It’s written with a reasonable level of complexity and aims to be informative and thoughtful.  Please note that this is a draft – feel free to adjust it to better suit your specific needs and desired tone.

---

**Künstliche Intelligenz: Eine Chance oder eine Bedrohung?**

Die rasante Entwicklung der Künstlichen Intelligenz (KI)",100,19058,1,1,1,False,False,"en,de,de",1,99,99
93,de,okapi,control_head_word_mask,"Okay, here's a sample essay in German on the topic of Artificial Intelligence, aiming for approximately 500 words. It’s written with a reasonable level of complexity and aims to be informative and thoughtful.  Please note that this is a draft – feel free to adjust it to better suit your specific needs and desired tone.

---

**Die Künstliche Intelligenz: Eine Chance oder eine Bedrohung?**

Die rasante Entwicklung der Künstlichen Intelligenz (KI)",100,19058,1,1,1,False,False,"en,de,de",1,99,99
93,de,okapi,head_zero_decode,"Okay, here’s a sample essay in German, approximately 500 words, on the topic of Artificial Intelligence, incorporating a nuanced perspective. Please note that this is a draft, and it may require some adjustments to fit your specific needs and style.

---

**Artificial Intelligence: A Double-Edged Sword**

Artificial intelligence (AI) is rapidly transforming our world, sparking both excitement and concern. It’s no longer a futuristic fantasy; it’s a present reality,",100,19058,1,1,1,False,False,"en,en,en",1,99,99
94,fr,complex_prompts,clean,"Voici une phrase résumant le sujet de l’album Speak Now (Taylor’s Version) :

L’album Speak Now (Taylor’s Version) est une re-enregistrement fidèle des arrangements et des paroles de l’album original, mais Swift a évolué en tant que chanteuse, passant d’une optimism naïve à une nuance et à une prudence plus profonde, et ses chansons expriment un sentiment de fatigue généralisée de l’âge adulte.

Here’s a",100,129930,1,1,1,False,True,"fr,fr",0,0,0
94,fr,complex_prompts,target_word_mask,"Voici une phrase résumant le sujet de l’album Speak Now (Taylor’s Version) :

L’album Speak Now (Taylor’s Version) est une re-enregistrement fidèle des arrangements et des paroles de l’original, mais Swift a évolué en tant que chanteuse, passant d’une optimism naïve à une nuance et à une prudence plus profonde, et ses chansons explorent davantage la mélancolie et la fatigue de l’âge adulte.

Here’s",100,129930,1,1,1,False,True,"fr,fr",1,99,99
94,fr,complex_prompts,nearby_word_mask,"Voici une phrase résumant le sujet de l’album Speak Now (Taylor’s Version) :

L’album Speak Now (Taylor’s Version) est une re-enregistrement fidèle des arrangements et des paroles de l’album original, mais Swift a évolué en tant que chanteuse, passant d’une optimism naïve à une nuance et à une prudence plus profonde, et ses chansons expriment un sentiment de fatigue généralisée de l’âge adulte.

Here’s a",100,129930,1,1,1,False,True,"fr,fr",1,99,99
94,fr,complex_prompts,control_head_word_mask,"Voici une phrase résumant le sujet de l’album Speak Now (Taylor’s Version) :

L’album Speak Now (Taylor’s Version) est une re-enregistrement fidèle des arrangements et des paroles de l’album original, mais Swift a évolué en tant que chanteuse, passant d’une optimism naïve à une nuance et à une prudence plus profonde, et ses chansons expriment un sentiment de fatigue généralisée de l’âge adulte.

Here’s a",100,129930,1,1,1,False,True,"fr,fr",1,99,99
94,fr,complex_prompts,head_zero_decode,"Voici la réponse en français :

Après cette phrase, voici les titres de la chanson mentionnés dans le texte en ordre alphabétique :

*   Lover’s “Death by a Thousand Cuts”
*   Reputation’s “Dress”
*   (Aucun autre titre n’est mentionné dans le texte)",70,129930,1,1,1,False,False,"fr,fr,en,fr",1,69,69
95,it,okapi,clean,"Okay, here's a blog post about Machine Learning in Italian, aiming for a good balance of explanation, accessibility, and engagement. It’s approximately 600 words and includes some imagery and a conversational tone.

---

**Machine Learning: Il Futuro è Già Qui (e lo Stiamo Costruendo)**

Ciao a tutti!  Se siete qui, probabilmente siete interessati a qualcosa di nuovo e in rapida evoluzione: il **Machine Learning (ML)**",100,19058,1,1,1,False,False,"en,it,it",0,0,0
95,it,okapi,target_word_mask,"Okay, here's a blog post about Machine Learning in Italian, aiming for a good balance of explanation, accessibility, and engagement. It’s approximately 600 words and includes some imagery and a conversational tone.

---

**Il Futuro è Già Qui: Scopri il Potere della Machine Learning**

(Image: A visually appealing graphic – perhaps a stylized neural network or a robot hand interacting with data)

For years, the idea of artificial intelligence felt like something",100,19058,1,1,1,False,False,"en,it,en,en",1,99,99
95,it,okapi,nearby_word_mask,"Okay, here's a blog post about Machine Learning in Italian, aiming for a good balance of explanation, accessibility, and engagement. It’s approximately 600 words and includes some imagery and a conversational tone.

---

**Machine Learning: Il Futuro è Già Qui (e lo Stiamo Costruendo)**

Ciao a tutti!  Se siete qui, probabilmente siete interessati a qualcosa di nuovo e in rapida evoluzione: il **Machine Learning (ML)**",100,19058,1,1,1,False,False,"en,it,it",1,99,99
95,it,okapi,control_head_word_mask,"Okay, here's a blog post about Machine Learning in Italian, aiming for a good balance of explanation, accessibility, and engagement. It’s approximately 600 words and includes some imagery and a conversational tone.

---

**Machine Learning: Il Futuro è Già Qui (e lo Stiamo Costruendo)**

Ciao a tutti!  Se siete qui, probabilmente siete interessati a qualcosa di nuovo e in rapida evoluzione: il **Machine Learning (ML)**",100,19058,1,1,1,False,False,"en,it,it",1,99,99
95,it,okapi,head_zero_decode,"Okay, here's a blog post about machine learning in Italian, aiming for a depth of around 500 words.  Please read the entire text below, and let me know if you'd like me to make any adjustments or additions!

---

**Machine Learning: Unlocking the Power of Data**

**Machine Learning: A Revolution in the Making**

The world is increasingly driven by data. From personalized recommendations on streaming services to medical diagnoses aided by AI, machine learning",100,19058,1,1,1,False,False,"en,en,en,en",1,99,99
